population,households,median_income,median_house_value,total_bedrooms,latitude,longitude,housing_median_age,,,
970,384,38542,82100,433,36.110297100000004,-79.4395788,50,,,
1019,383,30625,107900,429,36.0734185,-79.4065332,42,,,
1040,552,19318,90800,592,36.0741823,-79.3940845,52,,,
1690,693,30478,81800,693,36.080374299999995,-79.3956256,57,,,
424,232,20667,74800,257,36.0993598,-79.4265346,61,,,
1099,405,24913,70700,527,36.088481099999996,-79.42369,64,,,
1146,385,35625,79800,434,36.088959700000004,-79.4121098,62,,,
999,361,55875,113300,400,36.2182327,-79.2795166,27,,,
1273,504,43750,110500,581,36.2042117,-79.3043245,33,,,
1380,535,52583,141200,535,36.135409499999994,-79.5054593,24,,,
2150,717,58322,145300,755,36.1093217,-79.5255902,20,,,
1792,754,36786,139600,790,36.143659299999996,-79.4004744,53,,,
945,443,58098,206900,459,36.2177578,-79.4015592,44,,,
1414,552,69868,165400,593,36.215377200000006,-79.4863698,25,,,
1138,408,52083,113800,440,36.1938775,-79.5066461,38,,,
1695,568,33056,85600,623,36.114519,-79.4209419,44,,,
2866,998,45612,132800,1026,36.1290602,-79.4352637,38,,,
3062,506,56538,280800,506,36.1183311,-79.5027351,26,,,
895,446,78125,237900,446,36.0475432,-79.2749703,27,,,
2685,935,53906,153600,992,36.04411270000001,-79.3189482,26,,,
2764,965,36746,89200,982,36.0899761,-79.3879819,39,,,
1078,421,,9999,434,36.1128804,-79.4081569,37,,,
1068,347,32786,,435,36.10188529999999,-79.4130232,56,,,
1882,781,37569,102400,854,36.1139331,-79.3680013,40,,,
1224,458,29833,115200,531,36.0757433,-79.3565903,52,,,
1136,445,47679,167800,504,35.868880100000005,-79.4406271,35,,,
1522,596,61500,151800,652,36.0133874,-79.3826015,33,,,
2005,706,76048,203600,794,35.9706785,-79.3706321,24,,,
1034,478,59667,158100,588,35.9384862,-79.39136,34,,,
1665,673,51194,122100,716,35.919034100000005,-79.3395123,21,,,
649,291,49450,147200,323,35.9081496,-79.2840592,31,,,
2152,841,61932,135900,892,35.8648152,-79.3221879,20,,,
1060,492,41008,132100,560,35.97873,-79.3004464,28,,,
1808,706,64286,214900,750,36.020843,-79.3517007,40,,,
2236,889,61042,155000,889,35.9925369,-79.3213316,21,,,
1781,723,48281,163500,758,36.014390500000005,-79.2788163,24,,,
1375,540,54375,137000,585,35.934391299999994,-79.280941,23,,,
630,444,45833,156900,444,36.08432379999999,-79.5212086,29,,,
1652,311,,,311,36.101857700000004,-79.504516,25,,,
2694,976,95000,343800,986,36.0881757,-79.5056871,23,,,
3029,1352,71646,266600,1366,36.0441135,-79.5126227,13,,,
3220,1399,48598,197500,1432,36.0743638,-79.5183208,19,,,
1421,541,54659,217900,593,35.98650870000001,-79.5056476,45,,,
859,388,39000,136800,466,35.9365201,-79.4991098,39,,,
1707,691,54886,150200,754,35.939036,-79.4437274,34,,,
1817,705,37656,148700,735,35.8874528,-79.5116931,33,,,
1388,663,29492,149400,688,36.099124700000004,-79.4483765,67,,,
952,506,45000,167200,630,36.0922109,-79.4507937,73,,,
1007,380,18182,,380,36.083537400000004,-79.4454912,59,,,
492,283,29875,104300,335,36.093869500000004,-79.4366101,2018,,,
2231,889,45446,153300,1071,36.1185305,-79.4787097,27,,,
1325,547,57708,157400,588,36.105154399999996,-79.4792253,38,,,
2771,1035,32276,122300,1133,36.114312700000006,-79.4516953,30,,,
651,232,36641,60400,258,36.1035555,-79.4405978,64,,,
800,247,27139,74700,247,36.1096227,-79.4602229,54,,,
891,391,71107,201200,391,36.0956641,-79.4825504,49,,,
956,423,89680,260400,450,36.0922418,-79.4903918,53,,,
1313,566,89444,215700,620,36.085411,-79.4751228,51,,,
745,294,54653,85500,294,36.1039902,-79.4587156,64,,,
1788,915,62132,167000,1003,36.0941794,-79.4652879,53,,,
912,485,55891,104000,551,36.078729200000005,-79.4871056,21,,,
1163,606,35588,148200,674,36.0759593,-79.470947,40,,,
1561,584,,165900,624,36.0623593,-79.4810442,18,,,
1251,602,44247,138600,646,36.0778925,-79.4581525,56,,,
1099,600,38654,113000,600,36.0736811,-79.4512964,42,,,
1238,429,25565,123600,535,36.056576,-79.4625633,19,,,
828,293,45813,113000,336,36.0673755,-79.4337258,52,,,
574,313,21172,,313,36.0866571,-79.4314481,61,,,
1622,631,29433,78000,696,36.0837529,-79.4356526,63,,,
593,254,,,301,36.07819979999999,-79.4248183,57,,,
653,361,24273,54800,431,36.0806445,-79.4176261,56,,,
1036,545,36681,101100,551,36.0663562,-79.4071378,62,,,
1003,415,44821,119700,460,36.0542266,-79.4072166,41,,,
1990,813,56553,159200,813,36.0295019,-79.4190372,20,,,
1554,636,55972,166000,675,36.0365091,-79.4036694,32,,,
1717,722,45671,130200,776,36.0659711,-79.371313,36,,,
494,202,25900,134700,223,36.0626783,-79.3874283,59,,,
983,406,16216,145600,406,36.0563564,-79.3894359,27,,,
1044,499,39271,169600,513,36.0324933,-79.3778864,37,,,
897,428,45357,149600,496,36.0529823,-79.332356,27,,,
1644,679,50825,213300,721,36.082118900000005,-79.2661663,32,,,
3948,1570,41399,192300,1671,36.0638928,-79.2866546,16,,,
2510,905,62036,183400,989,36.086878600000006,-79.3000921,17,,,
1404,597,36639,181500,754,36.0918844,-79.2771877,50,,,
1686,632,49583,153400,715,36.10206779999999,-79.267197,49,,,
1523,542,102500,265000,564,36.1330375,-79.2806184,21,,,
1458,564,46000,148000,588,36.1647999,-79.4822778,37,,,
1342,574,98929,272000,622,36.0928125,-79.5357224,24,,,
1501,561,41563,86900,668,36.10123529999999,-79.4005162,60,,,
1534,556,48641,96300,608,36.09909879999999,-79.3914377,52,,,
2441,933,35417,78200,1007,36.113982899999996,-79.3329625,43,,,
1260,470,29052,67400,624,36.094959499999995,-79.4202312,65,,,
1484,550,52500,158000,649,36.2019636,-79.3532252,26,,,
958,437,42417,114000,480,36.1588973,-79.5190222,38,,,
926,332,46439,156300,356,36.168032700000005,-79.4472556,24,,,
781,321,26613,,350,36.107535,-79.428617,61,,,
619,195,29188,,299,36.1031513,-79.4258333,57,,,
1318,536,110921,216100,553,36.099434,-79.5280922,24,,,
2057,768,53788,172800,848,36.0925818,-79.5172384,28,,,
2179,935,68750,198600,1018,36.014537700000005,-79.4722399,48,,,
1979,802,45750,113900,833,35.9708914,-79.4547757,23,,,
837,337,42044,143200,430,36.07148970000001,-79.4827722,48,,,
1121,646,37927,119900,774,36.069547,-79.4607082,37,,,
782,409,46131,146000,486,36.0397429,-79.4493846,35,,,
1508,485,23977,109700,536,36.0752756,-79.4308761,29,,,
1155,518,34167,89000,571,36.0719305,-79.420369,54,,,
1677,537,54861,165200,570,36.0525169,-79.4245499,25,,,
342,168,37500,89500,289,36.0746165,-79.3807681,54,,,
1409,529,48839,155300,557,36.047635,-79.3831212,31,,,
586,300,88875,200700,361,36.0816793,-79.2767421,26,,,
1183,433,58266,166000,461,36.083760999999996,-79.329056,25,,,
1908,718,57012,149200,801,36.1053504,-79.2949549,42,,,
844,405,41193,147700,443,36.1568634,-79.3228336,31,,,
2031,687,47526,127200,782,35.887506099999996,-81.3031767,32,,,
460,200,32386,126500,335,35.9485543,-81.1163131,38,,,
1004,404,52603,98700,497,35.993708000000005,-81.1167854,37,,,
541,271,,134100,346,35.9541821,-81.2061982,34,,,
2165,842,42389,141400,978,35.9674602,-81.2822369,31,,,
1049,442,35234,114000,479,35.8390662,-81.272859,33,,,
2033,589,64776,171900,725,35.8498427,-81.3252758,36,,,
1543,731,61016,217800,833,35.8180279,-81.3220179,32,,,
1042,407,27535,110300,522,35.9077002,-81.081056,37,,,
3054,1043,47596,127300,1164,35.836536100000004,-81.1033593,30,,,
3262,770,42310,104700,915,35.848642100000006,-81.1528811,28,,,
1311,545,44519,131100,590,35.8651092,-81.2013391,30,,,
1569,685,74875,214000,866,35.830860799999996,-81.2411635,25,,,
1576,491,44375,116500,632,35.9407285,-81.2046194,44,,,
1740,673,39222,108600,757,35.9174676,-81.1398159,36,,,
1287,551,24596,89700,653,35.9100235,-81.1732246,34,,,
1121,383,29297,128500,449,35.9399786,-81.1797076,29,,,
967,383,48125,177400,467,35.912202799999996,-81.2111912,26,,,
1018,483,34351,112200,620,35.8935399,-81.2619487,34,,,
1627,620,56339,107300,767,35.968062100000004,-81.0430726,31,,,
1246,469,52532,117600,552,36.0123739,-81.1683876,50,,,
1990,856,78654,210500,996,35.812521999999994,-81.2799984,31,,,
1493,535,33047,111600,646,35.89376420000001,-81.1128145,32,,,
1990,662,35549,78500,828,35.8704516,-81.051536,50,,,
1083,513,36597,115700,815,36.486704100000004,-81.24398,39,,,
811,385,35551,96300,895,36.410162899999996,-81.2002818,34,,,
905,315,30917,85200,406,36.5040208,-81.1542939,43,,,
1099,483,30938,111800,611,36.4893563,-81.1322988,46,,,
1028,409,33036,202900,537,36.5065204,-81.0857329,34,,,
888,323,52708,148100,1180,36.410068599999995,-81.0048953,35,,,
1005,478,47019,141700,766,36.5146451,-80.9608856,38,,,
1043,461,39552,169100,811,36.542944,-81.2357798,34,,,
1043,441,26473,145300,668,36.546681899999996,-81.1084343,41,,,
967,480,39773,78800,810,36.465022,-81.0450344,36,,,
1101,458,28750,114900,661,36.530928499999995,-81.0168835,35,,,
548,296,30172,120500,337,35.0252112,-79.9501844,40,,,
1117,463,55352,78900,624,34.923237799999995,-79.9300517,37,,,
1084,461,45655,76700,532,34.9731993,-79.9616307,47,,,
1867,720,36563,77100,872,35.0996781,-80.1049893,37,,,
2498,925,35545,105200,1036,35.0241256,-80.1862689,38,,,
2084,732,49323,147500,889,35.0212344,-80.2566601,41,,,
966,377,35634,103400,462,35.0087669,-80.0560549,41,,,
1133,413,40950,92100,456,35.0175464,-80.1176842,40,,,
1073,464,34255,59900,501,34.9393291,-80.1443472,31,,,
575,237,20950,,375,34.9676079,-80.0924173,46,,,
1240,504,39470,102000,565,34.92701829999999,-80.0363027,49,,,
1609,664,43750,111600,876,34.958708200000004,-80.0678817,53,,,
937,440,36842,62800,508,34.849386100000004,-79.9484507,38,,,
1450,707,27429,57900,934,34.8707994,-80.0403877,35,,,
842,433,45625,72100,619,35.125898600000006,-80.2419187,31,,,
2135,239,58942,135200,280,34.9495049,-80.2147609,38,,,
1305,438,25625,81300,519,34.9718061,-80.0612598,57,,,
1304,402,74024,92000,441,34.9500827,-80.0841297,44,,,
1539,601,41964,126900,768,34.867183399999995,-80.1913016,28,,,
1143,451,50653,140500,639,36.4785263,-81.5469916,35,,,
991,460,31875,122700,740,36.434752200000005,-81.6872547,34,,,
1555,681,40288,128500,820,36.509099600000006,-81.6445484,36,,,
1169,465,38977,95800,616,36.4436205,-81.5603804,34,,,
1317,685,40446,118600,792,36.374696899999996,-81.4929098,31,,,
1281,526,55313,169500,694,36.412932899999994,-81.5146589,42,,,
998,381,38750,200000,456,36.400737400000004,-81.487841,40,,,
1033,458,32959,115200,542,36.465767,-81.4656709,43,,,
699,404,27283,98600,559,36.4313311,-81.4830427,40,,,
1031,405,30707,194300,476,36.4467654,-81.4373837,41,,,
2000,836,61288,205400,1482,36.30569439999999,-81.532405,31,,,
1026,513,53496,174300,1061,36.3786124,-81.5840404,26,,,
425,193,,188300,432,36.3072428,-81.4519885,45,,,
895,464,34028,115900,655,36.5555138,-81.5627803,43,,,
1190,581,39604,205000,907,36.5528222,-81.4287418,33,,,
1624,735,37841,125700,1187,36.4807024,-81.3619794,31,,,
841,309,35795,120800,393,36.5236511,-81.5017463,47,,,
2012,899,29984,144700,1344,36.381186299999996,-81.4264834,36,,,
1250,527,49943,227400,840,36.4281714,-81.4139576,28,,,
1240,517,60612,180900,917,36.3283544,-81.4759041,24,,,
758,327,65536,,466,36.27793870000001,-81.4347215,26,,,
2308,988,41900,134000,1631,36.398838899999994,-81.3489861,26,,,
1578,743,48810,246400,1609,36.1576594,-81.8448542,32,,,
1373,291,57212,180200,781,36.1872141,-81.9059557,35,,,
929,381,68894,314700,2825,36.1130528,-81.8513571,33,,,
268,158,45286,63400,689,36.034378499999995,-81.8271643,29,,,
553,352,20313,144700,393,36.075782000000004,-81.9401455,39,,,
827,468,28400,163000,1836,36.062626200000004,-81.8985709,33,,,
1087,524,30000,97100,899,36.144966499999995,-81.9243891,37,,,
923,414,25833,132700,594,36.1047334,-81.9077959,39,,,
1004,425,58750,234800,661,36.1001697,-81.964513,40,,,
560,247,29408,98400,310,36.1760226,-81.9761651,47,,,
1051,497,33867,74700,632,36.116862,-82.0076484,35,,,
1200,479,31875,92300,672,36.0612449,-82.0224809,36,,,
3625,559,39922,168500,684,35.9660244,-82.0059696,37,,,
895,355,45069,127200,574,36.0293516,-81.9299911,45,,,
1064,457,40022,157300,591,35.99815460000001,-81.9710099,24,,,
564,237,,157400,416,36.2217172,-81.9335938,38,,,
2468,836,32267,119800,1055,35.6656136,-77.1336348,26,,,
1833,731,53646,146200,991,35.588109100000004,-77.1034293,36,,,
1770,713,27739,108900,803,35.5614451,-77.071995,49,,,
1196,475,32235,81900,527,35.540900799999996,-77.0378077,54,,,
932,421,22933,182200,496,35.5719562,-77.0526624,55,,,
1215,419,33628,66500,495,35.549447,-77.0452173,60,,,
456,213,20268,93200,213,35.5526493,-77.0552502,57,,,
1472,663,24095,73600,851,35.5200907,-76.9937551,42,,,
932,517,69315,191900,765,35.4909451,-76.9714371,41,,,
1000,455,38281,88700,559,35.5268032,-76.9857438,30,,,
1313,462,60972,128800,494,35.5510451,-76.8612002,38,,,
1502,677,58281,167500,1384,35.46708889999999,-76.7597523,44,,,
1145,444,42833,61200,749,35.3342602,-76.7311061,22,,,
576,268,32339,67700,379,35.2958279,-76.7902023,47,,,
1180,456,43548,94200,597,35.3984831,-77.0098648,39,,,
803,422,23314,81700,1004,35.36055579999999,-76.8946284,37,,,
2132,794,52604,142700,981,35.5188152,-77.0770087,42,,,
967,399,55912,,515,35.42726879999999,-77.134395,31,,,
1348,443,46583,81600,725,35.505443400000004,-77.1449447,33,,,
1332,531,,82100,600,35.653710100000005,-76.7336125,35,,,
432,247,30469,73200,412,35.552883200000004,-76.5540088,31,,,
1244,573,48325,89900,763,35.555046000000004,-76.732037,35,,,
778,335,22337,60700,454,35.549362200000004,-76.6156663,40,,,
2122,825,49201,142100,926,35.634630200000004,-76.9528614,28,,,
948,455,23560,132500,637,35.541568,-77.0523061,75,,,
2053,782,51325,232100,966,35.5615667,-77.0306512,31,,,
1532,706,64886,234500,911,35.5100744,-77.0050501,49,,,
3012,1122,50256,115600,1304,35.5582098,-76.9641067,38,,,
2154,935,58713,196100,1221,35.4912243,-76.8808266,33,,,
1005,339,38322,64300,462,35.2622452,-76.7735256,40,,,
965,472,,149400,926,35.4368357,-76.6325752,39,,,
2495,1092,73500,293000,1341,35.461267600000006,-77.0072021,22,,,
1509,528,28925,76400,615,35.4679742,-77.0903006,43,,,
654,249,42663,143000,370,35.5884059,-76.6202356,51,,,
768,326,44583,140000,439,35.5340234,-76.6070672,52,,,
1660,719,39078,83400,845,36.185245200000004,-77.0243199,34,,,
1125,504,30089,53200,650,36.0108101,-77.1129549,33,,,
1311,571,29943,53500,716,36.1948316,-77.1809987,37,,,
767,393,24115,136700,686,35.9599716,-76.7786339,28,,,
731,299,64240,85600,299,36.0539506,-76.9289679,40,,,
2104,409,30750,75700,514,35.9975767,-76.8822813,29,,,
872,406,26319,50900,528,35.8889928,-76.8612073,40,,,
792,372,22596,74900,471,35.971642700000004,-76.9737315,28,,,
879,413,54063,104200,544,36.1361171,-76.9147086,39,,,
1373,442,21582,69400,455,36.1832396,-76.8264719,41,,,
1130,472,41094,60600,509,36.0784007,-76.8406099,24,,,
1283,621,25701,85600,685,36.094103600000004,-77.0557832,34,,,
920,313,32448,68500,406,36.126102200000005,-77.2267977,41,,,
861,423,37784,156100,450,36.0017468,-76.9564398,60,,,
692,276,52031,111300,313,36.0115948,-76.9458973,46,,,
570,291,31131,89300,333,36.222089200000006,-76.7549517,45,,,
854,331,28177,70800,456,36.2235224,-77.1235417,48,,,
0,0,,,0,35.9808619,-76.6689579,,,,
1031,390,29000,82400,456,36.2140558,-76.9040992,41,,,
689,331,69375,139900,525,36.0998944,-76.7456745,18,,,
1152,494,50000,115100,784,34.626528,-78.3701915,25,,,
887,228,17266,76300,269,34.696772499999994,-78.5232306,29,,,
760,388,20526,,586,34.474169200000006,-78.2988448,25,,,
1174,492,28777,67600,654,34.7794396,-78.5141622,34,,,
1719,736,42632,82800,891,34.5890156,-78.8058785,34,,,
1639,679,26301,56500,832,34.5453885,-78.8017434,37,,,
714,269,29213,59300,269,34.518533399999995,-78.8404436,34,,,
609,285,26322,65800,436,34.5073016,-78.6879226,52,,,
928,346,26087,77500,362,34.436143,-78.5617944,33,,,
453,194,65893,157700,281,34.468325,-78.4654847,43,,,
807,424,15972,162600,466,34.535468200000004,-78.5032777,35,,,
1113,392,,90600,428,34.5164187,-78.621924,38,,,
1653,690,42326,106600,870,34.801710799999995,-78.6957698,33,,,
912,455,10664,,638,34.612776200000006,-78.6090976,35,,,
1292,504,61023,203400,504,34.6397101,-78.6575351,33,,,
618,260,58269,99500,260,34.6222722,-78.5897855,41,,,
1618,595,39632,111400,738,34.6807594,-78.7105113,31,,,
1360,549,31250,,602,34.63742070000001,-78.7369481,42,,,
1272,542,26520,75000,610,34.6393786,-78.792476,27,,,
1231,574,50192,135200,1604,34.6101552,-78.5120402,29,,,
1027,359,47310,84900,469,34.5302258,-78.7844781,48,,,
1165,603,29327,82400,625,34.5578959,-78.7316642,40,,,
668,211,68242,142500,300,34.498479100000004,-78.7710721,30,,,
817,341,27781,83500,400,34.490495200000005,-78.6464152,49,,,
1268,522,31786,74800,639,34.3998686,-78.3762466,36,,,
1573,702,29756,79400,801,34.6861326,-78.6270792,33,,,
719,357,,76000,497,34.622021000000004,-78.6209749,53,,,
844,315,47604,97100,352,34.5928661,-78.5826542,37,,,
1390,486,31483,72200,566,34.792692200000005,-78.8510874,27,,,
937,376,30402,94800,431,34.706927,-78.7635285,50,,,
1459,600,38333,90600,713,34.61929620000001,-78.6769515,39,,,
397,174,34357,97500,425,33.932973499999996,-78.3022928,36,,,
866,443,37583,,992,33.9426923,-78.340341,29,,,
1308,594,40962,,927,33.9238409,-78.3476507,24,,,
418,226,41092,177700,1106,33.9188907,-78.3263489,30,,,
1473,606,42500,138100,824,33.9814614,-78.3228524,30,,,
407,213,33646,,1012,33.936406899999994,-78.2765914,31,,,
1574,564,32500,107700,878,33.9849283,-78.2863666,25,,,
1867,915,67159,316900,1678,33.946281899999995,-78.583424,15,,,
1158,517,32306,78800,517,34.0288307,-78.5831255,26,,,
1051,342,38750,147400,442,33.977616999999995,-78.5780778,38,,,
2788,1059,34775,133800,1350,33.9313928,-78.4160165,18,,,
530,291,36595,197000,391,33.8964412,-78.5858548,29,,,
2256,976,64375,224800,1132,33.9551895,-78.3795845,28,,,
1723,687,57018,170100,1065,33.92369420000001,-78.5897239,16,,,
2982,1211,62311,170800,1640,33.9168127,-78.5653393,15,,,
1171,661,53914,207000,1057,33.9235927,-78.5297381,15,,,
406,194,70000,282400,864,33.9141327,-78.1081982,32,,,
296,143,65375,,513,33.9121003,-78.0980433,34,,,
281,144,77778,300000,666,33.9188019,-78.0950824,30,,,
783,303,47175,281800,679,33.9150171,-78.077018,32,,,
675,318,106786,375800,915,33.905869200000005,-78.0486559,28,,,
1207,532,43000,171800,1011,33.9221342,-78.2811093,28,,,
1849,764,81500,486600,870,33.935784999999996,-78.4682723,13,,,
1146,541,34702,161600,966,33.8813375,-78.5616569,28,,,
791,383,44046,190200,745,33.8833025,-78.53642,25,,,
658,346,71583,293900,1013,33.8996226,-78.5112498,19,,,
0,0,,,82,33.9059623,-78.4971155,14,,,
696,342,49107,160500,911,33.8887425,-78.5019939,26,,,
605,265,38309,139900,859,33.8937359,-78.4776126,29,,,
1151,513,39567,215400,789,33.921239899999996,-78.3873725,28,,,
1287,701,57236,241500,1441,33.9035291,-78.4165028,25,,,
424,178,96563,420600,1140,33.915595700000004,-78.265194,27,,,
129,55,73750,450000,399,33.9063034,-78.3649405,24,,,
459,205,92188,383800,1041,33.911986999999996,-78.3207687,30,,,
1404,525,40666,108600,555,34.2634027,-78.0253713,18,,,
3008,1062,42457,118200,1103,34.252579,-78.0140005,30,,,
1840,779,54549,162600,938,34.2367469,-78.0074689,34,,,
1710,642,59483,190700,741,34.2203487,-77.9951492,22,,,
2307,992,56250,172200,992,34.210011200000004,-78.0072602,14,,,
6535,2606,80517,284400,2910,34.1653706,-78.0015912,11,,,
1562,680,46250,136800,978,34.0501547,-77.981739,24,,,
1931,714,53611,169200,810,34.1520711,-78.0568792,18,,,
743,295,53438,159900,368,34.0921895,-78.0616413,30,,,
578,267,35725,139500,272,34.067778000000004,-78.0869558,36,,,
1621,687,31646,213000,830,34.0029901,-78.078975,17,,,
1841,705,57836,174000,754,34.019161100000005,-78.0443832,24,,,
1801,872,62973,339200,1084,33.9814967,-78.2168641,13,,,
4816,2392,100682,449200,2913,33.9443595,-78.1003055,13,,,
2776,1188,60337,201000,1604,33.9364287,-78.0782429,16,,,
2228,1098,59375,229700,1505,33.9292445,-78.0408146,16,,,
953,321,64861,291300,452,33.951224200000006,-77.9921571,25,,,
678,305,52019,314300,431,33.9250252,-78.0069763,33,,,
234,141,101875,764300,1220,33.90922379999999,-77.9958015,20,,,
1494,762,62250,263600,1443,33.924572600000005,-78.174609,25,,,
1578,767,60069,249600,1456,33.9210597,-78.1249435,24,,,
558,269,68393,322800,763,33.915319399999994,-78.1390695,31,,,
2589,1114,35741,89500,1293,34.323231,-78.071378,23,,,
4524,1890,57255,161400,2004,34.287313700000006,-78.093043,14,,,
2323,1070,50081,160900,1109,34.234143599999996,-78.0944627,16,,,
2919,1356,58839,212600,1636,34.2229768,-78.0446595,15,,,
3178,1316,75400,299500,1379,34.22606629999999,-78.0263507,,,,
255,130,60417,459500,1252,33.8696914,-78.5192351,27,,,
284,143,78250,561400,1105,33.893044700000004,-78.4336291,32,,,
203,97,116563,599400,872,33.8983308,-78.4066276,25,,,
2107,955,44092,120700,1070,34.2286261,-78.1649646,19,,,
1854,563,66745,117600,742,34.0863541,-78.4963032,35,,,
2888,1295,30288,128700,1752,34.06929,-78.3889582,26,,,
1277,539,34125,85800,599,34.252044500000004,-78.1218108,25,,,
492,214,70125,121100,229,34.16348120000001,-78.1433632,26,,,
1671,626,42574,122500,745,34.133001,-78.2376273,27,,,
3323,1168,43051,171600,1330,34.0182139,-78.1976448,21,,,
0,0,,,0,33.857347999999995,-78.547182,,,,
2435,829,61141,168200,925,34.0464474,-78.0561087,23,,,
1897,772,44136,169400,1250,33.9596152,-78.175475,30,,,
522,235,43625,302300,482,33.922756299999996,-78.0270038,28,,,
627,165,73542,212100,201,33.929846000000005,-78.0190857,36,,,
227,137,78750,470000,818,33.914050399999994,-78.2072778,32,,,
954,450,77500,189000,1180,33.922721200000005,-78.1507813,30,,,
1234,539,25258,154800,678,33.96136370000001,-78.3563102,32,,,
1365,430,30833,81900,845,33.9321815,-78.3191611,26,,,
996,467,26820,105900,693,33.9549216,-78.2873461,31,,,
1729,722,50773,218200,1135,33.9628319,-78.2492812,23,,,
2002,770,38500,128900,965,33.9888927,-78.5039079,25,,,
1143,539,56424,199200,650,33.914488399999996,-78.6066145,13,,,
1220,656,51120,181400,965,33.9045158,-78.576881,27,,,
562,263,76250,423500,739,33.9224305,-78.2558578,19,,,
1517,569,68508,317800,886,33.897069099999996,-78.5269253,21,,,
755,383,83542,269000,820,33.9069249,-78.4647659,18,,,
623,256,63977,281800,685,33.896514,-78.4538674,25,,,
157,93,72917,368800,1472,33.8825113,-78.4691191,26,,,
1499,786,23646,636700,965,35.594879999999996,-82.5532037,2018,,,
1426,591,32670,376000,653,35.6056351,-82.5724487,49,,,
789,353,64750,422500,421,35.6043959,-82.563407,2018,,,
1425,666,84342,361000,691,35.5815093,-82.5309895,50,,,
1158,539,54632,323900,564,35.5737908,-82.5447818,69,,,
1040,479,30614,304000,531,35.5873469,-82.5383674,55,,,
1653,669,20066,148600,704,35.571172,-82.5590102,43,,,
790,447,,202800,512,35.5862781,-82.5619687,45,,,
606,252,,213800,387,35.586153700000004,-82.5556045,47,,,
2018,782,53026,223300,930,35.5829632,-82.5731989,73,,,
1800,648,43542,258600,781,35.5708523,-82.5798815,57,,,
804,399,51467,289800,440,35.571782,-82.5723181,66,,,
1321,678,43243,238900,797,35.6040284,-82.5526648,2018,,,
1009,483,31853,,525,35.6037659,-82.5826799,44,,,
1250,676,36667,131800,717,35.5940675,-82.5831676,37,,,
2051,760,41953,184900,846,35.6009939,-82.6149173,34,,,
1129,532,88889,491100,727,35.6261783,-82.5385531,51,,,
681,417,52841,618100,440,35.610918100000006,-82.5443218,2018,,,
2350,976,44750,221900,1113,35.5477088,-82.5030942,27,,,
3183,1245,43026,195200,1430,35.5357332,-82.525301,33,,,
1444,733,45096,156000,808,35.5944846,-82.4719483,38,,,
1821,766,54415,252100,853,35.582491299999994,-82.4523637,33,,,
1732,684,42308,172600,788,35.606934499999994,-82.2967296,40,,,
1348,315,75038,263900,575,35.6379758,-82.2906495,44,,,
1488,711,47334,239600,1166,35.700607899999994,-82.3124706,41,,,
973,375,34014,186400,466,35.577279,-82.6017488,65,,,
2581,1076,44375,175000,1185,35.63115429999999,-82.5874345,50,,,
1253,389,36023,,483,35.5603032,-82.6128918,39,,,
1266,602,57013,191500,660,35.5704407,-82.6111217,61,,,
1027,431,57917,223200,431,35.5863258,-82.5994658,54,,,
2098,1025,38972,210700,1105,35.5810206,-82.4853663,54,,,
1739,970,49010,200300,1017,35.575356400000004,-82.5024297,34,,,
1394,658,39022,200000,766,35.590445200000005,-82.5453765,35,,,
1629,697,48295,323600,837,35.66672979999999,-82.562287,30,,,
2324,894,79524,353800,1000,35.6274203,-82.5619283,59,,,
1183,474,69531,595500,562,35.637139399999995,-82.560329,61,,,
2244,1150,24856,148000,1264,35.5684821,-82.525457,45,,,
594,143,33542,165900,217,35.5592125,-82.5288624,51,,,
1501,771,42423,153900,771,35.5634261,-82.5097591,2018,,,
1538,637,159904,850600,721,35.535056299999994,-82.5556527,61,,,
863,481,28856,172500,588,35.5885605,-82.3857357,57,,,
2300,782,47885,159000,823,35.6016041,-82.4211955,42,,,
866,399,,144700,415,35.5788399,-82.4184803,31,,,
2402,910,29444,202900,1045,35.5880138,-82.6168286,38,,,
1823,710,41375,148000,819,35.7746197,-82.4934022,32,,,
1018,398,47813,175200,487,35.7458021,-82.3826569,39,,,
1090,524,49527,344300,634,35.636726700000004,-82.5147001,51,,,
1617,711,92452,426700,850,35.652675,-82.516147,44,,,
2280,869,51067,206600,935,35.6770674,-82.5161874,31,,,
1365,548,64655,245900,597,35.6988106,-82.4509565,35,,,
3587,1183,44350,173500,1321,35.7365811,-82.6220138,24,,,
1077,472,51466,178700,604,35.7722611,-82.5491897,31,,,
1301,569,45096,220800,632,35.7451436,-82.5728168,29,,,
1859,845,51283,197000,1076,35.5918424,-82.3385987,37,,,
2702,952,53621,213500,1110,35.7445011,-82.5198436,20,,,
2414,800,42979,170500,974,35.6877735,-82.3555208,32,,,
1436,738,42857,264500,795,35.6309968,-82.3479838,32,,,
692,268,22197,,268,35.6066576,-82.3678136,23,,,
887,339,65486,226600,454,35.617127,-82.3279875,55,,,
1240,585,57261,243800,585,35.624306,-82.3278891,56,,,
1809,816,65500,300400,927,35.5462131,-82.4843624,30,,,
1439,663,77668,312800,764,35.507712299999994,-82.4812889,26,,,
524,177,82625,272700,177,35.498679100000004,-82.4378117,28,,,
2122,834,57969,292300,946,35.4703951,-82.4587197,26,,,
2577,978,83919,256100,1161,35.532930900000004,-82.4195509,24,,,
846,343,,296900,417,35.5143232,-82.4210575,33,,,
2144,1013,41774,177000,1124,35.5593601,-82.4718946,17,,,
1906,777,59375,228500,921,35.5505647,-82.3581949,24,,,
1885,786,52321,319500,889,35.48880379999999,-82.3971259,24,,,
1177,528,40441,200000,918,35.5233277,-82.2635354,29,,,
1178,457,46690,141200,457,35.4751744,-82.713294,31,,,
1631,707,40688,164300,824,35.541154,-82.7314454,35,,,
2241,838,59769,241900,957,35.5714581,-82.6970993,28,,,
1420,687,31210,97300,826,35.56625089999999,-82.7428208,27,,,
2617,953,54190,200900,1075,35.5759745,-82.6665917,40,,,
2630,1060,75313,237800,1132,35.553228499999996,-82.6709722,37,,,
1815,624,37051,156900,741,35.5558,-82.655317,52,,,
1777,591,32768,107200,669,35.592967200000004,-82.6443208,33,,,
763,355,30923,151300,384,35.5818314,-82.6352773,44,,,
2326,875,44850,143500,1051,35.6215019,-82.754266,27,,,
1588,599,29973,161700,671,35.6631948,-82.8135886,33,,,
3039,1211,49438,184900,1335,35.686688399999994,-82.6827896,24,,,
1170,570,56509,163400,659,35.69218970000001,-82.7265722,22,,,
1333,579,58424,206100,628,35.700752200000004,-82.6449298,28,,,
1651,518,49688,181500,518,35.645123600000005,-82.6993953,25,,,
4132,1738,52188,168400,1855,35.6098536,-82.6876907,21,,,
1079,461,47367,111000,461,35.6187298,-82.6675969,43,,,
1417,541,37038,237400,577,35.645948600000004,-82.6531312,30,,,
975,317,45613,,359,35.658984100000005,-82.6797155,26,,,
942,486,38667,181300,486,35.6291593,-82.6484123,39,,,
2069,712,64750,233300,823,35.6756825,-82.6033401,35,,,
919,309,57039,236600,356,35.618283,-82.6402216,45,,,
1531,641,47886,163400,709,35.6175167,-82.6187406,35,,,
922,397,46750,178100,460,35.624570399999996,-82.6280943,40,,,
2292,944,54044,263900,1083,35.7096511,-82.5836008,25,,,
1582,1016,34700,379700,1204,35.6076018,-82.5265423,36,,,
1743,887,42074,271100,987,35.5936811,-82.5145637,37,,,
1351,581,75458,289300,630,35.6124119,-82.5087347,46,,,
1152,454,89688,317700,454,35.61811229999999,-82.4977344,39,,,
2675,1284,47972,266400,1284,35.5945524,-82.4930368,42,,,
784,550,25319,100900,736,35.466312200000004,-82.5270385,26,,,
2578,689,53807,263300,709,35.6149952,-82.5651502,57,,,
665,358,21103,273800,385,35.6174565,-82.5578857,76,,,
1922,744,57976,231900,810,35.569435799999994,-82.589613,2018,,,
1243,618,55588,250400,659,35.5829542,-82.5875173,56,,,
1204,542,123049,444200,633,35.452718,-82.6199323,16,,,
3684,1704,67698,227900,1795,35.4584648,-82.5815799,17,,,
1744,585,43672,165200,632,35.450884499999994,-82.5125588,41,,,
4319,2382,47085,356800,2382,35.510669,-82.5299292,28,,,
425,309,64760,216700,309,35.4810102,-82.5288109,18,,,
3633,1239,77891,269500,1317,35.464546500000004,-82.490029,33,,,
2626,965,78606,219800,1114,35.4775728,-82.5006191,44,,,
2902,1414,70096,342600,1509,35.5060588,-82.5033379,29,,,
1964,942,37300,270500,1152,35.4886688,-82.5120285,27,,,
1635,643,34380,111500,685,35.5343793,-82.5811492,40,,,
746,284,64250,253200,363,35.5208794,-82.7151478,25,,,
1390,506,37727,189600,645,35.468923600000004,-82.7615395,37,,,
2198,799,43834,159200,1021,35.5290851,-82.6834861,20,,,
1886,703,125341,471500,745,35.5323135,-82.6595041,13,,,
2687,1250,64423,243200,1380,35.483033,-82.6477696,39,,,
788,354,58750,415500,409,35.599666299999996,-82.5593288,2018,,,
717,328,28021,284100,374,35.595989200000005,-82.5651759,69,,,
624,357,31505,376500,461,35.6042785,-82.541389,60,,,
1350,591,28493,61400,692,35.6031876,-82.5979586,33,,,
662,292,36098,176400,292,35.618558,-82.5903672,40,,,
1716,730,71719,497000,911,35.6210014,-82.5481587,77,,,
2808,1137,72688,264200,1137,35.6284348,-82.4826107,26,,,
2772,993,60893,179700,1103,35.637381299999994,-82.4509973,36,,,
1159,661,31804,181900,753,35.6254311,-82.3068131,42,,,
722,294,70750,260600,340,35.579338299999996,-82.6083231,2018,,,
1428,660,50625,547800,822,35.65040820000001,-82.5642264,24,,,
1944,772,45066,147900,866,35.553123600000006,-82.5314947,24,,,
1991,852,55407,202900,1031,35.6510855,-82.3985078,33,,,
718,358,40571,146400,485,35.6045721,-82.3857841,62,,,
1844,890,45643,148500,1013,35.5747434,-82.627463,46,,,
798,310,47917,188900,392,35.800420700000004,-82.4201913,37,,,
2186,1023,50375,251700,1023,35.69788079999999,-82.5611049,36,,,
2384,1059,66969,293100,1298,35.7078079,-82.5346051,28,,,
1850,611,62943,190900,723,35.49479779999999,-82.6848437,24,,,
2460,924,51250,163500,1016,35.5472694,-82.7014662,26,,,
778,248,23523,153600,278,35.563339500000005,-82.7219292,28,,,
1629,676,49375,220400,762,35.6443835,-82.6176428,37,,,
1565,545,74148,304100,593,35.661633200000004,-82.5948341,29,,,
1112,386,55750,209300,436,35.7558067,-82.599556,27,,,
2197,664,54464,198500,776,35.5126547,-82.3627667,24,,,
1847,916,51833,188400,1034,35.4526393,-82.5407075,19,,,
576,371,36285,334400,436,35.610859000000005,-82.5525927,2018,,,
1930,862,66765,219100,938,35.570899,-82.5956041,70,,,
3513,1572,106115,389100,1786,35.498028999999995,-82.5432635,17,,,
773,451,40333,138100,451,35.494496999999996,-82.5277947,39,,,
1259,424,52639,157900,615,35.4716294,-82.5147523,32,,,
1411,592,55536,223500,714,35.45006970000001,-82.5672906,23,,,
1350,546,34375,226900,620,35.5219505,-82.7467501,25,,,
3011,1149,58239,185600,1270,35.5461015,-82.6275563,17,,,
1145,531,35705,79700,605,35.6786778,-81.8365887,36,,,
2655,1030,48889,143600,1277,35.7882258,-81.7318571,39,,,
1043,395,42734,61400,491,35.705451200000006,-81.8260521,32,,,
1938,621,55094,141000,740,35.7065218,-81.7329605,35,,,
1450,705,39361,87200,796,35.659904499999996,-81.7736345,34,,,
797,383,29734,,601,35.6336094,-81.8251611,26,,,
2230,878,43676,110700,972,35.743439,-81.4574567,27,,,
852,365,42277,93700,464,35.738306200000004,-81.4873536,44,,,
1998,627,55272,132100,720,35.7017945,-81.4657978,33,,,
1462,507,38288,71100,580,35.70842929999999,-81.5086515,36,,,
1697,540,55000,124200,626,35.6630314,-81.4870664,35,,,
925,416,38750,98000,464,35.6445964,-81.7241591,36,,,
1413,478,55714,113300,511,35.654917600000005,-81.7482778,37,,,
590,318,53672,103300,504,35.772530700000004,-81.6401872,42,,,
2596,874,53654,112600,1043,35.7687751,-81.5911933,50,,,
1806,705,34983,113000,745,35.7382666,-81.6097631,46,,,
1227,517,42756,181200,903,35.887875,-81.8622762,35,,,
2186,797,76141,506600,1056,35.7492605,-81.8886705,28,,,
1894,681,62679,153200,759,35.738462899999995,-81.6426031,43,,,
824,392,61607,108900,436,35.7438297,-81.6733485,53,,,
506,248,40938,173000,336,35.734155,-81.6677705,34,,,
1587,564,57714,122800,684,35.7401086,-81.4253177,37,,,
2070,870,40463,112800,913,35.72122589999999,-81.418924,44,,,
892,341,31250,100300,433,35.8027665,-81.626384,37,,,
963,403,49330,158800,441,35.838897499999995,-81.7183079,37,,,
1431,562,29844,102000,726,35.6919128,-81.5714792,40,,,
1024,461,29292,82100,545,35.694848,-81.6376391,38,,,
1481,603,51806,164200,656,35.754743299999994,-81.7415066,42,,,
846,323,,152800,337,35.7216854,-81.4563541,48,,,
703,333,52951,201300,397,35.726585299999996,-81.7295677,49,,,
3170,1157,29691,113100,1184,35.7322529,-81.6962139,47,,,
1859,740,47308,151900,891,35.7562007,-81.6971144,59,,,
980,370,76429,202800,411,35.741654499999996,-81.7024,59,,,
1233,517,37112,88800,621,35.705631200000006,-81.6976389,48,,,
1060,484,57151,141100,495,35.686514100000004,-81.7049973,34,,,
3505,834,38304,101400,953,35.6749,-81.6730335,35,,,
1849,700,47500,164500,882,35.757506299999996,-81.5358203,49,,,
1694,719,35583,109400,719,35.7703367,-81.5369941,52,,,
817,317,79647,98700,503,35.7396159,-81.5768774,52,,,
1039,394,27316,85100,394,35.7397307,-81.534042,45,,,
979,378,41389,82600,488,35.71767620000001,-81.799272,50,,,
1642,640,44828,120100,687,35.7355104,-81.7831184,46,,,
3009,1147,62550,141500,1300,35.6858244,-81.7807112,25,,,
1279,537,29831,90000,647,35.768501,-81.482104,40,,,
1281,481,50298,120200,586,35.692049700000005,-81.4333825,37,,,
2744,1029,35293,69800,1246,35.6215557,-81.5349811,28,,,
1303,557,43750,99500,736,35.60756370000001,-81.6237445,34,,,
2130,833,55850,91600,969,35.7971737,-81.8064576,37,,,
1045,404,41649,83100,432,35.8225661,-81.7787376,32,,,
1110,562,45192,123200,736,35.751591,-81.6734449,62,,,
2553,994,40880,99000,1257,35.7639401,-81.6731519,39,,,
2731,1067,35465,84900,1206,35.7495581,-81.4027319,42,,,
2702,1010,26143,80900,1073,35.839943100000006,-81.6673936,32,,,
1209,531,46382,152400,645,35.7182357,-81.6117236,35,,,
594,279,33156,86800,314,35.736643900000004,-81.7410601,54,,,
737,197,21094,87500,277,35.7257734,-81.6781408,34,,,
1264,479,34496,110900,642,35.7336549,-81.5524364,38,,,
1963,847,40063,127800,1037,35.7524786,-81.615612,50,,,
2421,854,69477,218600,891,35.4834448,-80.6960213,27,,,
4310,1561,85250,238700,1751,35.4581621,-80.6715735,16,,,
2592,800,45128,144500,800,35.36047070000001,-80.5323548,26,,,
1000,436,63482,82500,502,35.3327685,-80.5379842,39,,,
984,410,62222,127400,464,35.4802391,-80.6325162,54,,,
1188,428,53235,89100,462,35.501912100000006,-80.6392573,63,,,
6133,2057,81908,285700,2188,35.4686944,-80.7485132,14,,,
6942,2212,97000,248200,2318,35.43306870000001,-80.7459596,12,,,
6420,2213,54674,133700,2326,35.350652399999994,-80.5669289,18,,,
1056,433,44470,100700,479,35.501945,-80.5988784,63,,,
2073,774,40397,127500,789,35.4866489,-80.6065253,22,,,
2442,891,74652,154200,955,35.4913297,-80.5888442,22,,,
471,118,38632,,202,35.4668299,-80.5968103,43,,,
876,281,78950,215300,281,35.4188889,-80.706171,30,,,
8535,2701,126110,328300,2845,35.399852,-80.7448638,12,,,
1336,588,70341,226900,630,35.387668,-80.7186808,20,,,
4233,1341,99974,242800,1341,35.318631599999996,-80.6192565,20,,,
6843,2241,111541,317800,2305,35.3035611,-80.6597719,14,,,
4205,1500,88194,296600,1500,35.2763159,-80.6493455,25,,,
1644,572,64470,216300,609,35.279405,-80.6162156,27,,,
1884,636,111520,303600,636,35.27647,-80.5880358,16,,,
3960,1370,91442,176900,1421,35.3238507,-80.5806165,14,,,
1978,663,101206,231600,759,35.2895568,-80.4784458,29,,,
1439,519,59803,213900,562,35.2268252,-80.4970571,18,,,
1389,464,72083,171800,511,35.395053499999996,-80.4650002,46,,,
2032,781,69520,180200,840,35.2319984,-80.5598595,27,,,
2749,991,68711,205600,1109,35.281566,-80.5377139,27,,,
3798,1440,61058,155200,1495,35.3434973,-80.4619357,27,,,
1785,672,63777,185300,768,35.37459260000001,-80.4191973,27,,,
1315,486,61538,201700,530,35.4122049,-80.4714474,42,,,
2239,812,78720,258300,911,35.4707857,-80.3936007,26,,,
1564,404,39615,82800,428,35.405057299999996,-80.6058525,45,,,
2242,717,30938,106300,767,35.420192799999995,-80.5966385,75,,,
946,325,47850,275000,368,35.4076348,-80.5863138,70,,,
822,372,27037,67300,435,35.402376200000006,-80.5816297,61,,,
779,303,41432,83300,344,35.390396700000004,-80.5871219,44,,,
843,314,21100,51100,387,35.3975857,-80.5845263,59,,,
2915,929,48005,130700,958,35.3723922,-80.5856465,21,,,
997,338,37266,120400,338,35.375665399999995,-80.5677473,23,,,
2199,798,30446,95100,922,35.4586415,-80.6033423,57,,,
1872,737,71927,174500,835,35.435429299999996,-80.5844005,57,,,
1164,366,61622,153800,415,35.4270789,-80.6235223,25,,,
3471,1358,45804,121200,1472,35.4387995,-80.6228173,24,,,
2920,1136,84766,183900,1308,35.424080700000005,-80.6400505,25,,,
2422,1016,49462,118900,1104,35.4055435,-80.6213686,31,,,
1531,534,132750,267500,556,35.391337,-80.6466188,25,,,
2656,897,119471,319600,950,35.3992168,-80.6832938,26,,,
2486,958,69922,222900,977,35.3823058,-80.6727116,19,,,
1522,488,66111,155700,488,35.3692478,-80.6743502,23,,,
357,192,32596,31400,192,35.3592899,-80.703699,24,,,
997,463,83583,188500,463,35.3712029,-80.644479,22,,,
2510,844,92444,233400,946,35.3492096,-80.6271004,15,,,
996,456,42654,88500,635,35.491290500000005,-80.6190069,2018,,,
1713,672,41146,94000,739,35.48263970000001,-80.6194927,65,,,
2038,829,52769,133900,902,35.4640671,-80.6148394,42,,,
1655,560,64821,176900,560,35.439479999999996,-80.4794801,26,,,
3769,1394,59239,147100,1427,35.462815500000005,-80.5429551,34,,,
1043,336,49167,155600,336,35.3844216,-80.566132,37,,,
2509,909,54792,281000,955,35.403038099999996,-80.5685143,62,,,
459,233,51326,147900,233,35.39123529999999,-80.568216,64,,,
1916,714,31359,130400,714,35.424051899999995,-80.5804061,31,,,
740,334,40859,114800,435,35.415883,-80.5680916,47,,,
758,425,38542,161400,499,35.428899200000004,-80.589139,44,,,
2713,916,70536,166400,993,35.4664926,-80.6322343,28,,,
971,354,52500,133200,354,35.448316,-80.6280036,49,,,
1979,741,56964,137600,825,35.363896000000004,-80.6112028,36,,,
1316,453,68958,165200,560,35.3809946,-80.6229496,25,,,
1543,558,42928,73000,635,35.4986576,-80.6579966,46,,,
2313,652,91724,308200,662,35.4196713,-80.7257466,16,,,
593,239,39028,119500,307,35.498424,-80.5770298,56,,,
2873,941,56756,136000,941,35.475755299999996,-80.5887573,15,,,
1030,456,53889,162000,546,35.417451899999996,-80.3821149,39,,,
799,246,45444,113100,281,35.421747700000004,-80.6098155,54,,,
1102,494,46786,88000,540,35.4124646,-80.5934233,2018,,,
712,357,27542,126000,379,35.3955757,-80.5761069,61,,,
1157,376,47125,104700,441,35.3744008,-80.5938689,59,,,
1515,598,56250,298700,678,35.4527566,-80.5891228,26,,,
1551,598,28750,66500,732,35.4360218,-80.610537,31,,,
1180,605,73882,207900,605,35.420973499999995,-80.6642527,14,,,
4222,1549,82521,256500,1658,35.405554200000005,-80.6530631,16,,,
2197,758,54583,167900,758,35.380163399999994,-80.6952801,13,,,
3879,1561,74632,231500,1787,35.3512505,-80.6638185,20,,,
5141,1726,75000,185300,1789,35.3300206,-80.655965,16,,,
1146,449,59256,122400,549,35.4996366,-80.6151148,74,,,
1652,538,68173,146700,728,35.4818224,-80.486625,28,,,
1311,498,83906,198200,551,35.4037195,-80.5511762,45,,,
1005,369,88173,172300,369,35.392948,-80.5559857,41,,,
922,406,44500,102700,434,35.4163631,-80.5804889,61,,,
1296,587,56761,183000,626,35.462163000000004,-80.6455803,35,,,
1643,541,50613,135600,634,35.4574507,-80.629463,21,,,
1539,531,37340,64900,656,35.392188299999994,-80.5992145,64,,,
3313,1299,68715,185200,1299,35.4000146,-80.5183225,24,,,
2171,761,30464,89100,924,35.495944200000004,-80.6297563,62,,,
1581,546,62652,131000,584,35.4853767,-80.6458609,53,,,
1462,524,39712,95300,593,35.8703718,-81.5711736,40,,,
1149,325,40511,75700,419,35.88635,-81.5588713,58,,,
1301,576,30938,99600,621,35.8699468,-81.5260771,46,,,
1319,558,24015,95900,715,35.8587331,-81.5147182,44,,,
847,411,20052,94000,463,35.8733056,-81.5072118,51,,,
2426,882,55625,147400,952,35.9381079,-81.5066639,34,,,
1843,629,77467,202500,629,35.772726500000005,-81.3815492,33,,,
875,392,39375,81900,392,35.8111555,-81.4186222,37,,,
2566,980,84500,168300,994,35.8004323,-81.3788142,19,,,
1274,521,37981,114900,558,35.9252245,-81.5209063,52,,,
1627,651,48750,125600,719,35.836833,-81.5550797,41,,,
1493,471,67688,113100,541,35.799225,-81.5489251,28,,,
1029,352,40814,107600,496,35.827242299999995,-81.5997829,25,,,
1468,617,49213,135600,664,35.875304299999996,-81.4957008,39,,,
1383,531,41193,157200,615,35.8420638,-81.4786881,49,,,
1276,532,58177,65900,805,35.973755700000005,-81.7117347,50,,,
498,225,28945,130300,294,35.9102602,-81.6230821,36,,,
1335,575,44058,89100,670,35.8593115,-81.6214411,46,,,
1641,648,50385,94000,881,36.0067769,-81.4911158,34,,,
864,293,28633,84400,373,36.0295271,-81.399403,32,,,
1036,438,39118,155900,562,36.0625011,-81.5896681,45,,,
1538,601,48720,165600,1032,36.05045870000001,-81.661152,43,,,
751,285,65750,161900,384,36.0663196,-81.5144741,36,,,
1601,521,32978,49400,579,35.928090600000004,-81.5886291,46,,,
1695,636,45288,104800,668,35.891097200000004,-81.5943634,45,,,
970,354,40313,93300,502,35.952976299999996,-81.5668321,51,,,
807,432,14314,62100,598,35.924043700000006,-81.5596637,47,,,
946,333,29315,94400,391,35.863713399999995,-81.5478168,41,,,
887,328,50833,143300,442,35.9114594,-81.5398238,66,,,
680,244,37544,87300,366,35.914353000000006,-81.5308827,76,,,
799,489,14323,,530,35.9043685,-81.549953,60,,,
1040,490,22111,104700,490,35.9181554,-81.5368987,72,,,
1309,555,40030,102800,687,35.831974100000004,-81.4919689,49,,,
1220,497,44896,131100,605,35.8412249,-81.5282855,41,,,
1536,637,41169,128900,757,35.8454014,-81.5077772,42,,,
1885,678,49500,101100,715,35.8186462,-81.500887,42,,,
790,296,80455,135400,334,35.7989315,-81.4493005,28,,,
1588,574,40978,114000,675,35.8233516,-81.4576648,40,,,
549,317,40043,141900,367,35.928988700000005,-81.4726701,40,,,
1224,469,45125,152300,533,35.9411837,-81.4236449,31,,,
1709,702,38929,95000,756,35.8840366,-81.381814,34,,,
2407,979,49241,143500,1104,35.8836141,-81.4433053,27,,,
2623,979,50024,96200,1138,35.7987261,-81.4889388,44,,,
758,344,81220,113800,369,35.807298200000005,-81.4591609,47,,,
788,312,32939,118300,402,35.8963586,-81.5361606,58,,,
560,275,50230,81000,298,35.881092100000004,-81.5255079,53,,,
3422,1408,50679,120600,1504,35.8400515,-81.3735456,24,,,
1265,522,53103,170700,535,35.9073849,-81.5050077,44,,,
579,211,50162,161900,262,35.8227227,-81.5474056,37,,,
3434,1146,42292,81100,1252,35.8462299,-81.5861513,26,,,
1658,679,40625,137300,718,35.8501599,-81.4664292,28,,,
1479,592,25633,72500,612,35.8886794,-81.6679155,34,,,
1052,434,46471,157900,565,35.974940600000004,-81.4536235,42,,,
1107,464,34821,60800,488,35.9149853,-81.5504916,61,,,
874,314,26981,53800,429,35.9278482,-81.5355847,47,,,
747,319,,9999,423,35.8142416,-81.522591,36,,,
936,428,31667,85600,503,35.963744500000004,-81.3669873,46,,,
1815,808,35410,105800,945,35.8388961,-81.4292547,35,,,
1456,625,37083,134500,698,35.7729471,-81.4062585,49,,,
1109,510,39028,132700,579,35.7816985,-81.4309937,47,,,
922,410,36912,135200,454,35.8116644,-81.4446278,43,,,
552,266,44375,114300,305,35.9807838,-81.5420353,44,,,
1751,671,57292,254700,688,36.2866821,-76.0703215,18,,,
3448,1211,70558,210200,1249,36.49109910000001,-76.3841017,27,,,
2233,863,61434,172800,981,36.406076399999996,-76.217126,24,,,
2186,808,67697,211500,955,36.3190721,-76.1348284,32,,,
829,283,51681,215800,355,36.2430217,-75.9895047,33,,,
0,0,,,0,36.129337899999996,-75.963395,,,,
842,373,51831,249500,587,34.709711299999995,-76.5713793,37,,,
519,205,33917,167800,548,34.7058365,-76.5344259,35,,,
954,378,43393,160500,625,34.8896386,-76.3524929,45,,,
2084,921,53458,166400,1339,34.9342725,-76.4740805,37,,,
358,182,46406,,363,34.792420299999996,-76.4611492,42,,,
503,277,39519,184800,645,34.7535195,-76.5768518,36,,,
1116,390,40357,143300,469,34.7476505,-76.540607,35,,,
922,401,51940,185900,678,34.739338200000006,-76.5141966,42,,,
488,268,23056,94300,348,34.8671724,-76.6505831,24,,,
1464,513,89129,258100,565,34.78039129999999,-76.6737947,24,,,
2609,1214,54234,175200,1456,34.770383100000004,-76.6328832,22,,,
671,293,50074,167200,340,34.7315635,-76.6591561,34,,,
448,230,35000,124500,302,34.7230016,-76.6844114,70,,,
1061,429,44952,387700,734,34.7116748,-76.663543,69,,,
584,264,46429,222700,351,34.7274552,-76.6302637,32,,,
835,486,39932,220900,693,34.714919099999996,-76.6260904,38,,,
688,344,33571,390900,466,34.714689,-76.652133,58,,,
208,100,72692,317600,223,34.7170859,-76.7111704,35,,,
1721,871,39063,113600,1018,34.7292352,-76.7555858,28,,,
775,345,37768,196800,494,34.7239933,-76.7087383,65,,,
341,181,67708,346000,342,34.7259023,-76.7748294,49,,,
2180,944,33721,109100,1007,34.755740100000004,-76.8244726,24,,,
1280,522,80000,242700,573,34.7517653,-76.7387561,33,,,
945,395,68393,230300,424,34.7458032,-76.7365671,28,,,
706,327,61806,194600,340,34.735063000000004,-76.7627607,34,,,
778,305,40804,144800,358,34.7326077,-76.732796,43,,,
1106,431,89735,332900,474,34.750188,-76.7110611,18,,,
1570,702,52823,149700,823,34.7234135,-76.9183102,31,,,
1065,481,87563,308300,578,34.7298329,-76.8784489,34,,,
1419,677,60764,286100,900,34.727605,-76.7948917,40,,,
1006,399,88942,345000,527,34.729639,-76.8259355,23,,,
2403,882,56000,131800,1043,34.8163194,-76.9109078,23,,,
796,324,69886,187000,369,34.774478,-76.9102786,26,,,
1766,659,34073,143800,750,34.7970861,-76.8715003,41,,,
954,275,59848,131000,413,34.784280100000004,-76.8566964,26,,,
423,174,,244900,254,34.7735875,-76.8533391,32,,,
1330,397,72878,166400,423,34.7726706,-77.1343603,18,,,
1740,696,36971,153900,1026,34.7344366,-77.0916925,22,,,
1020,418,76458,374600,704,34.680612700000005,-77.0808309,21,,,
773,318,89000,270400,352,34.7047123,-77.0573724,31,,,
1533,573,79821,254900,622,34.7261934,-77.0116721,17,,,
1040,413,69345,257500,826,34.7053369,-76.9921822,21,,,
1582,676,49265,162800,768,34.781739200000004,-77.0184797,23,,,
498,228,90625,500000,522,34.6609045,-77.0892818,27,,,
1045,531,58661,283400,1211,34.6749591,-77.0401362,31,,,
316,156,48750,261800,877,34.659749299999994,-77.0475956,32,,,
1211,568,74022,381400,2943,34.7011054,-76.9739116,33,,,
318,163,87083,388000,1207,34.697208200000006,-76.8319128,33,,,
1050,512,71250,369500,874,34.7035392,-76.7951449,34,,,
461,218,34688,390300,896,34.706858700000005,-76.7578793,36,,,
571,276,64167,537700,1475,34.6994414,-76.7531192,38,,,
417,247,43958,267300,1563,34.6972857,-76.7151259,40,,,
0,0,,,0,34.8007529,-76.3751772,,,,
0,0,,,0,35.093908500000005,-76.259355,,,,
679,346,30741,145700,438,34.7278914,-76.7390882,65,,,
611,317,64375,347100,466,34.721279100000004,-76.732215,70,,,
755,407,42450,231400,434,34.7427757,-76.7841238,29,,,
848,406,50938,167300,411,34.736445399999994,-76.75017,33,,,
688,299,30260,121900,378,34.7351118,-76.7237204,34,,,
1512,634,38333,89000,709,34.7402425,-76.8587875,29,,,
1242,567,57644,258000,647,34.735308200000006,-76.8226139,20,,,
1131,404,45357,145300,561,34.748055900000004,-76.91659,31,,,
2290,948,55338,142600,1132,34.8129762,-76.8684825,27,,,
2399,931,52587,163200,1095,34.815400700000005,-76.780685,25,,,
1056,419,75865,264300,715,34.6963695,-77.0926746,19,,,
897,383,68173,238900,576,34.6874034,-77.0581262,32,,,
789,368,69457,258100,480,34.713269700000005,-76.9625232,21,,,
629,277,81198,459100,1243,34.65309439999999,-77.076916,24,,,
543,261,74554,319400,1964,34.6896636,-76.8804151,29,,,
209,112,64583,268500,424,34.702075,-76.7756258,31,,,
149,59,69250,462500,530,34.703003,-76.7201057,41,,,
0,0,,,0,34.592526,-77.116548,,,,
1733,503,67604,144800,616,36.3028412,-79.3336013,30,,,
1476,577,44744,110700,673,36.5270825,-79.2341337,53,,,
940,350,53125,100400,413,36.47458579999999,-79.1961514,40,,,
535,189,38935,114400,222,36.3951885,-79.2888372,31,,,
1601,657,45625,129300,723,36.4839906,-79.3117228,37,,,
1488,574,45357,112900,643,36.3975747,-79.3734407,43,,,
1937,651,17538,84000,819,36.4000172,-79.3493428,46,,,
974,379,29943,84700,462,36.5279706,-79.439025,30,,,
1383,673,47574,110700,727,36.401399700000006,-79.4793562,32,,,
1382,586,40114,97400,659,36.487647100000004,-79.4568048,27,,,
730,312,38194,85000,338,36.5179516,-79.4942052,40,,,
930,424,53375,117400,540,36.5182521,-79.3663092,42,,,
829,444,42024,89000,526,36.4532269,-79.4318837,42,,,
1476,552,60000,119500,585,36.3262613,-79.4426826,29,,,
626,272,54750,144400,388,36.3013334,-79.4281891,39,,,
1389,632,31852,80100,736,36.2803453,-79.5020734,29,,,
913,391,54732,176800,469,36.2916339,-79.2467359,33,,,
2404,944,60500,116800,1239,36.373107899999994,-79.1920382,41,,,
1365,445,37321,86500,498,35.737874100000006,-81.29433,45,,,
786,366,43750,150200,366,35.7452807,-81.2758422,37,,,
951,385,38512,82100,469,35.7240063,-81.3905565,60,,,
718,332,21649,70200,405,35.7258215,-81.3622648,43,,,
542,322,27188,82600,355,35.727824299999995,-81.3728704,62,,,
1858,737,63750,231400,814,35.68265220000001,-81.2693328,27,,,
1666,564,80909,224600,564,35.6506773,-81.3000547,24,,,
1819,673,46849,121900,673,35.7068669,-81.2301098,41,,,
3120,1119,61250,126200,1306,35.7529032,-81.2288099,24,,,
2861,980,28900,96000,1098,35.7415003,-81.3195017,46,,,
2603,999,39745,116800,1051,35.742256299999994,-81.2575035,45,,,
1795,828,23816,91000,968,35.725189799999995,-81.3436252,56,,,
1478,618,22091,82600,708,35.71922429999999,-81.3252321,52,,,
1570,577,62610,110400,684,35.7998628,-81.1614697,28,,,
1450,533,51648,125100,600,35.7495669,-81.1362336,24,,,
1868,573,54129,113500,588,35.781010200000004,-81.1913358,31,,,
2885,1187,54529,206800,1242,35.77322589999999,-81.3067603,28,,,
668,273,50907,138600,273,35.780060999999996,-81.2891147,47,,,
1104,309,32986,40300,405,35.7147616,-81.2784983,41,,,
1597,753,73078,159500,764,35.6907401,-81.3973069,41,,,
1190,341,74455,120100,452,35.66325689999999,-81.2311711,54,,,
1703,449,67875,91400,449,35.6579799,-81.2245704,60,,,
2172,1036,35690,89400,1082,35.6835206,-81.2295399,47,,,
1456,583,66928,141800,621,35.6143664,-81.2451421,31,,,
1044,356,78784,154800,375,35.5632654,-81.2079605,38,,,
1312,496,69318,167000,544,35.7220687,-81.1556301,45,,,
1591,779,54554,182900,892,35.7184802,-81.1976736,31,,,
1051,387,52321,132500,412,35.7072286,-81.2135871,49,,,
2200,1172,54063,161800,1279,35.7623165,-81.3200073,35,,,
2857,1117,32688,136200,1234,35.75413820000001,-81.2968456,32,,,
2242,965,48628,123800,1125,35.753099,-81.3124947,32,,,
544,234,44375,98400,276,35.7076218,-81.0695471,53,,,
2493,1025,52390,118500,1114,35.6345054,-81.0708183,24,,,
849,378,48333,172700,408,35.79578970000001,-81.2638236,29,,,
1819,781,23183,84000,905,35.7332489,-81.3748537,44,,,
916,299,51890,207700,370,35.7476513,-81.3644445,39,,,
1905,777,78628,208500,991,35.7575361,-81.3565137,44,,,
2033,862,80208,235300,862,35.6526537,-81.3422943,28,,,
1040,366,57857,116400,475,35.56859,-81.229646,27,,,
2056,849,74208,194100,849,35.645638700000006,-81.4245044,26,,,
2169,793,58025,129400,852,35.6703241,-81.1790594,29,,,
2251,953,48138,93500,1138,35.689845399999996,-81.2032469,45,,,
1346,564,45112,128400,620,35.610440600000004,-81.4437719,39,,,
1292,353,42284,113000,490,35.5897873,-81.4843057,30,,,
1423,566,32500,97400,633,35.594364500000005,-81.3366908,26,,,
2160,931,41856,116000,1071,35.6894725,-81.298352,26,,,
1459,387,61953,157700,425,35.7017109,-81.3330096,30,,,
1066,449,45078,114900,520,35.6509643,-81.1045845,37,,,
2278,851,67656,178300,1002,35.6647727,-81.0112307,26,,,
1711,625,74688,312000,825,35.5970891,-81.0032134,24,,,
3528,1353,64922,221800,1526,35.5566814,-81.0120491,28,,,
1298,544,31912,101500,624,35.5990178,-81.1487881,34,,,
1918,694,33897,106300,721,35.6215014,-81.1800347,30,,,
1208,403,44277,86000,403,35.5822213,-81.2038758,61,,,
1954,740,46389,136700,796,35.572578,-81.1754111,36,,,
1009,512,41733,85200,651,35.567860100000004,-81.0909317,40,,,
914,383,40650,148500,410,35.657312299999994,-81.254797,43,,,
1348,606,42941,134700,706,35.746188399999994,-81.1028239,31,,,
1026,379,55489,119200,404,35.7631049,-81.1955659,23,,,
2192,776,59630,232200,865,35.7901123,-81.2464163,28,,,
2013,670,48676,122700,805,35.73378220000001,-81.2653134,24,,,
2382,917,76185,280400,1111,35.7597794,-81.3464022,42,,,
1271,569,75250,233700,619,35.7404714,-81.3407609,66,,,
1580,623,53375,184700,671,35.776455600000006,-81.3412074,38,,,
2886,1085,70550,143500,1121,35.67483,-81.3431325,32,,,
1245,482,45000,81600,498,35.7040615,-81.1150544,37,,,
772,295,60156,89000,318,35.68828370000001,-81.1153689,32,,,
2288,856,55345,167400,856,35.732795200000005,-81.2322309,22,,,
2007,910,29318,97000,1052,35.7520371,-81.3293809,46,,,
1861,701,65160,145000,769,35.7617458,-81.2809498,37,,,
2736,847,63420,167200,922,35.595654100000004,-81.2874663,24,,,
2006,748,57326,95500,782,35.6601096,-81.3712328,39,,,
2430,995,20391,96600,1082,35.6565472,-81.2056413,38,,,
2231,833,48854,144900,948,35.6029051,-81.3780117,27,,,
1371,557,34819,130500,557,35.6783518,-81.3253897,28,,,
1508,657,91473,306400,752,35.7529909,-81.1666737,27,,,
1984,867,47266,144600,1061,35.8021874,-81.219016,38,,,
2381,960,61346,261800,1008,35.79209829999999,-81.2947243,31,,,
1134,510,27239,81400,635,35.7156456,-81.304649,58,,,
2122,696,50658,98300,766,35.7141368,-81.3725719,50,,,
1353,491,55353,114100,577,35.6465109,-81.2242752,59,,,
682,303,64813,146900,303,35.5982341,-81.2278482,37,,,
1648,667,60231,174700,820,35.6066122,-81.0388645,26,,,
1795,583,58487,112800,703,35.7749348,-81.2790914,35,,,
1255,630,49167,144400,780,35.7410394,-81.3653279,50,,,
1279,516,41356,95000,613,35.6501003,-81.1578668,33,,,
1409,557,115863,483300,756,35.6257904,-80.9656346,15,,,
1358,626,80484,455100,909,35.5868802,-80.9595726,33,,,
1417,331,69297,145500,380,35.6169176,-81.2002009,27,,,
999,393,56726,151700,393,35.5758659,-81.1305017,30,,,
1266,463,68203,149400,529,35.7168137,-81.2556345,29,,,
155,83,64861,357500,159,35.732767200000005,-81.3413589,74,,,
2064,731,138125,345600,776,35.7905909,-81.3306284,25,,,
1596,628,56481,109900,758,35.691841700000005,-81.159675,35,,,
1518,632,61923,148500,676,35.6499977,-81.1383797,26,,,
2675,1010,100183,394200,1189,35.7996844,-79.2649943,15,,,
1143,492,52073,157100,539,35.80102410000001,-79.4099278,44,,,
2375,963,69427,269800,1139,35.72912720000001,-79.3082367,28,,,
2018,907,71410,230600,941,35.6840073,-79.2037851,24,,,
2946,1204,52083,229000,1325,35.7436886,-79.1402771,30,,,
2162,819,103671,297600,872,35.699555700000005,-79.0975989,22,,,
1198,413,48507,131800,513,35.5482574,-79.5041251,34,,,
1141,466,41250,132500,578,35.6207455,-79.4794377,41,,,
598,251,,150000,263,35.600561299999995,-79.3647894,45,,,
1353,521,59075,161200,740,35.566098,-79.3221403,36,,,
1555,523,47321,172300,614,35.681102,-79.4261255,36,,,
625,298,79000,308200,307,35.8255065,-79.0623547,14,,,
1946,1118,56905,290600,1174,35.8113572,-79.064763,29,,,
1307,659,61929,286000,691,35.8538294,-79.105982,31,,,
3450,1383,105691,339300,1475,35.828321,-79.1111393,9,,,
1175,517,76534,321900,545,35.8424106,-79.2023313,28,,,
1578,563,73598,306300,607,35.806163399999996,-79.1340983,26,,,
1884,690,48365,131500,816,35.721753799999995,-79.4858916,48,,,
3127,1063,31100,84900,1264,35.7082876,-79.4393599,41,,,
3015,972,45000,98100,1050,35.75907120000001,-79.4849276,33,,,
6865,3172,82833,368800,3387,35.8465223,-78.9629363,13,,,
1435,621,100221,524200,662,35.745149600000005,-78.9734807,29,,,
984,356,50238,151000,392,35.6568716,-79.0799363,24,,,
1867,720,66310,173200,818,35.814372600000006,-79.4914411,26,,,
2228,1170,47692,248400,1223,35.7446748,-79.192384,30,,,
1184,497,35521,96200,580,35.5840324,-79.4144002,44,,,
1514,504,57264,200300,571,35.6519031,-79.3235235,27,,,
2211,803,51616,209700,850,35.613443700000005,-79.2146621,31,,,
1231,553,50495,137000,641,35.7034265,-79.5190975,35,,,
4026,1582,100714,490500,1764,35.8420429,-79.053972,21,,,
2900,1354,104082,513600,1421,35.7714283,-79.0614758,15,,,
1786,639,108533,390600,684,35.83876970000001,-79.1573529,15,,,
1029,383,46477,163100,405,35.7109569,-79.4733029,49,,,
1894,785,20727,160500,841,35.74130220000001,-79.4456272,48,,,
1366,556,66667,248500,674,35.601702200000005,-79.0203219,26,,,
1141,464,19100,51900,598,35.199362799999996,-83.8306448,33,,,
1518,602,43103,97100,814,35.1849091,-83.825276,45,,,
1366,552,38110,157400,758,35.2026309,-83.9119165,35,,,
867,380,45813,88300,533,35.159789700000005,-83.875604,32,,,
485,213,36976,103100,528,35.226239899999996,-84.1385413,31,,,
1485,631,37188,165000,942,35.1064081,-83.9220182,22,,,
979,364,61324,173900,615,35.0987472,-83.9857346,36,,,
691,374,29741,164800,449,35.146159600000004,-83.9941069,41,,,
1415,551,36250,156000,699,35.0971646,-84.0389216,59,,,
1584,646,56458,201600,1276,35.0344754,-83.9938475,29,,,
1297,680,40245,166000,814,35.0028295,-84.0578186,33,,,
1553,672,42212,127800,1167,35.0187683,-84.0969495,23,,,
2506,1140,42841,168900,1825,35.0640872,-84.2447681,26,,,
964,393,34679,86800,570,35.008984399999996,-84.1653419,24,,,
827,403,33277,135300,703,35.185922999999995,-83.7638127,38,,,
691,321,34141,120000,424,35.229809499999995,-83.7974334,24,,,
2152,857,40129,166400,1333,35.1739594,-84.0585524,31,,,
1222,434,32347,154800,674,35.11591,-83.9502614,29,,,
2162,959,41961,168500,1303,35.0592027,-84.0462772,25,,,
1899,903,50807,162600,1505,35.104099100000006,-84.1844493,27,,,
864,356,49250,193000,574,35.0047064,-84.2570718,21,,,
1187,410,58188,97600,450,36.0504378,-76.5032702,33,,,
1171,528,49573,131100,668,36.279948,-76.640223,41,,,
1072,428,39511,85500,702,36.218815500000005,-76.7099928,37,,,
925,308,56167,185900,376,36.1303109,-76.7000894,34,,,
914,477,47762,135600,544,36.210915500000006,-76.6375073,39,,,
641,306,42241,113900,334,36.146783899999996,-76.6058057,41,,,
1756,617,42069,90100,687,36.1064645,-76.6522847,27,,,
0,0,,,0,36.0207859,-76.6375039,,,,
1076,678,44205,229600,888,36.0598167,-76.601446,64,,,
1322,416,50667,95200,627,36.071494,-76.6112508,61,,,
0,0,,,0,35.9994838,-76.5676228,,,,
1296,602,41563,115600,666,36.0283061,-76.5671176,33,,,
1481,690,39091,153400,721,36.0483227,-76.6438075,41,,,
1364,524,19481,,638,36.0735599,-76.590369,43,,,
2263,1057,42782,152600,1312,35.011419000000004,-83.8457485,25,,,
1817,914,34630,104500,1055,35.0525942,-83.8494523,36,,,
1404,766,43125,230900,1267,35.0158701,-83.6360317,25,,,
774,384,47843,171400,671,35.067797,-83.6881631,26,,,
1293,586,31014,168500,1052,35.032624600000005,-83.7706893,35,,,
1774,733,38125,149800,1052,35.023543100000005,-83.924274,30,,,
1488,622,48361,251600,900,35.1206915,-83.7653452,35,,,
1648,560,62955,163600,680,35.2831969,-81.6034719,30,,,
812,281,58819,165600,281,35.232569,-81.3787307,41,,,
1292,468,62826,221400,597,35.2434924,-81.3754271,31,,,
1759,725,35554,75500,822,35.240656200000004,-81.3492251,60,,,
1133,386,60577,148300,429,35.232078200000004,-81.3589119,35,,,
1617,521,35946,89100,521,35.2585606,-81.3530785,55,,,
668,384,20720,86200,586,35.3071281,-81.5225211,48,,,
1255,465,26734,78300,564,35.308355799999994,-81.5334469,44,,,
705,350,31012,167700,383,35.3092566,-81.5507305,43,,,
794,427,47938,124700,443,35.281367700000004,-81.5694534,51,,,
692,260,43299,68400,408,35.2759699,-81.5561827,41,,,
1116,486,,52800,551,35.2717364,-81.5416457,43,,,
827,369,40457,130600,391,35.2693209,-81.5616166,44,,,
1717,702,31674,110900,756,35.34328970000001,-81.530224,32,,,
1055,431,50372,90000,488,35.3469211,-81.4917749,38,,,
758,280,61833,154300,405,35.293362,-81.514942,47,,,
699,311,34787,119900,369,35.283986,-81.5358226,37,,,
324,102,,,206,35.295089600000004,-81.5343691,54,,,
1284,511,41546,141700,742,35.2917183,-81.5244191,66,,,
1122,470,39783,112100,470,35.276285200000004,-81.4764978,37,,,
1212,450,61000,157400,567,35.299683,-81.4961213,40,,,
1676,847,21496,95100,968,35.2610851,-81.5074373,33,,,
1678,675,52574,149700,719,35.3014492,-81.4742285,43,,,
1414,616,60833,123300,658,35.2808618,-81.5090419,40,,,
1401,560,38465,111600,686,35.3630898,-81.6231612,44,,,
1177,395,49904,137500,475,35.356291999999996,-81.6775282,33,,,
1855,606,45045,180500,645,35.285124200000006,-81.6525746,25,,,
976,418,31488,119900,609,35.2977246,-81.7080892,33,,,
1136,391,33239,83000,516,35.315405600000005,-81.6468164,38,,,
2125,746,27344,78900,1015,35.5257966,-81.5522868,41,,,
1510,582,34528,91200,658,35.4722226,-81.5301728,30,,,
1581,523,28021,87500,651,35.3980159,-81.5766108,45,,,
1345,433,22773,78900,599,35.2890173,-81.5583194,47,,,
571,256,28971,90700,291,35.289072499999996,-81.5466161,62,,,
872,349,33750,116400,514,35.4201811,-81.4831531,35,,,
1016,437,26344,113600,458,35.417970700000005,-81.519308,40,,,
685,393,34647,98100,515,35.2465757,-81.3329825,54,,,
1356,595,35199,80700,724,35.2203604,-81.355293,51,,,
1003,387,44712,91400,457,35.258470200000005,-81.3302938,63,,,
762,324,62907,93000,402,35.4952579,-81.6080808,54,,,
621,280,39107,75500,322,35.5265631,-81.6505962,31,,,
1244,563,38125,106700,652,35.425340399999996,-81.6144405,42,,,
1636,576,53611,117800,691,35.421671200000006,-81.6634059,31,,,
1848,643,44270,95700,813,35.3678247,-81.4464523,34,,,
574,279,29071,72300,304,35.333858299999996,-81.408788,26,,,
1200,497,35532,79800,643,35.2919532,-81.3691097,28,,,
713,260,25455,112000,367,35.335670799999995,-81.4380617,41,,,
1348,437,78750,244600,458,35.3136529,-81.4480414,28,,,
1479,632,47813,120000,675,35.317716299999994,-81.3800807,25,,,
1993,651,51250,132900,651,35.2730725,-81.4017,34,,,
1375,478,66786,212200,478,35.2812792,-81.4401299,23,,,
2118,872,47237,129000,998,35.2225834,-81.4237191,34,,,
1104,503,39965,139200,659,35.1788118,-81.3465459,35,,,
910,330,33261,82100,512,35.1759115,-81.4468357,48,,,
1374,508,51845,87400,591,35.192721999999996,-81.4673805,33,,,
1292,470,37000,128400,572,35.2473283,-81.7260924,32,,,
2752,518,63393,155500,575,35.2457011,-81.6801328,32,,,
2757,916,53864,157400,1051,35.2344428,-81.6219358,28,,,
1493,536,55244,103300,656,35.188247100000005,-81.5404423,26,,,
659,220,37059,78200,318,35.233903000000005,-81.5645848,39,,,
1544,533,35625,81200,620,35.244109,-81.5171681,42,,,
2083,759,39632,75100,845,35.2145569,-81.506656,27,,,
749,332,32167,85300,419,35.2488751,-81.484971,41,,,
1574,536,40000,130300,563,35.3427033,-81.5762477,24,,,
648,347,32645,107200,382,35.2185086,-81.3786879,35,,,
689,327,22443,130200,430,35.2969473,-81.5550617,38,,,
480,184,15769,,268,35.283041499999996,-81.5470744,63,,,
1256,517,63480,121000,557,35.4075261,-81.5421986,42,,,
1104,409,30398,78700,409,35.2602843,-81.553908,42,,,
1094,349,47210,96600,416,35.25370529999999,-81.5777147,43,,,
1918,725,31645,118900,808,35.3185286,-81.5055549,38,,,
1430,579,50417,134100,600,35.253781700000005,-81.4016712,31,,,
1835,660,47167,123900,660,35.2059061,-81.4139471,38,,,
1704,625,58487,151600,765,35.2554901,-81.6538131,32,,,
1247,445,52604,93000,582,35.195614,-81.6854766,31,,,
2227,755,32868,101000,844,35.206408700000004,-81.5912964,34,,,
459,159,,80600,206,35.2442326,-81.5339713,29,,,
1953,231,,84400,270,34.1825441,-78.8865616,54,,,
1248,466,43250,66000,647,34.4442483,-78.7483422,39,,,
409,243,21458,65800,341,34.2915591,-79.0299245,38,,,
481,248,36136,52800,316,34.3212282,-78.9986743,33,,,
1579,588,42143,71600,677,34.3158169,-78.9463425,24,,,
1061,402,53629,85000,483,34.2515583,-78.9296648,48,,,
462,270,29008,82300,291,34.3176753,-78.8771307,25,,,
1190,501,21250,,596,34.3228706,-78.8413325,51,,,
745,305,32750,81400,311,34.3505856,-78.7929575,33,,,
1429,573,47404,90000,649,34.3249421,-78.8115415,54,,,
996,469,37476,57300,569,34.2845116,-78.8252582,31,,,
1095,481,68036,152800,538,34.3977468,-78.7419891,29,,,
988,410,78125,200700,494,34.368202399999994,-78.7006963,41,,,
915,388,60000,103800,516,34.360516499999996,-78.7243608,47,,,
745,353,,159700,366,34.3431348,-78.7380031,42,,,
1543,702,40608,109200,752,34.2935875,-78.760413,39,,,
489,161,18068,,322,34.3241596,-78.7166011,43,,,
611,199,21563,93400,281,34.3349582,-78.7123323,56,,,
2300,823,,93100,905,34.3238529,-78.6872249,51,,,
2452,756,38250,87900,865,34.276656,-78.6998455,36,,,
1140,445,43184,122700,481,34.2260649,-78.8325136,39,,,
1209,359,24934,85600,471,34.1329126,-78.7305523,28,,,
962,409,32292,117700,511,34.1438154,-78.861187,44,,,
928,367,50375,242600,655,34.309177899999995,-78.4966046,38,,,
774,304,58409,238500,503,34.2637391,-78.5454543,40,,,
942,453,35152,87200,567,34.3722266,-78.594363,45,,,
1041,435,39028,85700,512,34.2721517,-78.6078292,43,,,
1270,466,41087,56700,466,34.1723899,-78.8344113,36,,,
2125,881,26910,82000,981,34.0393499,-78.7056028,28,,,
489,197,58614,102800,249,34.103904299999996,-78.7759368,34,,,
1915,757,36339,89300,865,34.1897149,-78.656453,29,,,
775,383,35069,105300,430,34.076588799999996,-78.6344817,40,,,
1120,441,34375,156400,520,34.348572100000005,-78.2229069,37,,,
1455,531,40625,100800,603,34.2877819,-78.2575579,36,,,
2246,851,45987,103400,993,34.2767675,-78.3632311,35,,,
1255,487,27951,64200,633,34.16305070000001,-78.8942889,42,,,
1987,821,28341,65900,925,34.4094826,-78.9188439,32,,,
760,437,22480,,512,34.317344399999996,-78.7638927,38,,,
604,351,31934,95700,392,34.3315749,-78.7023791,75,,,
1411,566,43511,76700,654,34.2482106,-78.7491702,44,,,
1697,687,36034,84300,687,34.204125899999994,-78.7568982,35,,,
1694,718,37698,93500,800,34.3992528,-78.6341738,35,,,
1017,531,31845,66800,538,34.380674600000006,-78.8551967,31,,,
1360,546,45952,81700,559,34.1231521,-78.8299359,27,,,
645,234,58000,111300,299,34.1842515,-78.5068271,47,,,
1718,697,34460,112500,834,34.3399175,-78.2885244,37,,,
1063,383,32708,85100,421,34.3540304,-78.5050124,29,,,
978,505,34375,307000,732,35.1142518,-77.0393175,67,,,
1122,474,24600,68300,503,35.0992695,-77.0513308,61,,,
1035,483,40025,116700,575,35.1064569,-77.0687582,56,,,
790,394,47333,141400,447,35.1032179,-77.0653404,72,,,
402,192,21977,67900,274,35.1167786,-77.0529592,55,,,
830,253,15859,,413,35.112116,-77.0505962,62,,,
357,209,15296,,368,35.110074499999996,-77.050817,64,,,
808,423,41629,104700,557,35.12232120000001,-77.0464833,70,,,
4953,1700,78674,226300,2007,34.975485600000006,-76.9489615,17,,,
1761,735,57301,138900,877,34.9034524,-76.9279522,44,,,
1822,785,50252,135600,984,34.8854343,-77.0300814,32,,,
784,308,52333,132600,327,35.1137767,-77.0796289,47,,,
2452,1044,46023,114500,1104,35.1136024,-77.0876924,22,,,
1186,363,18583,66900,441,35.1127044,-77.0665216,55,,,
2022,666,58636,110800,718,35.306676,-77.0673334,36,,,
1587,764,23088,87500,847,35.30909260000001,-77.2506059,22,,,
1379,651,37786,110800,697,35.244118799999995,-77.116536,31,,,
1593,639,35250,98400,713,35.3053461,-77.1542693,40,,,
1476,659,35529,76700,751,35.3553704,-77.2064819,33,,,
1373,535,59028,128400,575,35.170820899999995,-77.242469,54,,,
2026,721,67708,158900,879,35.2259601,-77.1856453,24,,,
497,248,50833,68100,310,35.18519129999999,-77.3622781,39,,,
1503,618,19350,,678,35.290051899999995,-77.3694883,52,,,
1385,566,38864,69400,725,35.232978499999994,-77.3527454,40,,,
1134,639,25810,134900,742,35.12385870000001,-77.0932639,33,,,
2025,1084,30588,111000,1084,35.154902500000006,-77.0974113,31,,,
2299,1160,61029,172200,1704,35.076257,-76.965687,30,,,
719,363,60225,175200,363,35.2202265,-76.9752119,30,,,
3009,1138,52685,103500,1392,35.1772039,-77.0611423,33,,,
1498,766,54474,266200,933,35.1110847,-77.1079215,27,,,
1923,754,54389,128200,870,35.0871979,-77.0596569,27,,,
1162,495,38798,113100,612,35.0976219,-77.0909878,39,,,
680,272,106146,431300,305,35.0756158,-77.0957533,51,,,
2229,935,78385,227700,998,35.0838293,-77.0800333,39,,,
1468,676,69545,193100,789,35.0709005,-77.1427869,37,,,
1531,633,64728,161100,707,35.07110479999999,-77.1618093,28,,,
654,362,51250,231600,460,35.0843819,-77.0465082,36,,,
5606,1941,81934,234800,1987,34.985717799999996,-77.0473431,17,,,
2035,823,56902,158700,908,35.036270200000004,-76.9893381,30,,,
659,248,44297,129900,306,35.067561,-77.0154431,55,,,
572,252,85119,170100,252,35.0853628,-77.0277608,26,,,
1107,490,36776,,522,34.898344,-76.9084472,15,,,
671,190,59079,,215,34.9464437,-76.878725,45,,,
3634,19,,,19,34.905080600000005,-76.8877423,,,,
1655,542,53235,121900,601,34.854118799999995,-76.9237308,44,,,
1506,556,51364,128000,599,34.8530988,-76.8982916,44,,,
1993,742,48000,137800,756,34.8596237,-76.8366271,29,,,
1862,706,45882,129200,734,34.864471200000004,-76.8941028,33,,,
849,385,53826,139300,403,34.8759649,-76.8897682,35,,,
1188,489,65865,133300,618,34.9325655,-76.6987909,23,,,
2682,1051,59595,191300,1292,34.8891445,-76.8031779,21,,,
1545,584,40833,134300,634,35.1204894,-77.0721661,45,,,
706,272,46500,75200,385,35.1340396,-77.0615013,31,,,
3681,1658,43438,124000,1764,35.146691100000005,-77.1426598,21,,,
1374,610,65714,226000,662,35.096331400000004,-76.9793914,17,,,
889,352,51410,148800,378,35.17796370000001,-77.0280659,41,,,
2987,1413,51952,177000,1460,35.1097343,-77.1673449,20,,,
1130,415,82614,195200,470,35.091568200000005,-77.1121986,28,,,
1172,486,92500,199500,497,35.0796949,-77.1160239,41,,,
4800,1946,83815,217700,2131,35.048148,-77.0296981,14,,,
1018,331,45231,89300,422,35.041244899999995,-77.0057354,41,,,
1788,563,43428,,726,34.9392989,-76.9130087,15,,,
712,291,50938,,353,34.891453600000006,-76.9171919,45,,,
809,304,37788,150000,356,34.8772486,-76.8976104,42,,,
1101,528,35058,83200,636,35.055652200000004,-79.0122615,23,,,
3295,1078,56471,157000,1203,35.0529217,-79.0293488,28,,,
2017,846,40833,85300,995,34.998396899999996,-78.9664092,40,,,
1539,635,40991,80600,744,35.12660770000001,-78.9129076,41,,,
1081,452,48365,100300,501,35.033606299999995,-78.9364764,54,,,
1193,581,36493,89000,691,35.037084899999996,-78.9465343,46,,,
1104,376,58235,116100,499,35.0275269,-78.9875566,32,,,
3191,1060,47667,118700,1320,35.0125919,-78.9971497,33,,,
1127,411,55766,142200,473,35.0161122,-78.989667,26,,,
1203,552,38750,107600,715,35.0350633,-78.987717,27,,,
1645,664,50405,86500,766,35.0257258,-78.992546,38,,,
1127,466,27000,81700,634,35.1486825,-78.9153231,42,,,
3867,1316,68796,222300,1483,35.1494472,-78.8922969,21,,,
2427,991,62193,235000,1177,35.1677694,-78.888697,18,,,
726,398,57422,188400,547,35.0634811,-78.9084415,59,,,
1134,379,39063,103700,395,35.0810804,-78.9193494,57,,,
1001,347,38792,140000,403,35.069252500000005,-78.9205383,58,,,
1725,741,53005,112300,800,35.1103131,-78.865969,40,,,
1114,401,55598,109900,517,34.888850899999994,-78.7778116,26,,,
490,209,51169,83200,299,34.9317375,-78.6440581,40,,,
2542,1106,26587,82400,1234,35.046954299999996,-78.9987016,23,,,
1840,417,33472,91100,494,35.0803338,-78.8931859,53,,,
849,357,25074,87400,433,35.0919756,-78.8954423,53,,,
1306,516,41897,97100,568,35.0972777,-78.9022232,45,,,
1450,653,26301,97200,694,35.098678,-78.8855516,38,,,
901,373,11985,101700,418,35.086294,-78.8851598,46,,,
1164,377,24567,,524,35.0749531,-78.8842613,55,,,
1830,996,29427,86100,1264,35.0875815,-78.872393,42,,,
2003,777,42577,116600,912,34.9751806,-78.9561977,28,,,
3912,1471,58824,155100,1596,34.9689412,-78.9328495,19,,,
1783,564,44074,94000,664,34.9785003,-78.9685442,33,,,
3112,1071,55208,107400,1141,35.03178870000001,-78.6837135,26,,,
1980,841,43866,114700,908,34.986919,-78.710445,30,,,
1690,638,73750,200900,926,35.016198100000004,-78.7458312,24,,,
1665,573,26115,99300,692,35.0350714,-78.83211,48,,,
807,282,,69400,446,35.0588894,-78.8174157,55,,,
940,433,14549,64200,494,35.0480251,-78.844678,35,,,
1646,702,30667,94500,730,34.9951156,-78.8086634,35,,,
2538,940,58283,138400,977,35.065710100000004,-78.7840242,23,,,
1404,480,53367,122300,495,35.1153669,-78.685908,32,,,
2312,847,68015,254000,951,35.024120399999994,-79.0256698,23,,,
885,329,40545,103000,381,35.0203101,-79.0073324,40,,,
1258,507,27863,85400,601,35.0246489,-78.9057601,50,,,
532,207,16641,45000,234,35.018985,-78.899574,62,,,
503,179,25852,56500,206,35.0326049,-78.8896438,67,,,
1268,561,19531,,634,35.041452299999996,-78.9246855,34,,,
444,195,13125,55900,210,35.0244393,-78.917273,46,,,
919,427,90721,180200,557,35.03547460000001,-78.9052959,33,,,
1773,791,57688,207900,877,35.0305181,-78.9187589,44,,,
954,409,53458,135300,493,35.03552,-78.9278858,45,,,
1280,597,26382,105600,761,35.0856308,-78.9593614,43,,,
809,408,49239,116300,421,35.1064859,-78.9665004,6,,,
2111,1074,27180,75500,1219,35.0915411,-78.9468679,36,,,
1057,464,24926,81900,569,35.1012348,-78.945928,57,,,
1675,558,80179,211000,605,35.2376342,-78.8559497,24,,,
2519,1054,45686,83700,1244,35.1958533,-78.9502893,15,,,
889,309,29688,82500,348,35.1951672,-79.0141923,41,,,
1656,587,36250,82500,689,35.2007949,-78.9726031,35,,,
3715,1212,76651,174300,1297,34.993080600000006,-79.0446211,19,,,
2026,724,81324,215500,779,35.0227114,-79.0454587,20,,,
1177,540,42656,154900,639,35.05632070000001,-78.898539,62,,,
771,438,39063,159800,551,35.0643451,-78.9006794,56,,,
1694,690,25654,76900,962,35.082209999999996,-78.906042,52,,,
1595,532,42344,111500,595,34.9708688,-78.8882707,28,,,
1251,611,40647,89700,737,35.082177,-78.9363231,45,,,
1230,704,25754,281400,937,35.0761276,-78.948906,,,,
1472,570,60985,151300,778,35.1365739,-78.8815005,29,,,
1346,836,36223,146600,961,35.1411997,-78.886775,33,,,
2264,930,54310,146800,1080,35.072558,-78.984027,32,,,
2451,1078,49375,130600,1233,35.0778174,-79.0070409,24,,,
2115,750,70403,154900,874,35.070925200000005,-78.9966868,39,,,
2237,838,62532,116600,959,34.9397278,-78.8977789,19,,,
4022,1105,75963,190100,1342,34.8894789,-78.9204712,16,,,
1805,641,86902,240300,711,34.868887,-78.8755154,27,,,
4305,1399,83463,232800,1645,34.962998299999995,-79.0216412,17,,,
803,217,55625,86200,344,34.945667900000004,-79.0101587,26,,,
2519,976,36441,133300,1085,34.9671399,-78.9852769,32,,,
1842,523,76319,166500,593,34.948396100000004,-78.9889814,15,,,
2215,656,48200,159600,767,34.9448091,-78.9808496,25,,,
2033,772,38000,92500,850,34.934093700000005,-78.9513522,34,,,
4628,1416,92000,217300,1593,34.993635499999996,-78.9938079,19,,,
3329,1549,44918,78500,1802,35.0540124,-78.983633,27,,,
2037,950,30571,100400,1199,35.095018200000005,-78.9909757,39,,,
582,239,48201,92700,297,35.0617614,-78.9895746,35,,,
1550,530,37593,83400,623,35.0687571,-79.004547,42,,,
2813,1510,37637,76700,1809,35.0615118,-79.0052573,24,,,
1214,468,37424,134700,534,35.064792600000004,-79.0452598,32,,,
1833,709,52163,134900,821,35.0628961,-79.0676893,32,,,
1720,552,52308,120900,590,35.073133,-79.05128,27,,,
3842,1045,66536,212600,1165,35.0531278,-79.0838708,17,,,
2196,862,40076,100800,1008,35.045796100000004,-79.0426858,25,,,
2380,755,60164,127900,820,35.0389825,-79.0567169,30,,,
0,0,,,0,35.1715497,-79.017085,,,,
3385,884,40357,156900,947,35.1693286,-79.0005907,35,,,
2597,0,,,0,35.152539399999995,-79.0095428,,,,
1904,207,47583,,207,35.139591499999995,-79.0221694,14,,,
2556,806,35125,,891,35.142779100000006,-79.0121714,21,,,
1149,0,,,0,35.1298725,-79.027538,,,,
1275,0,,,0,35.119834600000004,-79.00407,,,,
1932,633,35186,,714,35.1314119,-79.0085229,26,,,
1605,315,80250,,372,35.148036100000006,-78.9918204,64,,,
1861,56,44231,,121,35.119403000000005,-78.987389,44,,,
3118,1184,57404,140400,1390,35.2198613,-78.7761999,27,,,
0,0,,,0,35.125468700000006,-78.9758678,,,,
2726,1020,45549,,1130,35.1504593,-78.9732266,28,,,
2434,768,40962,,895,35.131974299999996,-78.9618517,41,,,
1168,392,13077,60600,527,35.0658286,-78.8638389,55,,,
1102,186,47500,282500,301,35.0529878,-78.8796175,46,,,
0,0,,,0,35.1165719,-79.0601671,,,,
453,0,,,0,35.155986299999995,-78.93185,,,,
575,252,26736,73300,301,35.0316404,-78.8767341,24,,,
1280,599,14661,59200,677,35.041357399999995,-78.8663935,10,,,
1350,614,29375,115800,865,35.0379563,-78.9822092,38,,,
1264,436,55259,111500,503,35.0284299,-78.9780154,42,,,
463,174,50962,94300,205,35.094412,-78.9819398,50,,,
2796,1415,48688,95600,1644,35.0777997,-78.9744225,22,,,
917,445,22432,88500,520,35.084454,-78.9836648,46,,,
829,356,64125,139100,412,35.102173,-78.9876974,50,,,
1645,794,33693,135000,909,35.0888246,-79.0027768,34,,,
2816,1137,37104,126800,1314,35.1762761,-78.9878236,23,,,
485,217,,93300,302,35.1790458,-78.973587,47,,,
418,184,34500,,241,35.167919399999995,-78.9760435,46,,,
1725,602,61371,145800,698,35.1264415,-78.8281904,32,,,
1636,626,47361,179300,703,35.1165236,-78.7751154,39,,,
431,177,12596,,256,35.0518733,-78.8661587,60,,,
1457,516,28750,86000,609,35.011369,-78.9335777,44,,,
1503,558,44565,85900,645,35.0250806,-78.9652477,52,,,
4405,1575,47165,138000,1791,34.9964219,-78.9504314,15,,,
2029,798,31585,97500,931,35.0217119,-78.9455068,51,,,
1156,582,28750,72100,683,35.0113024,-78.9704334,26,,,
3581,1612,45847,228100,1861,35.145826,-78.8631113,26,,,
1278,506,105192,312200,558,35.058428799999994,-78.9292725,51,,,
1934,874,38906,240300,1012,35.0502369,-78.9280389,45,,,
817,349,68563,287700,462,35.0437795,-78.9113764,54,,,
1682,603,21757,95600,689,35.0070739,-78.9217015,41,,,
1327,543,46641,50300,638,35.007222,-78.9053399,19,,,
2882,1034,37857,119400,1182,34.99578029999999,-78.911808,23,,,
2419,933,47128,87900,1014,35.014688299999996,-78.9593589,44,,,
1335,688,47596,150800,855,35.0700188,-78.9612735,24,,,
350,184,36944,,223,35.05247,-78.9704226,40,,,
1997,833,29931,106800,974,35.0480827,-78.9654677,42,,,
1433,598,51389,113700,711,35.055753,-78.9564834,34,,,
1271,436,91912,300000,491,35.0714297,-78.9369374,39,,,
1302,541,44828,112000,655,35.093118200000006,-78.9286408,42,,,
796,399,19327,64200,581,35.112387,-78.938999,43,,,
746,281,24844,68300,389,35.103211200000004,-78.9245432,42,,,
748,349,19299,,414,35.1071809,-78.9175357,40,,,
1367,775,25739,,964,35.1136057,-78.9126323,38,,,
1175,518,41078,128300,573,35.1070485,-78.9043985,38,,,
1263,481,46611,84900,584,35.1233403,-78.9085958,44,,,
4619,1988,57228,172100,2239,35.1150857,-78.893592,29,,,
1754,661,61635,133300,834,35.1288751,-78.8877694,39,,,
1248,397,35272,138300,476,34.8745688,-78.5882498,27,,,
744,390,37708,114300,465,35.0727646,-78.906594,63,,,
603,360,35000,,416,35.077918700000005,-78.9249035,61,,,
570,373,32292,154000,425,35.06527020000001,-78.9147183,56,,,
2316,644,41250,140000,776,35.1249477,-78.8702822,39,,,
1210,489,50625,85700,583,34.87652620000001,-78.6896638,28,,,
663,321,62679,191100,407,35.0609526,-78.8918493,65,,,
1082,439,29653,86800,538,35.0900975,-78.9147037,29,,,
1383,569,44020,119900,631,34.9935477,-78.8683943,40,,,
5079,1668,73125,201200,1814,34.9148809,-78.8787304,18,,,
2641,1022,40870,99800,1119,34.9222106,-78.8228948,26,,,
1167,491,39536,105600,522,34.972337700000004,-78.9715918,41,,,
2538,825,53949,132400,887,34.9469395,-78.9604581,22,,,
2659,1129,55464,115400,1316,35.0157126,-78.9792112,23,,,
1118,453,35260,81300,579,35.0642361,-79.0070263,38,,,
1585,647,32003,81500,1008,35.071295,-79.0158327,30,,,
1324,526,42907,92900,616,35.023215,-78.8073888,27,,,
3036,1115,51042,255500,1348,35.061931200000004,-78.7425001,20,,,
1190,455,51806,118000,532,35.16603189999999,-78.6757647,39,,,
2179,775,66779,174700,826,35.031101799999995,-79.0098731,32,,,
2532,864,81250,220400,924,35.189317100000004,-78.8927572,22,,,
619,258,31250,86700,293,35.18457120000001,-78.994692,37,,,
2114,761,105039,257000,844,34.9949175,-79.016823,28,,,
655,289,33750,90900,444,35.044698600000004,-78.8923009,55,,,
885,336,44167,107100,383,35.089451200000006,-78.9749969,50,,,
2054,828,33333,88800,981,35.0331155,-78.9566198,47,,,
998,389,82721,140200,507,35.10275,-78.9798915,44,,,
2482,1136,36169,100200,1321,35.092825399999995,-79.0173507,44,,,
1003,479,36387,,589,35.168169,-78.9655057,31,,,
1684,610,44375,106700,729,35.1948802,-78.7030564,41,,,
2076,795,49977,138900,1058,35.0646349,-79.0567678,25,,,
4041,1372,56944,150100,1579,35.0418648,-79.071742,16,,,
3012,1143,61359,151000,1394,35.050494,-79.0530794,18,,,
1112,0,,,0,35.1568557,-79.0355474,,,,
1232,411,49036,98100,512,35.019662200000006,-78.9302637,52,,,
717,261,48042,73000,279,35.0344626,-78.9655759,58,,,
859,335,31607,67000,405,35.037268700000006,-78.9695933,58,,,
2140,809,74471,297600,892,35.0564971,-78.9448477,34,,,
1405,591,70208,278900,702,35.054829999999995,-78.9085636,67,,,
2202,747,47974,115700,882,34.988318299999996,-78.9389871,27,,,
3623,1282,58438,142400,1542,34.9828018,-78.9156709,20,,,
1493,678,49444,131700,803,35.063390399999996,-78.9719792,41,,,
987,434,46667,101500,497,35.0490711,-78.9568618,50,,,
537,270,71196,435200,2052,36.331206,-75.8512027,21,,,
5388,2005,100640,279100,2121,36.4842326,-76.1743523,16,,,
1439,600,49038,163500,697,36.5059811,-75.9583353,29,,,
1682,693,53852,147200,693,36.4709153,-76.0537633,23,,,
2756,1097,100597,299800,1242,36.46598970000001,-76.0268799,21,,,
1500,629,41034,188300,659,36.3551359,-75.9974634,28,,,
2306,914,51900,207400,1149,36.368043799999995,-75.9270503,33,,,
1446,571,53274,131700,720,36.25452670000001,-75.8537976,30,,,
2155,967,59688,240200,1075,36.2169318,-75.8915561,25,,,
1902,704,50833,250400,958,36.127052899999995,-75.8042574,24,,,
0,0,,,0,36.0774585,-75.8531612,,,,
395,167,46350,444100,2544,36.314118,-75.8069684,24,,,
1952,763,62063,250200,821,36.415997,-76.0767134,23,,,
0,0,,,0,36.3931856,-75.7922637,,,,
2338,768,79819,246500,826,36.5333217,-76.224823,23,,,
1867,790,79741,244500,1193,36.0262763,-75.7068896,23,,,
1721,695,60850,261800,1112,36.0154635,-75.717927,30,,,
1209,536,51486,205200,1538,36.04274,-75.6770627,41,,,
1340,616,46550,228000,945,36.031526299999996,-75.6811728,30,,,
836,392,56296,263700,912,36.047197,-75.6903605,33,,,
1003,470,49457,381100,1490,35.9785105,-75.6520775,31,,,
1621,660,77115,308000,1918,35.941621600000005,-75.6248799,34,,,
810,345,55491,242100,1632,36.013275799999995,-75.6576238,34,,,
0,0,,,0,35.9562115,-75.6883141,,,,
0,0,,,0,36.0018548,-75.8711395,,,,
1216,523,45861,158700,739,35.7808954,-75.8669833,33,,,
2253,962,48056,248400,1712,35.254047299999996,-75.5707759,29,,,
579,303,71713,367800,1031,35.213860700000005,-75.6903879,28,,,
1648,680,65781,296300,750,35.9298893,-75.7038801,30,,,
1490,439,42238,195800,466,35.9221597,-75.6854586,28,,,
2297,1014,35625,221900,1163,35.8954964,-75.6798264,29,,,
0,0,,,0,35.8596196,-75.6900784,,,,
1957,797,49421,224800,904,35.83323,-75.6242805,34,,,
0,0,,,0,35.5084209,-75.6442767,,,,
1198,560,93056,587700,3620,36.207246399999995,-75.7893927,31,,,
2872,1184,93750,478500,1972,36.111166,-75.744705,25,,,
1616,590,78000,359300,716,36.071615,-75.734145,23,,,
1830,906,56400,310400,2432,36.080022799999995,-75.71726,29,,,
1084,422,83750,273500,568,36.0195802,-75.676615,29,,,
0,0,,,0,35.996606899999996,-75.7487965,,,,
2267,989,51250,262200,1205,35.9996114,-75.6706033,32,,,
284,170,40192,342900,1657,35.8461596,-75.5769529,32,,,
914,543,37878,257300,3342,35.472703499999994,-75.5239607,31,,,
0,0,,,0,35.9235833,-75.727054,,,,
1829,855,59387,403600,1498,35.9114771,-75.6652799,27,,,
0,0,,,0,36.231548,-75.773237,,,,
0,0,,,0,36.0328508,-75.7847077,,,,
1186,516,42877,88800,605,35.8926774,-80.082086,49,,,
2012,691,44051,120500,735,35.9006057,-80.0612932,40,,,
687,313,21679,61900,375,35.8903689,-80.0750452,50,,,
1940,663,70184,170400,675,35.8140403,-80.0632548,31,,,
547,316,29559,132000,353,35.8557784,-80.0750754,55,,,
1397,673,49375,189000,876,35.890432200000006,-80.2149427,37,,,
1706,724,46759,129600,762,35.907701200000005,-80.257876,38,,,
2064,834,63421,152600,874,35.8805311,-80.2516615,36,,,
870,388,21364,130900,491,35.8149665,-80.2741287,32,,,
1283,488,29671,97500,488,35.8141046,-80.2895904,26,,,
728,245,35118,,379,35.8188917,-80.2641721,45,,,
1085,394,44018,113900,486,35.8590107,-80.0890511,51,,,
820,330,30994,96100,381,35.8650398,-80.0970065,58,,,
1334,460,42976,108400,460,35.8636155,-80.1149826,26,,,
817,260,36582,135600,311,35.8753338,-80.0932942,27,,,
1811,707,57981,147500,750,35.7579091,-80.2117814,36,,,
888,294,16694,77900,382,35.819897499999996,-80.2409022,43,,,
948,233,,77200,233,35.820335799999995,-80.2277823,51,,,
322,96,,,116,35.8226333,-80.2488407,41,,,
2477,848,42319,138000,893,35.7831565,-80.2202848,48,,,
2028,760,40403,123000,1054,35.7182468,-80.228705,40,,,
1657,699,17393,75600,866,35.891221,-80.0926891,46,,,
1700,764,43750,122200,790,35.8803357,-80.1220673,45,,,
941,405,27868,79300,477,35.828245,-80.2659843,64,,,
2190,720,56453,144500,843,35.9015701,-80.126198,36,,,
515,231,,204200,286,35.8589125,-80.1698737,35,,,
1787,823,52188,157200,823,35.846126399999996,-80.1444354,40,,,
1009,340,33640,,382,35.7682377,-80.3435961,26,,,
1661,642,46833,179300,785,35.847472700000004,-80.3605153,26,,,
1529,736,42448,101300,793,35.822601,-80.403133,38,,,
2400,869,42109,102900,1012,35.777350299999995,-80.4347565,32,,,
574,225,65179,118900,313,35.801938799999995,-80.3564422,24,,,
2709,847,54514,122200,923,35.7710931,-80.3706995,25,,,
1394,471,55104,89100,522,35.7758186,-80.3982913,22,,,
655,264,49828,93900,354,35.7821954,-80.2969362,46,,,
921,335,48819,116600,367,35.767832299999995,-80.2919948,38,,,
851,310,42083,113700,310,35.7419355,-80.2920353,40,,,
955,415,41375,101200,415,35.764441399999995,-80.2477084,44,,,
1170,534,48939,135700,769,35.7248827,-80.3487277,35,,,
994,476,60147,184600,662,35.6583971,-80.2821258,29,,,
1252,418,70921,102300,526,35.6669826,-80.2535585,23,,,
1298,620,61324,104400,860,35.7126016,-80.2832068,28,,,
2510,1004,41566,118400,1137,35.8194007,-80.1646226,39,,,
1922,666,53015,78300,943,35.7949677,-80.1153592,26,,,
1255,459,49485,124300,502,35.7845615,-80.0735051,31,,,
1904,836,60141,114800,946,35.7370653,-80.1422631,34,,,
1812,694,42446,113400,694,35.7351023,-80.0720438,26,,,
1294,541,42415,86500,705,35.6853323,-80.1270652,31,,,
1831,818,51250,139400,1053,35.5593131,-80.1411712,29,,,
913,327,37083,96900,380,35.6462037,-80.109793,52,,,
477,217,59063,96500,268,35.6410507,-80.1299516,42,,,
1930,715,57694,145300,822,35.6021002,-80.1174561,35,,,
1374,579,31788,,602,35.8807624,-80.0725406,53,,,
917,393,62867,112700,428,35.871604999999995,-80.061693,58,,,
1788,668,21944,51300,765,35.7958343,-80.2768492,42,,,
1179,589,48980,157600,632,35.8058825,-80.2478975,52,,,
2655,970,26179,209400,1129,35.794449900000004,-80.2503706,41,,,
4559,1745,56445,179400,1990,35.9846311,-80.0612646,14,,,
1690,589,84750,218300,656,36.012935600000006,-80.1663718,25,,,
2797,1160,66875,166800,1320,35.9880333,-80.1359752,31,,,
848,420,60313,154900,521,35.976150200000006,-80.0847198,41,,,
1224,580,71912,162900,627,35.96510670000001,-80.2087917,35,,,
1698,638,68690,170800,720,35.9444641,-80.1740822,31,,,
1333,555,78875,178400,591,35.976594899999995,-80.1665149,38,,,
515,249,35759,,249,35.9850188,-80.2008043,27,,,
2412,977,47969,122200,1010,36.0086029,-80.2006933,35,,,
3441,1353,67894,183900,1440,35.9755374,-80.2673998,29,,,
1973,670,77731,164100,732,35.9855709,-80.2349897,24,,,
1814,786,51923,153300,803,35.956092299999995,-80.2369894,30,,,
2580,910,58654,150400,995,35.9292991,-80.2202423,25,,,
1466,555,81047,239000,565,35.953897,-80.2818415,19,,,
2764,1147,66198,158100,1197,35.986819200000006,-80.2955039,29,,,
1205,413,76339,212500,452,35.981513299999996,-80.3239059,20,,,
2030,892,66038,183200,1085,35.959315999999994,-80.3545611,28,,,
1813,807,52813,151000,928,35.907447399999995,-80.341444,28,,,
2737,1001,62464,159400,1062,35.928802000000005,-80.2970297,27,,,
3257,1078,51563,117500,1143,35.9137378,-80.0799935,23,,,
1518,582,82083,174900,582,35.937012200000005,-80.0929607,24,,,
1127,497,35709,117200,564,35.9240946,-80.0563951,36,,,
2099,792,61389,149000,872,35.8427905,-80.0613024,34,,,
1578,589,34743,114200,705,35.8556883,-80.2629545,47,,,
2019,823,32450,97800,906,35.837674299999996,-80.2726634,42,,,
1575,620,47833,120500,620,35.874647100000004,-80.286272,36,,,
1345,595,49886,130400,739,35.8541237,-80.301323,42,,,
2160,797,54679,127700,899,35.8157948,-80.3411939,27,,,
1359,545,51771,182200,580,35.9025013,-80.0759446,43,,,
578,322,31471,116200,322,35.8303021,-80.1057891,52,,,
2112,821,55033,146200,861,35.846691899999996,-80.1049918,32,,,
1025,358,19028,55000,487,35.8282778,-80.241271,52,,,
1116,520,45954,128000,520,35.7224833,-80.186569,30,,,
622,265,38009,78200,492,35.8854032,-80.0958051,53,,,
1290,476,40500,124600,581,35.829854100000006,-80.2534981,70,,,
1151,518,85385,213900,578,35.921724299999994,-80.1525722,25,,,
1239,694,33716,76700,778,35.8723801,-80.0818265,61,,,
1161,610,25474,124200,656,35.984342600000005,-80.0492814,39,,,
1823,722,85938,221600,803,35.9950037,-80.1009104,31,,,
1024,400,47188,164500,407,35.8960839,-80.2994926,30,,,
1321,577,74896,196100,589,35.9505573,-80.0595196,18,,,
2039,750,37396,100400,940,35.845949,-80.2287388,39,,,
516,271,10325,,406,35.839667999999996,-80.2552361,66,,,
1729,725,66979,177700,828,35.813455,-80.3099999,29,,,
1610,539,47113,125200,584,35.876718100000005,-80.3665889,27,,,
1377,643,41838,122500,679,35.73541420000001,-80.2557177,36,,,
1524,600,52273,117800,600,35.8013074,-80.1941291,41,,,
1252,557,48109,124000,818,35.640460299999994,-80.2140194,28,,,
689,286,33947,121100,342,35.63704,-80.0800749,37,,,
2597,1258,33877,110500,1339,35.8893724,-80.055395,44,,,
1060,341,21477,60600,385,35.812256,-80.2588251,59,,,
2504,1078,81576,273600,1293,36.00029779999999,-80.4156188,37,,,
1371,491,78795,261500,623,35.9639406,-80.4903655,32,,,
2551,858,43990,120600,927,35.9600593,-80.4495298,31,,,
2723,1081,113313,330700,1190,35.9869493,-80.448267,16,,,
1701,614,70821,116600,713,35.9193487,-80.5258821,29,,,
1974,529,54406,160800,551,35.8840537,-80.5350697,31,,,
1166,609,30797,116300,705,35.90273010000001,-80.5425059,34,,,
1106,407,53309,160200,407,36.003412700000005,-80.4686965,40,,,
1285,523,61932,235300,523,35.9935626,-80.5155343,34,,,
2312,973,58813,195900,1106,36.0257873,-80.4671089,33,,,
695,366,58088,296900,486,36.0045473,-80.5608739,26,,,
2190,706,53763,137700,869,35.96738679999999,-80.6109426,26,,,
1763,534,59833,194400,639,35.865784600000005,-80.6312883,46,,,
2628,984,57703,89900,1196,36.00854520000001,-80.6633719,27,,,
1317,483,48482,91800,620,35.8275564,-80.5513742,55,,,
1211,461,84688,287100,488,35.9288347,-80.3878929,25,,,
2666,1111,56699,192700,1304,35.911435600000004,-80.4526741,32,,,
2054,890,33250,97500,1042,35.856308,-80.5306523,38,,,
1542,514,40000,132800,580,35.809039899999995,-80.5243204,43,,,
1887,790,42656,149500,940,35.944911499999996,-80.5744542,27,,,
1158,442,50326,172500,502,35.9122686,-80.5998422,41,,,
1493,481,42348,109000,599,35.9393598,-80.6764598,37,,,
852,345,65159,129600,438,35.862069,-80.4269725,42,,,
971,418,48724,124700,511,35.807284700000004,-80.4889106,28,,,
871,311,,225700,330,35.87918629999999,-80.5708658,40,,,
991,522,36750,63100,629,35.1265927,-78.0163575,40,,,
1583,525,38301,72400,677,35.0830987,-78.0757509,32,,,
1884,537,43701,101500,679,35.1342024,-78.1464017,45,,,
1412,582,26486,64600,582,35.042317100000005,-78.0896909,34,,,
1526,615,24827,104200,690,34.980560700000005,-78.0678441,63,,,
1302,416,51719,96700,544,35.017599600000004,-78.0364486,45,,,
765,355,30865,95000,463,34.956365000000005,-77.965711,47,,,
1214,474,41410,88600,516,34.9343453,-78.0242135,33,,,
2432,753,51118,108800,850,35.0102434,-77.7995125,35,,,
2090,861,42404,139700,1068,34.944044500000004,-77.8166382,32,,,
1799,555,48785,82100,686,34.885750200000004,-77.7989961,27,,,
1590,689,36250,125000,864,34.9082273,-77.7646652,33,,,
1076,551,35914,65900,632,34.750012700000006,-77.8061207,29,,,
1096,403,51875,,438,34.8008681,-77.7371839,30,,,
2506,693,32018,65500,881,35.097553999999995,-77.8862572,35,,,
1605,528,62800,123600,734,34.8126717,-77.7988606,28,,,
1876,756,29651,100700,895,34.8461342,-77.9092694,36,,,
2146,932,54659,262100,1074,34.791869299999995,-77.9116208,19,,,
1864,900,,75700,941,34.7766749,-78.007571,35,,,
2454,1023,31319,97000,1122,34.7472535,-77.9855122,48,,,
2424,963,32450,99000,1200,34.7307547,-77.9798708,49,,,
1202,386,40968,80900,582,34.899201700000006,-78.1118464,27,,,
1845,540,41957,47600,702,34.8664035,-78.076452,35,,,
1405,501,42135,112000,642,34.8364159,-77.9892391,39,,,
1925,671,28914,80000,771,34.8365173,-78.0514494,44,,,
2072,726,53269,84600,876,34.7739301,-78.1127495,28,,,
1952,675,36161,,715,35.149144,-77.9649835,35,,,
1039,408,63125,76400,458,35.1592665,-78.1058146,35,,,
1490,546,41176,65600,638,34.9800489,-78.1227724,44,,,
2124,738,52765,100000,889,35.0155717,-77.9531591,22,,,
1382,596,38917,89800,647,34.929195,-77.9065359,26,,,
1521,479,59338,90500,737,34.9504956,-77.7112783,39,,,
1101,502,45588,94000,585,34.888418200000004,-77.691255,49,,,
4369,1380,31203,59700,1469,35.1216285,-77.8087768,30,,,
3730,1777,56793,175700,1926,35.9460969,-78.9891554,21,,,
1234,568,75288,166000,568,36.1056033,-78.8989338,47,,,
3603,1256,79500,180700,1347,36.0791223,-78.8735727,27,,,
1033,403,25189,107100,450,35.999897999999995,-78.8827337,57,,,
2242,1257,48250,293300,1436,36.012482899999995,-78.9281202,63,,,
2461,899,44250,336000,899,35.985458799999996,-78.9345113,60,,,
2582,1151,42831,257200,1319,35.9791473,-78.9275937,60,,,
435,191,51776,168100,236,36.073299299999995,-78.8114451,45,,,
1705,621,78836,156000,621,36.013974600000005,-78.8472322,23,,,
2635,1090,85430,221600,1148,35.9932527,-78.7421247,14,,,
2546,1101,84760,224200,1122,35.9420941,-78.9413441,34,,,
1737,908,93654,241500,996,35.9624742,-78.930622,37,,,
1186,543,38250,158600,631,36.0192335,-78.8827502,69,,,
2523,1131,31173,160500,1300,36.023311299999996,-78.9036176,53,,,
2223,778,27099,136100,808,35.9912908,-78.8458963,32,,,
2274,813,37120,132000,813,35.998605,-78.8498063,46,,,
1783,795,38250,239000,858,35.9644801,-78.9506633,33,,,
1007,117,16250,,171,36.003953,-78.9251309,44,,,
1973,643,35711,123600,660,35.989270399999995,-78.9198563,41,,,
894,516,28837,148900,572,35.994542100000004,-78.9186938,33,,,
622,287,60469,360200,344,35.999573999999996,-78.9179701,67,,,
1325,542,21810,66300,593,35.9868109,-78.8895496,71,,,
397,200,34643,72100,340,35.9717704,-78.8894651,61,,,
2108,721,12599,70900,821,35.978169,-78.8846617,60,,,
2878,1300,27697,,1466,36.0126786,-78.9404539,36,,,
5273,1739,55729,158100,1933,36.0702698,-78.8881501,38,,,
1802,684,36860,98300,759,35.9558169,-78.9181572,50,,,
1115,536,32419,118500,609,35.9578359,-78.9008427,46,,,
1273,421,31004,218900,421,36.009592100000006,-78.8800271,55,,,
1049,403,46174,172300,530,36.005223,-78.8917734,2018,,,
894,375,72031,261800,386,36.0098641,-78.8953973,2018,,,
1793,795,90993,233200,851,36.072793100000005,-78.9568283,26,,,
2837,1141,121382,268800,1141,36.0855286,-78.9646727,37,,,
1902,662,100893,259600,724,36.1099577,-78.939341,28,,,
3119,1497,47413,236600,1552,36.0173286,-78.9718027,32,,,
483,213,74313,252100,213,36.040715999999996,-78.964071,39,,,
959,438,80909,205300,471,36.0486588,-78.978304,42,,,
2870,1248,38854,,1401,35.9579777,-78.969361,32,,,
694,304,40217,103400,360,35.9930799,-78.8809134,48,,,
1748,496,39423,66400,567,35.980358100000004,-78.8729322,63,,,
2209,831,20590,63900,917,36.0004542,-78.8686807,54,,,
1730,614,27143,86000,648,35.997461,-78.8760939,53,,,
916,352,30580,,371,35.991580299999995,-78.8752644,56,,,
924,394,16750,85300,394,35.9872941,-78.8665987,34,,,
1486,561,30240,79300,736,35.980004,-78.8991045,68,,,
3175,462,20152,115800,598,35.9734232,-78.9000473,54,,,
1671,0,,,4,36.0068443,-78.9156693,,,,
3043,1255,63915,192200,1255,36.093382899999995,-78.9233072,25,,,
1240,453,61840,160500,502,36.1130343,-78.9158409,45,,,
810,423,87031,237500,423,36.024981700000005,-78.9270101,66,,,
1373,641,72013,173500,641,36.0436735,-78.9195899,50,,,
2229,1022,60750,420400,1170,36.034118299999996,-78.9403258,39,,,
946,379,101797,371700,398,36.0194679,-78.9392616,2018,,,
1169,741,29267,350000,857,35.994301799999995,-78.9099189,45,,,
1261,325,,113800,376,36.0395415,-78.8754588,49,,,
4952,2069,32297,116700,2197,36.0499088,-78.8842045,17,,,
870,362,169583,786800,393,35.948965,-78.9509259,55,,,
2195,879,134402,389000,906,35.937404799999996,-78.9571883,35,,,
1181,476,82303,168600,476,35.8951783,-78.9060349,50,,,
1050,548,35135,138100,597,36.019713200000005,-78.910549,54,,,
657,263,43869,410000,286,36.015167,-78.9144127,68,,,
916,412,91806,277800,472,36.0150113,-78.9030236,70,,,
1529,663,59107,567900,689,36.007315999999996,-78.9065127,2018,,,
3162,34,,,34,36.0013717,-78.9405361,42,,,
1312,683,80540,306400,683,35.980203,-78.9597425,35,,,
2550,873,138125,358000,973,35.999552,-78.9848185,30,,,
1838,752,74900,265800,768,36.194515,-78.9358988,30,,,
2234,971,82463,273900,971,36.127119,-78.8525515,21,,,
5324,870,87681,233700,991,36.189482,-78.8518727,24,,,
2040,752,123160,342100,829,35.8836714,-78.959859,14,,,
5117,1855,149261,364900,1924,35.8831757,-78.9293546,15,,,
1405,481,90284,271300,481,35.905066299999994,-78.9270696,15,,,
2529,1219,54110,184900,1265,35.9148148,-78.9233344,22,,,
1577,674,67300,266400,674,35.920897,-78.945433,32,,,
1696,684,87569,256900,778,35.9168201,-78.9371969,27,,,
1093,616,78333,159400,665,35.9250081,-78.941546,,,,
1099,682,50238,162400,771,35.9266173,-78.9321739,31,,,
1397,664,76667,214400,664,35.9428059,-78.8792205,17,,,
2694,926,109194,216700,985,35.938821399999995,-78.9200153,21,,,
1478,605,85966,172700,605,35.9230007,-78.8949901,29,,,
3342,1310,41602,154100,1361,35.9439653,-78.9103599,18,,,
6329,2734,55727,235200,2869,35.893232399999995,-78.898,15,,,
2698,1119,103304,207000,1168,35.911628,-78.831622,13,,,
2111,1059,52404,526900,1059,35.912155299999995,-78.8145219,13,,,
2054,1015,64837,272900,1213,35.9994119,-78.9017906,63,,,
1007,238,24821,187500,299,35.9883176,-78.9039944,45,,,
0,0,,,0,35.9038564,-78.8659073,,,,
3787,1332,85227,158200,1427,35.9866406,-78.8125852,22,,,
2623,983,71573,149400,1118,35.989284000000005,-78.8283922,21,,,
7162,2741,102321,263300,2900,35.96048,-78.8131335,7,,,
3657,1764,47888,152600,1991,35.9479785,-78.853384,16,,,
2514,927,71058,226300,976,35.93364129999999,-78.8248248,21,,,
2592,1226,39625,195600,1296,35.955811100000005,-78.9613041,26,,,
3943,1947,61788,319100,1987,35.9655244,-78.9850666,20,,,
1061,669,62909,263400,899,35.9028449,-78.9763172,20,,,
1622,949,49632,290900,949,35.8698828,-78.9828585,22,,,
3226,1171,28942,99200,1320,35.966628799999995,-78.9098455,54,,,
3188,1216,47935,159700,1321,36.0636766,-78.915941,31,,,
1331,572,49219,138100,692,36.0488535,-78.9136653,40,,,
1563,813,38554,89700,878,36.050823799999996,-78.9324655,34,,,
1244,545,56989,151200,567,36.0653126,-78.9244167,33,,,
1666,847,35664,124700,934,36.05288,-78.9239256,36,,,
1937,535,48673,149000,535,36.0420347,-78.8362486,34,,,
3122,989,53203,118100,1168,36.0420135,-78.8525257,25,,,
2145,1028,30625,,1233,36.0107651,-78.9507799,26,,,
1863,717,49205,186900,748,36.0322304,-78.8980833,61,,,
516,245,95580,406000,245,35.9910177,-78.9504034,47,,,
398,212,,,412,36.0031549,-78.9553558,46,,,
2023,928,68000,231300,928,36.0599754,-78.9557502,27,,,
1765,854,101818,662400,934,36.0469196,-78.9472148,19,,,
2032,739,40530,151500,751,36.018808299999996,-78.7823194,47,,,
5511,1699,74874,158800,1765,36.012814899999995,-78.8228155,15,,,
2723,1466,103971,447000,1478,35.923615500000004,-79.0010377,22,,,
1270,451,93365,220400,451,36.110057899999994,-78.8730787,39,,,
773,261,37107,,394,36.000017299999996,-78.8894002,61,,,
646,287,56384,196000,287,35.9550179,-78.942257,41,,,
1066,356,36786,130600,389,36.0119994,-78.8598348,51,,,
1493,798,77917,347400,855,35.9600182,-78.7735287,4,,,
1883,666,47411,121200,714,36.028859499999996,-78.8838644,55,,,
1936,666,43944,108100,705,35.9843745,-78.8535315,31,,,
3489,1160,37656,195700,1325,35.9669854,-78.9376877,41,,,
1848,770,23426,144700,912,35.9934406,-78.8905943,55,,,
756,530,32196,,626,36.009645299999995,-78.9455301,14,,,
1771,645,39080,126100,710,35.9638292,-78.8832107,49,,,
1493,685,67054,244400,685,36.031729399999996,-78.966768,38,,,
1694,602,24847,107000,662,35.986779399999996,-78.8772069,66,,,
753,289,42292,79100,327,35.971173,-78.9048006,57,,,
600,280,77333,166000,280,36.0749279,-78.9215538,52,,,
1256,572,90833,340500,572,35.9817935,-78.9129619,62,,,
1703,701,144549,291900,731,36.133171999999995,-78.9302728,27,,,
1513,702,47090,133900,770,36.033906200000004,-78.9186464,49,,,
1160,456,83750,362800,496,36.019464299999996,-78.9269897,76,,,
1009,385,39375,79700,438,36.033662799999995,-78.8782431,36,,,
2023,876,83583,202900,876,35.881235100000005,-78.9089265,35,,,
1373,592,68750,184700,668,35.8973087,-78.916092,36,,,
747,354,65000,338600,360,36.011560100000004,-78.9146754,66,,,
1111,468,93529,376400,532,36.0114632,-78.9037838,68,,,
2971,1484,62574,275300,1706,35.9048489,-78.942668,20,,,
2366,1180,73065,236400,1225,35.9215598,-78.9200288,21,,,
4229,1732,88788,241200,1824,35.9367893,-78.9298792,19,,,
2990,1146,63667,209100,1146,35.925687100000005,-78.9021591,27,,,
590,147,50055,,155,35.9861066,-78.8985021,24,,,
3652,1569,45809,152800,1734,35.9466925,-78.8937351,25,,,
2269,1069,42163,,1117,35.905607399999994,-78.9079154,24,,,
4383,2447,77485,220000,2725,35.8794353,-78.8432298,12,,,
2582,893,92813,194400,948,35.9724788,-78.810665,24,,,
666,391,73304,,407,35.972058600000004,-78.9549913,24,,,
2956,1235,120486,318900,1350,35.928258,-78.9768649,25,,,
1865,874,97464,317400,950,35.9002799,-78.9875025,28,,,
2069,1032,54224,171600,1045,36.0211172,-78.9621934,32,,,
1518,398,50543,125000,398,35.971469899999995,-78.8605758,46,,,
3025,1125,46250,109900,1219,35.975376000000004,-78.8382647,23,,,
1181,555,72344,270200,564,35.9741972,-78.9199886,60,,,
950,495,29549,84900,668,35.937843900000004,-77.7822762,66,,,
1648,633,17244,91300,765,35.9412396,-77.7685225,41,,,
1253,480,59208,93600,569,35.9351912,-77.7486175,42,,,
1664,765,22822,151400,765,35.8894167,-77.5769181,25,,,
1386,582,51477,161200,582,35.9022506,-77.587926,44,,,
701,347,21695,81900,378,35.90553189999999,-77.5548195,67,,,
1224,489,57404,133200,557,35.899471500000004,-77.5487279,48,,,
739,324,40000,94600,396,35.7182019,-77.6501799,32,,,
1453,395,75033,95500,429,35.7658274,-77.5788891,24,,,
1701,631,32181,115800,655,35.9303305,-77.5870798,39,,,
1862,753,45795,94300,761,35.9329436,-77.5437792,36,,,
417,228,33611,,261,35.916134299999996,-77.5552687,42,,,
1499,494,35000,61700,638,36.0252695,-77.7380399,43,,,
1177,434,27237,85300,451,35.9942385,-77.6905098,27,,,
562,267,38625,74400,362,35.9794713,-77.480897,40,,,
2006,840,30533,82400,919,35.822353299999996,-77.4920698,29,,,
678,272,39773,83500,345,35.8883371,-77.4187534,26,,,
962,392,25968,46900,473,35.904494799999995,-77.5116588,54,,,
936,350,22727,67900,465,35.886928600000005,-77.5243555,18,,,
1521,609,40096,71200,725,35.8866993,-77.5089961,25,,,
1230,535,44375,73000,565,35.8401376,-77.581263,27,,,
946,386,36250,97400,468,35.7468376,-77.6812559,52,,,
1019,394,67031,88700,483,36.0429214,-77.586431,38,,,
2257,787,42270,67400,855,35.8903217,-77.6305938,34,,,
1326,445,,,474,35.9229274,-77.7794243,49,,,
1176,359,26024,,480,35.9255709,-77.7973185,65,,,
622,309,14019,,454,35.936566,-77.7941075,58,,,
816,415,25673,72900,491,35.933054,-77.7874594,65,,,
633,232,41552,105200,282,35.9520976,-77.7817139,46,,,
2073,818,42632,99100,846,35.961564200000005,-77.7466505,39,,,
413,245,,74300,341,35.9522919,-77.7680157,46,,,
651,296,,,580,35.9456266,-77.7864744,65,,,
1026,458,30735,63500,517,35.782089299999996,-77.6382188,47,,,
1437,581,39561,78400,630,35.7915595,-77.6875954,31,,,
1937,706,37400,76000,806,35.8447333,-77.7108324,24,,,
868,418,40202,76900,418,35.893019200000005,-77.5415532,44,,,
672,303,24107,91500,332,35.913865799999996,-77.5255444,47,,,
311,105,,73900,146,35.865536600000006,-77.5256136,28,,,
1121,414,26413,66300,539,36.1064031,-77.6766948,41,,,
1171,511,50813,131300,618,35.9246778,-77.6932328,26,,,
1102,443,45969,75500,521,35.8953248,-77.7827556,51,,,
1288,483,30747,81500,552,35.9169021,-77.7885448,52,,,
782,328,,114800,328,35.950781400000004,-77.7733651,55,,,
995,408,39375,85900,467,35.802323,-77.6306426,41,,,
1544,622,41667,121200,813,35.8670918,-77.789912,29,,,
1020,329,45493,85100,387,35.93249470000001,-77.7718797,48,,,
557,261,49750,97500,388,35.9038654,-77.5375428,77,,,
1283,410,39000,121200,478,36.1601085,-80.249118,50,,,
2341,646,30938,70800,739,36.1526619,-80.2313533,55,,,
1462,521,19835,77200,586,36.105548399999996,-80.2105017,50,,,
584,247,37697,60900,362,36.1037204,-80.19939,45,,,
2261,725,61454,116800,769,36.122418200000006,-80.1937636,20,,,
771,295,20625,,518,36.1185506,-80.2053871,57,,,
749,239,12917,70800,256,36.097275700000004,-80.2190847,55,,,
1363,540,62571,175900,637,36.186494700000004,-80.4149602,37,,,
2000,828,74167,148100,933,36.1443714,-80.4130205,39,,,
2179,697,31994,80000,759,36.150418,-80.2537071,49,,,
1640,481,23125,109200,773,36.1381648,-80.2559043,47,,,
2820,1100,76441,145000,1161,36.103283700000006,-80.1415878,30,,,
726,329,86134,188800,329,36.094867799999996,-80.1128111,42,,,
2336,1060,56875,152900,1119,36.04617879999999,-80.3032392,25,,,
2587,944,104286,261800,957,36.0519648,-80.4399899,40,,,
2428,915,49740,211800,969,36.080101,-80.4730507,31,,,
1680,613,35917,88200,703,36.178593299999996,-80.2348685,50,,,
1377,578,39531,136000,675,36.2217726,-80.2275161,37,,,
540,303,34766,178700,433,36.084785499999995,-80.2475764,2018,,,
774,428,11531,108500,449,36.0789336,-80.252254,53,,,
891,413,16736,73800,576,36.0876025,-80.2544664,46,,,
1458,519,,,592,36.1283667,-80.2238539,57,,,
1790,573,29598,77900,614,36.0616261,-80.2545564,58,,,
1680,762,25693,80200,814,36.0501436,-80.2521578,46,,,
2239,879,37361,92400,966,36.1663112,-80.3223379,31,,,
757,466,29183,,536,36.167604600000004,-80.2818715,34,,,
1324,412,52702,89400,447,36.1666667,-80.2721776,60,,,
755,302,30893,,315,36.181978,-80.2765575,28,,,
1470,532,49024,119400,571,36.1450885,-80.1798806,45,,,
1382,550,53692,156500,573,36.161970700000005,-80.1591829,39,,,
579,236,31389,71900,244,36.1219436,-80.0639721,56,,,
1745,701,31953,148100,769,36.1143646,-80.0755049,32,,,
1401,481,90179,280800,499,36.1335602,-80.1011287,16,,,
2412,1126,61515,144800,1256,36.0619721,-80.2865218,42,,,
1770,700,70595,187000,700,36.10744570000001,-80.457269,39,,,
867,234,11000,44400,332,36.0817422,-80.2250493,55,,,
2601,0,,,0,36.0891424,-80.2299883,,,,
814,237,24010,75800,336,36.108786,-80.2342401,48,,,
1420,687,14153,85800,786,36.107629700000004,-80.2265244,49,,,
1268,492,248250,624200,560,36.099083,-80.2832144,62,,,
573,232,177500,599600,240,36.108644399999996,-80.2802577,2018,,,
1503,595,159429,513200,628,36.100860499999996,-80.3010423,50,,,
1760,639,68657,150000,639,36.161280600000005,-80.3412723,41,,,
832,331,19447,116800,447,36.1566532,-80.3246107,52,,,
2114,648,114853,276000,718,36.142857,-80.3420079,25,,,
1252,533,68375,132200,587,36.241412,-80.4228079,35,,,
722,284,40682,134000,394,36.225575799999994,-80.3966691,39,,,
2300,917,69539,153800,1022,36.2029591,-80.3597508,31,,,
1246,508,50804,144500,508,36.1887466,-80.3042665,46,,,
1600,528,36639,130100,556,36.1777039,-80.3206765,36,,,
1379,453,60052,151100,478,36.1782506,-80.305077,42,,,
873,391,35488,96700,407,36.1411716,-80.2186529,47,,,
702,315,38765,76300,424,36.1317359,-80.2114009,58,,,
1100,382,33409,87900,403,36.059567799999996,-80.2413728,59,,,
1809,620,27411,87200,636,36.0567468,-80.2334848,61,,,
1302,478,151083,456800,486,36.123328,-80.2894455,58,,,
1642,727,63207,210500,765,36.11976729999999,-80.3043423,50,,,
1984,752,24779,125800,877,36.1467318,-80.2722508,43,,,
1445,824,25530,144600,875,36.150901899999994,-80.2981777,39,,,
1568,959,43432,137800,1146,36.083481799999994,-80.3365898,36,,,
2633,902,98298,252500,902,36.0127293,-80.3981539,30,,,
1389,638,62292,159200,659,36.0252002,-80.3943194,33,,,
646,327,52589,182500,344,36.0728256,-80.2485335,74,,,
1150,431,50855,66100,498,36.037128700000004,-80.2347969,73,,,
3880,1322,59427,139800,1364,36.0331166,-80.2521156,34,,,
1860,836,16985,84700,882,36.1110323,-80.2529776,33,,,
1859,626,25673,86900,682,36.116682,-80.2447535,41,,,
719,303,25189,75300,347,36.1256213,-80.2446591,67,,,
2348,1175,44564,163700,1231,36.1265648,-80.3292089,41,,,
683,322,67321,176300,322,36.1473419,-80.3147198,48,,,
1278,610,49481,183800,772,36.1425064,-80.301622,43,,,
1393,760,63688,149500,858,36.1328722,-80.314776,42,,,
1796,642,54730,114000,727,36.213165999999994,-80.2603122,41,,,
2238,931,49442,150500,957,36.227537299999995,-80.2740866,54,,,
1393,539,53239,135400,580,36.2511357,-80.264007,48,,,
1749,627,82650,193700,702,36.160295,-80.0924443,29,,,
1706,665,58768,202800,748,36.1765281,-80.1062105,27,,,
2007,753,57188,179800,753,36.10245220000001,-80.10522,27,,,
1465,594,76000,202600,594,36.0900578,-80.0773178,27,,,
2075,1195,34066,145000,1312,36.1010407,-80.0590337,33,,,
2330,824,39600,115600,919,36.0576259,-80.1859501,39,,,
947,272,24000,88000,372,36.0642534,-80.1744512,44,,,
1744,592,28314,52300,650,36.0624338,-80.2077353,62,,,
1978,630,59423,135800,630,36.0180974,-80.2195113,13,,,
900,507,21012,,555,36.0659755,-80.2701335,50,,,
1724,893,31362,97300,1027,36.0478924,-80.2636339,28,,,
2743,1214,44507,106400,1343,36.0424159,-80.2819775,22,,,
481,252,61100,124700,276,36.0328576,-80.2857827,58,,,
1927,894,59176,150400,975,36.0237359,-80.3316057,14,,,
2117,661,66806,160400,762,36.0214446,-80.2850497,16,,,
1546,692,65439,152500,708,36.00851970000001,-80.2935553,19,,,
2675,1145,59883,128900,1244,36.018381899999994,-80.2689627,17,,,
1664,737,51719,161600,899,36.06432720000001,-80.325224,25,,,
1654,578,46968,119400,619,36.0588224,-80.33644,45,,,
1650,534,90078,172700,541,36.0370789,-80.3409017,17,,,
1508,620,64605,181900,726,36.0424111,-80.3520426,31,,,
1333,707,51101,125400,722,36.063052,-80.3517268,18,,,
992,405,86927,167500,405,36.0602541,-80.3641941,16,,,
1335,497,165521,409300,503,36.1105477,-80.341886,28,,,
1454,569,146838,288000,611,36.0982364,-80.3375201,31,,,
1694,705,81838,201600,736,36.0983386,-80.3548384,27,,,
1975,692,126747,338400,766,36.040805299999995,-80.4135941,22,,,
785,363,63882,163900,416,36.1096248,-80.3965082,39,,,
1809,874,27368,,1053,36.074729100000006,-80.3248285,40,,,
1521,731,45644,99100,813,36.085212299999995,-80.3169912,45,,,
1454,590,110278,390700,650,36.1040276,-80.2711234,71,,,
1157,529,18352,306300,649,36.10550070000001,-80.2481499,66,,,
1786,488,11722,49700,547,36.0744859,-80.2301741,34,,,
835,395,31272,164100,442,36.0875682,-80.2626378,2018,,,
1752,564,33879,151300,759,36.0783551,-80.2620405,53,,,
908,415,46202,143800,461,36.0732703,-80.2671941,63,,,
955,539,44688,338100,614,36.097372799999995,-80.2600653,66,,,
763,358,51875,,429,36.092273799999994,-80.2576169,57,,,
1874,755,46318,119100,789,36.009381700000006,-80.2451823,16,,,
785,381,16385,95400,444,36.0967434,-80.2249271,56,,,
1187,598,21859,,724,36.0989744,-80.2338466,51,,,
1206,466,17311,84800,530,36.034937,-80.2252069,52,,,
1419,423,26797,82500,526,36.0494421,-80.2112886,44,,,
630,307,15720,55400,402,36.0554921,-80.2186853,61,,,
2111,827,53021,129900,949,36.0309186,-80.1919318,20,,,
1532,676,21394,46000,911,36.1185146,-80.2561384,63,,,
433,202,21607,,202,36.1703927,-80.2121399,58,,,
968,372,39750,73800,372,36.1613773,-80.2141904,56,,,
1901,654,39781,92300,748,36.1693986,-80.1847343,37,,,
737,278,46750,81800,292,36.1837575,-80.2112373,47,,,
1433,614,48958,129400,750,36.191216100000005,-80.192239,43,,,
711,265,70208,112500,299,36.236571600000005,-80.1769568,32,,,
1275,612,41250,127300,709,36.124168100000006,-80.1694747,47,,,
1981,711,58578,132400,711,36.1380349,-80.1388361,39,,,
2085,853,42083,185200,945,36.1207452,-80.1400635,28,,,
1750,748,88000,274800,797,36.1157494,-80.1151152,31,,,
2063,846,94583,239900,846,36.1949278,-80.0548418,32,,,
1749,707,40019,121200,864,36.1959455,-80.1534011,36,,,
1881,709,73902,152600,790,36.186792600000004,-80.1225046,24,,,
705,242,78382,137200,296,36.210694200000006,-80.1229787,33,,,
1154,447,59432,150700,514,36.13977979999999,-80.1020238,40,,,
3137,1042,40735,110400,1162,36.152331200000006,-80.0509217,32,,,
761,372,42083,119900,434,36.131249600000004,-80.0661223,26,,,
791,352,39750,88900,380,36.122634000000005,-80.0758129,65,,,
1736,830,57120,142700,913,36.1236402,-80.0467489,23,,,
4331,1432,72652,165400,1432,36.082891499999995,-80.123276,18,,,
501,212,51429,139000,252,36.0724876,-80.1209483,31,,,
797,370,55147,300000,444,36.124487,-80.2709682,50,,,
892,453,50664,139700,573,36.1567136,-80.3088752,35,,,
1865,922,29615,117100,996,36.1561811,-80.2866297,33,,,
907,482,30702,87500,631,36.150702,-80.2846513,34,,,
1909,839,51844,118700,920,36.2216849,-80.3020662,29,,,
1924,702,71071,156300,760,36.249448,-80.3323027,26,,,
1143,484,65662,165400,510,36.1991117,-80.3257877,41,,,
1237,513,67875,163000,576,36.2233719,-80.3422903,39,,,
1569,622,39545,105800,724,36.0798583,-80.1948233,41,,,
2282,762,63167,145500,882,36.0773629,-80.1614664,16,,,
2122,765,68429,120100,765,36.05770510000001,-80.0524753,42,,,
1978,694,68750,115500,754,36.0786799,-80.1475777,23,,,
2938,1272,61500,160900,1333,36.0596688,-80.0901788,24,,,
1582,599,38935,163000,703,36.0279627,-80.0681912,44,,,
624,307,41625,150000,366,36.083669,-80.2943245,60,,,
1520,708,75625,223600,728,36.083288399999994,-80.27998,76,,,
818,309,45956,104200,358,36.0509976,-80.1536373,42,,,
1630,635,48750,163200,682,36.0300036,-80.1322843,46,,,
1688,870,40333,162200,957,36.0788515,-80.3450642,35,,,
2098,992,75427,178000,1079,36.080460200000005,-80.3575127,31,,,
1827,683,92056,268700,723,36.0944891,-80.3336717,49,,,
482,219,138083,286900,244,36.1105038,-80.3142199,54,,,
499,194,16833,58800,254,36.1199659,-80.2316988,49,,,
1098,415,28185,56000,504,36.1171761,-80.2238883,59,,,
1235,250,41800,219200,322,36.135117,-80.2859379,48,,,
2635,38,156042,96200,44,36.1342759,-80.2750812,,,,
613,212,25667,70200,262,36.0725566,-80.2140465,61,,,
798,341,25341,57900,421,36.0818601,-80.2162481,52,,,
2077,711,37832,57500,754,36.078110200000005,-80.200962,57,,,
831,195,19640,81300,257,36.069125899999996,-80.2121828,64,,,
1211,654,52266,156000,670,36.0750927,-80.2788843,64,,,
969,339,58150,130400,375,36.0740132,-80.2906402,62,,,
856,267,211625,609200,338,36.107416,-80.3758695,9,,,
2305,819,101583,258800,908,36.0927795,-80.3913852,21,,,
1090,492,67143,144100,574,36.0838046,-80.3753116,29,,,
2066,715,83065,193200,788,36.0540495,-80.3802877,38,,,
1059,395,37286,128400,395,36.0724985,-80.3758982,26,,,
1268,447,58958,159900,447,36.065863799999995,-80.3818318,24,,,
1899,698,39138,91300,786,36.0472848,-80.3733334,20,,,
1918,866,64250,173500,920,36.0310725,-80.3718533,41,,,
890,385,67375,221200,414,36.0110629,-80.3774096,31,,,
1638,588,90492,174300,604,35.9976315,-80.3554934,13,,,
1632,645,113977,240400,645,35.9851626,-80.3751422,21,,,
2762,1063,77589,203100,1100,36.1364451,-80.3647845,24,,,
1672,590,55606,181600,645,36.1380033,-80.3832745,34,,,
2521,845,103355,208400,845,36.1655827,-80.3557576,17,,,
851,370,68611,186600,401,36.1685797,-80.3813276,42,,,
717,294,51894,182100,343,36.1550705,-80.3775179,42,,,
950,334,25100,125400,395,36.137685600000005,-80.2370771,55,,,
867,450,31607,93100,474,36.0648625,-80.2993394,36,,,
916,344,109531,207500,382,36.0606538,-80.405482,39,,,
1824,630,51726,139200,646,36.1786205,-80.253204,39,,,
1097,352,61058,318200,415,36.0892165,-80.2436761,39,,,
1901,714,18143,62300,940,36.1135815,-80.2163456,58,,,
3705,1150,33136,108500,1150,36.164174100000004,-80.2995311,36,,,
2028,855,25755,,1140,36.1622409,-80.2860805,36,,,
2529,1101,32305,114900,1205,36.1931095,-80.2721886,39,,,
1830,582,54167,88900,674,36.1454149,-80.1983156,46,,,
804,367,87132,206000,400,36.1227842,-80.1027969,30,,,
2941,1091,54947,132900,1194,36.0179794,-80.3174678,38,,,
2716,1030,89417,221300,1101,36.1226005,-80.4176262,29,,,
2253,1143,53194,231900,1280,36.0976707,-80.2468224,64,,,
753,359,92375,395900,411,36.1123903,-80.2841018,63,,,
1416,654,84000,245400,654,36.092977000000005,-80.2993028,60,,,
513,230,98125,493800,263,36.1159516,-80.2673475,32,,,
597,140,21284,108000,151,36.0825581,-80.2342447,19,,,
605,356,63889,193200,462,36.0821994,-80.2684324,70,,,
861,447,31719,336400,470,36.0958001,-80.2673885,57,,,
1553,619,46563,132400,742,36.145300399999996,-80.2082213,48,,,
1606,543,22802,62200,627,36.0649146,-80.2267603,67,,,
2077,978,41316,167300,1234,36.1427415,-80.2875544,26,,,
1737,848,53056,171500,972,36.092698799999994,-80.3191688,36,,,
973,440,89500,230000,457,35.993342999999996,-80.4047674,35,,,
1301,543,25125,76700,575,36.068472,-80.2431942,69,,,
848,283,43050,57900,352,36.120707700000004,-80.2388246,65,,,
2380,817,26955,84100,951,36.070151700000004,-80.1850048,39,,,
2174,1002,38529,92300,1113,36.0559665,-80.2697237,30,,,
1687,563,57132,118300,605,36.0361378,-80.2704586,17,,,
1461,439,,168100,439,36.0012828,-80.2763539,16,,,
1293,806,21690,130200,887,36.0745769,-80.3109052,42,,,
1383,546,68571,184200,621,36.05340579999999,-80.3316275,13,,,
1066,413,33425,,491,36.0711686,-80.334817,41,,,
1627,692,106316,302300,761,36.116468499999996,-80.3282666,36,,,
1107,589,54604,121700,715,36.0874831,-80.3501042,36,,,
2149,974,78083,316300,1193,36.1111745,-80.3591453,18,,,
3353,996,44148,135300,1013,36.089209600000004,-80.1736982,32,,,
1969,682,91929,158800,737,36.0600528,-80.1269711,23,,,
1259,745,42827,163400,774,36.0808529,-80.0583909,26,,,
1186,410,148889,350700,460,36.1035599,-80.3170075,53,,,
690,309,15043,,393,36.114536,-80.2328887,43,,,
1531,803,40168,144200,969,36.0897953,-80.2759022,67,,,
2052,898,68654,180200,1101,36.2275851,-80.0937361,26,,,
3089,1269,62375,185300,1425,36.1539281,-80.0757329,36,,,
1894,774,37250,122900,864,36.121735,-80.0848171,40,,,
1835,860,51645,122400,955,36.1061564,-80.0930437,31,,,
498,235,37228,,322,36.097908600000004,-80.1907866,33,,,
1427,523,140104,530300,559,36.1421945,-80.3310289,16,,,
2273,945,47721,157100,1058,36.089898100000006,-80.4082846,33,,,
1899,701,73141,219100,815,36.0541669,-80.3941064,41,,,
1418,632,83333,294600,739,36.0292036,-80.4048452,28,,,
1310,535,42011,188200,566,36.0126974,-80.3671957,32,,,
1811,783,54922,187800,1165,35.9669955,-78.2049592,18,,,
2513,901,45625,115600,1040,35.9486316,-78.269959,28,,,
2715,1136,55926,136900,1325,35.910264700000006,-78.2960286,23,,,
1389,565,47946,,565,36.0855384,-78.2573104,41,,,
2510,719,54563,164000,881,36.13853710000001,-78.3023458,46,,,
1959,781,49515,149700,838,36.1445305,-78.2618775,42,,,
1254,502,20918,69300,549,36.0926575,-78.3319696,45,,,
1336,610,26759,161500,671,36.055490899999995,-78.2933961,33,,,
2731,1086,43625,130400,1155,36.1354328,-78.4877746,27,,,
2548,1054,41535,130200,1345,36.1369493,-78.4143263,28,,,
454,246,,84400,295,36.10517670000001,-78.3698022,46,,,
1689,712,34179,94100,923,36.0873037,-78.4470808,45,,,
4191,1431,68068,229400,1503,36.0686654,-78.5080748,16,,,
2685,979,75078,148300,1070,36.05021729999999,-78.4609349,17,,,
3758,1257,78918,187500,1342,36.0370019,-78.4025113,15,,,
2936,1143,59566,172600,1159,35.9612073,-78.3682364,23,,,
915,361,24798,81600,421,36.1824279,-78.2272733,35,,,
989,378,26750,104200,389,36.2158136,-78.1689148,31,,,
1507,633,59432,110900,682,36.1929497,-78.370559,25,,,
3776,1295,63750,153900,1342,35.9847615,-78.3607334,23,,,
1447,511,47841,97800,680,36.08963129999999,-78.2343184,41,,,
2060,797,55442,76300,849,36.024530600000006,-78.2033828,26,,,
2003,805,55040,127900,1018,36.03355870000001,-78.1546114,28,,,
1275,465,60250,132700,521,35.9536652,-78.2272476,33,,,
1968,801,41332,162800,976,35.8818992,-78.2494192,32,,,
3308,1247,91168,266700,1373,36.030742100000005,-78.5120321,14,,,
2728,1045,74861,163000,1063,36.0037209,-78.4509551,24,,,
1364,506,42125,96200,583,36.229669799999996,-78.2864093,26,,,
2813,1062,45305,136700,1167,36.0264934,-78.3240771,29,,,
2270,938,57159,116400,1122,36.1698099,-78.1344749,32,,,
880,335,40536,94800,379,35.26626629999999,-81.1590364,54,,,
937,387,65972,153800,454,35.246159399999996,-81.0305354,63,,,
1137,440,56818,97600,502,35.238594799999994,-81.0179285,36,,,
1030,420,49615,114800,482,35.2481368,-81.1958124,64,,,
1142,339,38456,134100,469,35.257124,-81.1912261,65,,,
541,155,30614,65700,155,35.2581875,-81.2003661,2018,,,
1465,439,41836,83100,502,35.253660499999995,-81.2029479,55,,,
670,166,30833,44400,256,35.2650089,-81.2067022,70,,,
592,190,,53300,208,35.2679719,-81.2027353,42,,,
1165,468,33516,86500,485,35.286969799999994,-81.2128863,63,,,
516,192,25577,81200,209,35.272335999999996,-81.2091451,60,,,
431,227,16635,,322,35.2691609,-81.1975558,54,,,
315,197,17216,34500,244,35.2730667,-81.1853814,59,,,
989,345,36042,93200,418,35.2783589,-81.175143,51,,,
1298,523,46563,115300,592,35.368544,-81.393638,55,,,
978,482,36389,122200,513,35.3809021,-81.3518914,51,,,
2255,724,90278,271700,724,35.2087749,-81.0906692,19,,,
1610,624,100556,278800,686,35.180715500000005,-81.0461407,35,,,
756,258,42206,61400,327,35.279817,-81.0639781,51,,,
1288,393,56382,113800,412,35.3086442,-81.0890245,37,,,
1990,569,63438,138200,775,35.2786881,-81.0980177,16,,,
1588,556,33107,48800,601,35.2699956,-81.1230939,61,,,
1205,500,61739,180400,592,35.3882978,-81.0202439,34,,,
983,394,35625,155900,449,35.36513,-81.0174401,33,,,
2949,1048,54844,136800,1111,35.3230934,-81.0128409,19,,,
1843,734,58125,143300,749,35.388962,-81.0776328,32,,,
514,231,42083,83200,287,35.366091299999994,-81.0884041,50,,,
1888,702,72059,171100,731,35.3473021,-81.0582473,16,,,
1529,483,73125,136200,503,35.391338700000006,-81.1377732,27,,,
1059,425,41750,86300,474,35.369184000000004,-81.1035268,57,,,
915,350,45750,159400,375,35.3643359,-81.190797,26,,,
2006,742,35161,88400,827,35.3391709,-81.1642909,41,,,
698,308,42188,82300,388,35.3209859,-81.1333317,38,,,
1424,497,49552,120600,614,35.3823432,-81.2468986,24,,,
2050,713,51211,124200,906,35.333962299999996,-81.255896,25,,,
666,193,75737,135400,299,35.315354299999996,-81.2254948,52,,,
1124,442,44643,147500,473,35.3891553,-81.3178584,28,,,
1494,535,49955,109400,633,35.3850945,-81.2795694,27,,,
696,299,58162,113700,400,35.334748499999996,-81.3105183,38,,,
1765,615,44375,110100,743,35.3238485,-81.3332815,26,,,
1414,484,44242,128500,555,35.403150200000006,-81.3467755,38,,,
1134,455,34583,108500,519,35.398275500000004,-81.4198853,48,,,
957,224,21643,,318,35.270211100000004,-81.1437451,57,,,
689,317,26542,70800,367,35.206531700000006,-81.2129468,39,,,
957,293,32188,93000,376,35.249502299999996,-81.2313024,18,,,
1387,462,46298,84500,548,35.216372899999996,-81.2078425,50,,,
746,310,61667,238000,346,35.2566016,-81.0821786,49,,,
2093,736,54565,116100,844,35.2394533,-81.0759183,76,,,
1100,422,26694,105900,422,35.248282,-81.2166016,55,,,
591,224,50000,113400,253,35.278438799999996,-81.3372762,41,,,
857,338,29318,112300,381,35.29598970000001,-81.3123013,42,,,
1711,646,43167,104000,694,35.309123,-81.2796007,56,,,
1265,488,40735,122700,596,35.3025963,-81.2631195,49,,,
877,354,27625,89300,511,35.2972878,-81.2443852,34,,,
789,341,44732,120700,347,35.322043799999996,-81.1801049,44,,,
1325,632,18750,76400,704,35.311324299999995,-81.1839575,60,,,
2124,720,50317,133800,764,35.308104799999995,-81.1521387,17,,,
1231,445,32981,67700,618,35.3089776,-81.16665,54,,,
1430,551,76417,199600,662,35.318441299999996,-81.0618838,38,,,
2621,961,59837,128700,976,35.303349700000005,-81.0541457,32,,,
943,465,34857,140800,568,35.2932169,-81.0581796,44,,,
843,343,31620,88200,408,35.3291675,-81.0378769,43,,,
1943,758,42386,137700,793,35.3078601,-81.0271088,37,,,
1199,577,47109,122500,628,35.288475299999995,-81.012816,27,,,
1320,459,31804,118000,556,35.290171799999996,-81.1685442,31,,,
1007,438,48475,108900,489,35.2793114,-81.0311029,57,,,
365,167,53125,87300,223,35.268775,-81.0534457,67,,,
1933,600,37500,110500,645,35.264656099999996,-81.0315643,45,,,
1099,436,56136,143300,470,35.302624,-81.1426746,46,,,
772,276,45357,101200,287,35.2955801,-81.1432344,51,,,
943,325,46544,118300,461,35.1996208,-81.2716588,36,,,
918,363,31042,106800,385,35.253303499999994,-81.2726787,48,,,
1248,464,34524,109700,529,35.2196895,-81.2641614,40,,,
2408,881,49306,97400,1011,35.2095252,-81.2377289,39,,,
1151,403,103375,256700,403,35.218447999999995,-81.0571195,25,,,
1450,593,72750,316700,748,35.2377515,-81.051481,15,,,
695,282,,167400,306,35.3605479,-81.1315418,31,,,
854,302,43611,129200,302,35.35289229999999,-81.0989066,51,,,
2338,969,61382,156700,1025,35.3329807,-81.0954438,27,,,
897,223,58882,84700,262,35.2616836,-81.2373659,45,,,
640,253,40813,64800,354,35.2627218,-81.2262968,53,,,
794,261,31023,86100,281,35.2707757,-81.2306665,55,,,
548,203,32366,95000,276,35.264233600000004,-81.2440914,43,,,
362,139,29531,44200,209,35.266025,-81.2164513,72,,,
1261,578,50417,109000,691,35.1985913,-81.3015622,28,,,
1193,379,48040,126800,445,35.1742194,-81.2432412,27,,,
359,132,46250,64400,238,35.2768959,-81.1918234,53,,,
865,329,9047,,473,35.2795837,-81.196136,42,,,
429,202,13182,77300,247,35.268795700000005,-81.1907569,43,,,
634,220,77813,170500,255,35.2440758,-81.0621224,44,,,
951,341,76161,155000,427,35.250226700000006,-81.0468084,58,,,
1234,612,40800,130500,696,35.233311900000004,-81.1418411,22,,,
3138,1138,93676,281000,1251,35.18331129999999,-81.0252159,22,,,
1265,716,27131,82500,860,35.2367175,-81.1290593,33,,,
1779,753,62969,158900,859,35.2278409,-81.1207822,25,,,
1969,705,80422,174400,770,35.2157188,-81.1046495,15,,,
996,349,81164,120200,399,35.235733200000006,-81.0949953,36,,,
581,250,26829,84800,314,35.256259299999996,-81.1745586,56,,,
888,302,54375,114400,347,35.260014,-81.164418,59,,,
969,618,19143,71900,700,35.250189500000005,-81.1646157,48,,,
957,393,49766,125000,440,35.2437527,-81.1621885,53,,,
489,318,62941,139700,318,35.2485864,-81.1525196,38,,,
780,279,28125,120700,304,35.2464468,-81.2074602,54,,,
787,292,36429,,358,35.2389857,-81.200523,52,,,
1097,380,52794,97700,401,35.2268757,-81.2230476,51,,,
1700,519,26049,74600,651,35.2290452,-81.2057306,47,,,
2462,956,102201,240600,1010,35.2232591,-81.1454135,28,,,
778,304,77143,179800,304,35.2160503,-81.1237701,40,,,
2138,761,78393,264100,850,35.2091753,-81.1504089,29,,,
2410,806,81974,193100,816,35.2012473,-81.1390864,23,,,
1391,414,92734,163000,445,35.196251000000004,-81.1308441,28,,,
1976,718,46364,114700,818,35.1905174,-81.1870959,32,,,
1137,378,65682,125400,397,35.18435529999999,-81.1692844,42,,,
1105,399,47697,124600,399,35.182796999999994,-81.1595704,45,,,
1620,580,78636,186600,612,35.1662598,-81.1429773,29,,,
841,321,71406,173700,321,35.1931591,-81.114024,27,,,
1268,488,41607,135800,568,35.1604968,-81.0914182,29,,,
861,425,57009,141600,448,35.2490814,-81.120323,48,,,
2003,798,80833,272800,854,35.2330586,-81.032485,27,,,
2128,697,107891,256800,732,35.2115037,-81.0378653,28,,,
623,250,61389,173300,276,35.255616700000004,-81.1399789,61,,,
551,226,67500,152300,249,35.2460503,-81.1307615,47,,,
782,290,36310,88300,331,35.2567536,-81.1824338,2018,,,
912,475,29460,,475,35.2437343,-81.1763259,47,,,
732,303,63924,103300,347,35.2500086,-81.1831175,2018,,,
914,329,45324,140000,329,35.2466031,-81.3156389,43,,,
1325,389,53250,83100,411,35.26658320000001,-81.3052209,33,,,
1298,472,45000,97200,554,35.2681549,-81.2851367,43,,,
2683,859,67869,123500,924,35.2967771,-81.1109313,16,,,
1460,365,25288,53600,420,35.269324,-81.1737641,64,,,
1145,474,22377,81500,495,35.2646388,-81.154183,54,,,
2233,956,64904,305300,1022,35.2269909,-81.1636087,31,,,
1015,420,40625,53800,460,35.2532326,-81.018642,33,,,
876,285,38917,113800,315,35.3545004,-81.3786562,48,,,
1357,494,104750,417500,499,35.363301899999996,-80.9482801,16,,,
1144,456,42500,141100,534,35.326547,-80.9956129,58,,,
1650,524,71210,185800,524,35.3610557,-81.0526394,29,,,
1524,536,49821,125500,594,35.3743134,-81.1128843,41,,,
1658,641,39583,93300,754,35.3932453,-81.182075,36,,,
3107,1141,63579,150700,1209,35.365390399999995,-81.2256281,28,,,
1912,483,92321,159100,511,35.309829,-81.1995429,22,,,
1120,443,50243,150700,563,35.3502631,-81.3378924,34,,,
1487,522,43875,140900,546,35.4031708,-81.3809346,44,,,
1226,455,48657,113600,559,35.391534,-81.397595,46,,,
341,180,,62800,293,35.1782354,-81.2073029,42,,,
2181,924,57667,154200,985,35.2143291,-81.1846141,28,,,
1630,697,43250,,720,35.2503809,-81.0944259,24,,,
920,402,33500,88200,471,35.256167,-81.2149162,53,,,
1328,427,25724,47200,489,35.274812,-81.0713406,41,,,
1097,426,32368,113900,451,35.26733529999999,-81.0947886,61,,,
398,194,34655,96800,234,35.261140999999995,-81.1128744,52,,,
1001,304,52361,115000,345,35.23863789999999,-81.2119399,52,,,
1106,360,32708,95400,416,35.235952000000005,-81.2184081,49,,,
1688,665,42782,166000,665,35.2835012,-81.0492587,23,,,
868,404,39397,114700,409,35.2915526,-81.024843,56,,,
2524,964,61284,192100,1072,35.271776700000004,-81.01911,17,,,
1419,554,48264,84200,703,35.2825702,-81.1557029,40,,,
691,265,43355,120400,265,35.287327399999995,-81.1448646,52,,,
1877,677,67072,140100,782,35.2392151,-81.2536358,39,,,
818,329,,,406,35.2624255,-81.1867031,64,,,
740,283,55729,108500,324,35.2314314,-81.0431527,35,,,
945,395,41287,109200,420,35.3449741,-81.1167712,40,,,
676,295,52279,136900,334,35.2594847,-81.0619003,52,,,
2616,996,61875,149200,1010,35.2412303,-81.1418019,17,,,
1572,659,80478,184000,709,35.241156200000006,-81.1159287,33,,,
1561,563,69297,246200,654,35.217234499999996,-81.0739152,20,,,
545,222,66250,181300,222,35.2572316,-81.1565132,60,,,
1453,662,30479,150500,869,35.240308299999995,-81.15602,34,,,
1865,626,74844,162800,651,35.2552718,-81.1235269,50,,,
1209,524,51429,131400,540,35.2270158,-81.1766451,24,,,
2340,809,36023,100600,905,35.2382139,-81.1841772,59,,,
552,234,27963,86600,234,35.2785088,-81.2533363,48,,,
1102,593,30872,108300,593,35.301357,-81.1259283,62,,,
889,374,39828,70500,456,36.3485581,-76.6523555,32,,,
943,350,50000,102300,456,36.5051154,-76.6049251,27,,,
886,369,44955,147000,473,36.4820417,-76.5310451,37,,,
1429,508,64306,153200,614,36.413283,-76.8350706,27,,,
695,325,42313,162500,347,36.483224799999995,-76.7965945,56,,,
767,340,50119,142600,409,36.3906952,-76.7696258,49,,,
2045,710,56300,149100,875,36.52029879999999,-76.7057293,25,,,
1337,431,57993,149000,474,36.4732434,-76.6927199,35,,,
1363,596,50878,137800,686,36.4000794,-76.5869096,32,,,
1209,474,,176100,546,36.4994971,-76.882751,40,,,
1340,519,52543,150000,969,35.4083522,-83.6499869,31,,,
1389,432,49773,159900,789,35.3550864,-83.7850388,26,,,
1288,412,47917,85400,808,35.27025220000001,-83.9567925,39,,,
1111,407,21420,140700,462,35.332433,-83.878062,36,,,
627,244,31667,124000,414,35.2629661,-83.7515487,36,,,
995,439,34306,106700,1237,35.40776339999999,-83.8745797,34,,,
1195,569,33032,107900,831,35.311732,-83.7276981,34,,,
612,266,15500,87500,507,35.310059499999994,-83.8065955,42,,,
1316,427,34544,,452,36.23702670000001,-78.5988689,30,,,
1122,404,63889,152800,461,36.214572100000005,-78.5407913,26,,,
1367,479,26544,65000,589,36.2902325,-78.5944133,49,,,
1297,526,29423,84900,604,36.3031454,-78.5776472,44,,,
1754,607,54120,156500,694,36.2803855,-78.6399477,39,,,
1305,567,30787,133200,629,36.318245399999995,-78.6025684,51,,,
1479,512,70000,210400,569,36.356395299999996,-78.5462664,32,,,
1006,222,44038,203400,277,36.32168370000001,-78.5842853,61,,,
2329,871,43208,83800,908,36.3573321,-78.6126125,32,,,
1582,536,44737,97500,617,36.507488,-78.6918011,27,,,
1061,502,52841,105700,610,36.4627112,-78.5357934,35,,,
2262,865,57469,143300,951,36.349212200000004,-78.6804514,36,,,
1378,547,43094,100200,618,36.4119773,-78.7730678,38,,,
1572,586,72969,150800,735,36.1813722,-78.6515196,31,,,
4324,1645,90230,277800,1903,36.0716463,-78.5758469,19,,,
3526,1346,70441,167800,1468,36.0939298,-78.6211903,20,,,
685,250,76009,153900,364,36.154063799999996,-78.6960743,25,,,
3244,1138,58100,124800,1292,36.228981,-78.702696,25,,,
716,376,65472,113600,603,36.0999066,-78.6747595,26,,,
5023,1845,65865,158200,2042,36.1007064,-78.7210803,18,,,
919,350,103194,181400,356,36.1955263,-78.7630749,16,,,
1336,451,72031,131600,546,36.2673019,-78.7620002,22,,,
1662,496,33309,,549,36.137215399999995,-78.7469738,36,,,
1066,277,54821,143300,287,36.1469853,-78.7541647,42,,,
2945,1060,43281,122800,1133,36.1114533,-78.7711554,26,,,
1419,30,75938,,30,36.1348489,-78.7847949,72,,,
1259,0,,,0,36.1547908,-78.7934856,,,,
2001,832,46094,130000,863,36.286736,-78.5385886,29,,,
1236,634,56705,165000,727,36.3110284,-78.5698922,52,,,
701,333,36086,113900,333,36.3048619,-78.6006757,49,,,
2177,943,49567,119500,1221,36.4635857,-78.6222826,30,,,
3805,1373,67768,176700,1638,36.1519939,-78.5511624,19,,,
1936,710,37667,83100,847,35.396965,-77.7607933,29,,,
2520,940,38981,85800,1154,35.3906239,-77.6594912,31,,,
1911,703,37330,95400,773,35.40818839999999,-77.5891228,27,,,
1409,620,36409,109300,677,35.443765,-77.7064154,44,,,
1064,432,40189,83000,496,35.5426246,-77.7314663,39,,,
1290,556,41818,89900,612,35.5597906,-77.6508658,32,,,
956,0,,,0,35.4797063,-77.5978643,,,,
3260,778,38125,77200,917,35.4883239,-77.6120721,38,,,
1139,478,53015,95200,516,35.4661732,-77.5282802,28,,,
829,312,45968,75200,381,35.5376865,-77.7721458,39,,,
2162,706,33462,81300,752,35.4587365,-77.7831632,33,,,
1068,489,26563,100300,543,35.451631899999995,-77.6694217,52,,,
1464,535,37321,63800,648,35.6121141,-77.6915046,37,,,
1042,298,38720,69500,332,35.9741208,-79.9826464,53,,,
617,254,23889,82400,364,35.9689031,-79.9869966,61,,,
432,198,12600,,237,35.9652005,-79.9921626,56,,,
1124,405,40285,94900,405,36.042834899999995,-79.82962,53,,,
717,388,,79600,484,36.0435681,-79.8179,31,,,
1794,684,27556,79500,823,36.0924916,-79.7498307,49,,,
1635,580,21471,73600,659,36.0914175,-79.7338766,46,,,
2167,899,57888,186900,1040,36.0082,-79.7336995,36,,,
1590,661,77284,242000,661,35.98238320000001,-79.675023,33,,,
971,378,19583,65000,457,36.0855965,-79.7431284,58,,,
1964,592,33145,64900,711,36.0786967,-79.7487678,47,,,
1181,358,22615,66900,469,35.9562214,-80.0157041,68,,,
2106,758,28107,89500,856,35.9457429,-80.0276514,58,,,
1257,465,57305,209100,505,36.017593700000006,-79.8876187,35,,,
1801,829,58750,153300,869,36.003088,-79.8683979,34,,,
1884,849,89803,251600,930,35.994400799999994,-79.9058412,37,,,
977,465,,118500,465,35.9965332,-79.7732353,53,,,
2554,687,73208,201900,824,35.9668532,-79.7586429,39,,,
3410,1407,38865,110000,1440,35.9973561,-79.7909544,24,,,
993,371,48344,72100,383,35.960175299999996,-79.7991682,35,,,
1576,706,42870,136900,740,36.11434929999999,-79.8250441,54,,,
2807,1294,71750,355200,1317,36.1139116,-79.8108047,41,,,
3473,1219,70411,166800,1288,36.0319945,-79.6769491,22,,,
2418,927,80446,157300,1020,36.0246854,-79.5642977,23,,,
1700,833,42750,149300,984,36.0317357,-79.6281293,33,,,
1491,690,56211,182400,864,36.064968900000004,-79.8388471,67,,,
1146,492,50417,165300,578,36.071782899999995,-79.8391787,65,,,
4544,1503,96405,381900,1556,36.2028011,-79.9126483,17,,,
1858,729,116813,306400,748,36.080081799999995,-79.8393364,62,,,
1478,552,93986,236500,578,36.086436600000006,-79.8691181,53,,,
2721,1075,89375,331400,1075,36.1931885,-79.8636535,22,,,
2924,1541,58862,159300,1691,36.093751899999994,-79.9059578,31,,,
2069,330,80000,195000,330,36.1012963,-79.8777733,45,,,
1225,404,23843,73800,470,36.08868820000001,-79.7707181,59,,,
1574,549,39974,78900,722,36.0532891,-79.7506498,52,,,
1092,454,15215,88700,582,36.0618203,-79.7796708,54,,,
1318,375,37923,87800,412,36.0639216,-79.7723302,44,,,
1693,695,30603,87300,1005,36.0679995,-79.7780265,34,,,
822,337,31050,105500,455,36.059193799999996,-79.7881006,65,,,
943,381,37639,98000,423,36.0507635,-79.7715563,54,,,
978,298,30897,57000,359,36.0458261,-79.7848201,60,,,
2561,989,88625,234700,1041,36.097134499999996,-79.8383895,52,,,
975,5,,,23,35.972860700000005,-79.9989899,33,,,
1007,447,63906,238100,509,35.9685068,-80.0210404,2018,,,
761,295,133107,338600,387,35.966018,-80.0294729,74,,,
611,269,63194,268300,279,35.973119700000005,-80.0265909,69,,,
386,174,26932,75000,211,36.0501174,-79.8015833,57,,,
1684,557,18125,,601,36.058960600000006,-79.7990411,39,,,
728,243,,,243,36.0531673,-79.7969972,52,,,
590,235,25417,47700,270,36.0471935,-79.7953768,50,,,
1965,630,33667,72300,712,36.0931506,-79.7611076,60,,,
745,328,32386,146700,356,35.9615029,-80.0177705,65,,,
1205,513,24493,69200,559,35.9600463,-79.9686837,45,,,
2395,809,28288,75000,898,35.956033000000005,-79.9574256,44,,,
1695,648,52750,181000,797,36.213072600000004,-79.5888751,28,,,
2374,1023,60117,141300,1181,36.20265620000001,-79.656625,30,,,
1469,566,45987,194600,607,36.0827471,-79.8995787,34,,,
1291,613,52235,154200,640,36.0860616,-79.8904814,36,,,
1726,849,29746,,999,36.0801203,-79.9098385,33,,,
768,327,78594,362800,373,36.0912904,-79.808023,61,,,
692,388,25000,,540,36.0569949,-79.87461,36,,,
1579,691,27471,114500,779,36.0653445,-79.8546563,56,,,
1701,647,27210,57500,686,36.030576700000005,-79.8126249,26,,,
2323,1037,37983,113500,1210,36.0170796,-79.7984078,37,,,
2002,718,44261,98100,779,36.0267528,-79.7884488,39,,,
743,291,41650,89300,375,35.972922100000005,-80.0129439,71,,,
1518,422,35435,75400,516,35.9810706,-80.0039731,60,,,
586,257,17284,65500,299,35.925498100000006,-80.0024763,58,,,
705,207,27361,53600,259,35.926167299999996,-80.0305063,63,,,
1631,709,120875,279900,757,36.122215600000004,-79.8554821,40,,,
1561,570,108690,277400,587,36.1050034,-79.8637096,35,,,
1363,556,96172,280000,556,36.1003024,-79.8462326,46,,,
664,247,20089,50800,351,35.9582585,-79.9800739,63,,,
652,302,,,338,35.9587084,-79.997942,55,,,
1175,517,16607,37200,674,35.9558802,-79.9938536,55,,,
1110,310,21739,65100,361,35.9420891,-79.9860944,50,,,
1086,350,27716,34200,393,35.950405200000006,-79.9969133,54,,,
1313,455,30329,94700,585,35.9439386,-79.9942515,57,,,
844,350,32750,64500,376,35.9488774,-79.9795231,61,,,
858,227,37537,47200,246,35.9380466,-80.0167395,2018,,,
724,242,26364,,342,35.9488114,-80.0113671,57,,,
755,249,41042,34600,296,35.935906700000004,-80.0018116,2018,,,
1088,400,17566,,484,35.941923200000005,-80.0051039,49,,,
2429,908,79524,228400,1014,35.958967200000004,-80.0393934,45,,,
4156,1524,61989,139500,1755,36.071056799999994,-79.6665816,20,,,
2946,1211,81037,224500,1292,36.10097879999999,-79.6107312,25,,,
3988,1397,106250,336300,1397,36.146273,-80.00775,21,,,
2377,953,60452,136000,1079,35.946701899999994,-79.918624,46,,,
2177,862,57833,160300,939,35.9295279,-79.7707631,35,,,
818,352,125833,319100,378,36.07863270000001,-79.8247157,74,,,
765,470,33854,201900,470,36.0845908,-79.812321,67,,,
3232,0,,,0,36.0682771,-79.8100612,,,,
715,213,24250,205900,295,36.0711111,-79.8009434,2018,,,
908,371,32617,161100,638,36.082000799999996,-79.7777259,2018,,,
1893,692,23592,103600,818,36.065937700000006,-79.7617994,30,,,
2189,991,28836,87500,1229,36.0683117,-79.7526089,42,,,
2954,1271,37927,115400,1514,36.032013299999996,-79.7641261,18,,,
2333,815,33262,123000,955,35.9338427,-80.0423234,44,,,
1305,481,53750,106900,507,36.0360278,-79.8305845,50,,,
2129,717,49679,116800,823,36.0304274,-79.8372644,41,,,
3062,1023,80481,303700,1170,36.1594109,-79.9585507,23,,,
2424,1045,46982,166100,1045,36.0861294,-79.8814808,38,,,
2059,793,69825,182000,856,36.0222544,-80.0259832,23,,,
1252,639,37891,99400,757,36.076896000000005,-79.8898713,35,,,
4684,1732,77321,217700,1793,36.0684354,-80.0305774,18,,,
4182,1313,101896,250800,1368,36.06501,-79.9817873,15,,,
1226,532,72763,147300,542,36.0125101,-80.0241831,44,,,
1208,460,87308,229300,469,36.0347602,-79.986601,25,,,
2153,833,84554,236500,914,36.024914,-79.9796032,25,,,
1778,899,36226,68200,1019,36.0627168,-79.9335687,30,,,
4115,1944,57585,144400,2231,36.0495033,-79.9501613,16,,,
2770,1063,91384,270600,1159,36.0397174,-79.9270395,23,,,
1964,797,84866,238800,820,36.022483799999996,-79.9324417,37,,,
1762,768,45500,154200,812,35.98136029999999,-79.9399467,35,,,
4886,1467,56521,134900,1508,35.9685154,-79.9374403,26,,,
2120,959,48243,141000,1005,36.0425936,-79.9072483,24,,,
2462,950,84300,203100,1079,36.02795089999999,-79.916908,20,,,
1084,388,107134,233000,405,36.0322434,-79.9011426,27,,,
2439,824,72121,169000,888,36.027426299999995,-79.8981318,25,,,
1377,568,71731,145100,591,36.011934100000005,-79.9097431,23,,,
1176,443,49048,155900,470,35.985022,-79.8623928,46,,,
1605,530,36719,95700,530,35.981186799999996,-79.8074893,21,,,
1615,685,41875,136600,827,35.9413974,-79.8496292,35,,,
0,0,,,0,36.1024882,-79.9318911,,,,
1438,441,40911,199200,531,36.063086299999995,-79.8265213,34,,,
983,493,71827,267300,493,36.0714315,-79.8251541,2018,,,
986,489,76094,233300,521,36.077779299999996,-79.8007781,69,,,
1165,470,42750,182200,557,36.0754734,-79.8070743,2018,,,
3732,26,9250,,59,36.07635379999999,-79.7715367,37,,,
822,241,23558,71300,313,36.0807429,-79.7623009,60,,,
944,342,37692,80900,429,36.05778170000001,-79.8195174,62,,,
496,195,51023,74000,208,36.053008500000004,-79.82818,57,,,
3501,1305,41219,85900,1454,36.0226592,-79.8128702,33,,,
1198,500,49079,102300,500,36.0133023,-79.8266512,50,,,
1175,577,32344,108000,598,36.1228318,-79.7714895,49,,,
1718,563,32969,95900,592,36.1155136,-79.7674982,52,,,
2055,812,57955,153500,898,36.2361818,-80.0010898,33,,,
1284,664,23462,179300,715,36.1352531,-79.8286022,36,,,
2262,1178,52632,211700,1417,36.1454597,-79.8199713,20,,,
3480,1133,93516,193000,1211,36.2306398,-79.9324976,22,,,
4092,1463,108052,308000,1519,36.1852245,-80.0030013,21,,,
1828,572,163438,358100,572,36.1572763,-79.9304139,24,,,
1774,722,80278,284700,796,36.160276,-79.891504,21,,,
1622,690,70583,186800,717,36.1289549,-79.88851,19,,,
3145,1342,54368,201200,1390,36.1427354,-79.878884,22,,,
2311,1358,52240,146800,1400,36.11351,-79.8840191,24,,,
1566,776,51919,434000,820,36.1294186,-79.8617015,26,,,
994,381,92458,177000,432,36.124148299999995,-79.8753157,32,,,
2908,1208,68250,178200,1254,36.123242499999996,-79.9481631,25,,,
3451,1241,71595,173400,1352,36.143587100000005,-79.9366641,21,,,
1038,360,92763,240200,360,36.151317799999994,-79.9135811,23,,,
1691,630,84167,212800,630,36.1373043,-79.900355,27,,,
1249,724,57273,124600,793,36.1036571,-79.9040217,30,,,
2045,1034,58661,81800,1124,36.076941399999995,-79.9297724,23,,,
889,559,27321,,559,36.0711199,-79.9081856,31,,,
1457,797,41482,,842,36.0629463,-79.900212,26,,,
2429,972,43960,111700,1387,36.088985799999996,-79.7227195,42,,,
1533,623,27120,89000,761,36.102517600000006,-79.7511162,51,,,
1928,929,32439,102800,1005,36.1005732,-79.7349847,46,,,
2939,978,33317,87300,1044,35.935613399999994,-79.9650597,56,,,
2232,777,37875,86800,912,35.9300409,-79.9801414,35,,,
3985,1115,41202,116700,1215,36.1338319,-79.7267323,22,,,
2409,1052,62937,161600,1258,36.134429,-79.8031577,24,,,
3739,1620,73873,316800,1707,36.1657149,-79.8536098,20,,,
2574,1174,47704,99600,1311,36.1401564,-79.8605292,28,,,
615,336,43750,130500,345,36.13352020000001,-79.852434,33,,,
971,528,34000,151600,626,36.1262948,-79.8375061,38,,,
4248,1613,142446,373200,1695,36.1621859,-79.8083537,20,,,
2807,1054,84038,214400,1118,36.152437,-79.8270233,30,,,
1956,829,45515,136800,897,36.0964251,-79.5557997,27,,,
735,349,59792,229500,409,36.1444655,-79.584735,33,,,
1127,416,75729,183800,428,36.142661600000004,-79.5516971,26,,,
5282,1812,64643,156900,2002,36.0824286,-79.574744,16,,,
5270,1867,52557,141900,2113,36.1745223,-79.7547743,20,,,
1674,662,36116,112700,743,36.1654023,-79.7318006,41,,,
5237,1649,130750,364700,1714,36.2187976,-79.819215,16,,,
4479,1518,93542,221400,1689,36.219097600000005,-79.7413592,18,,,
684,247,63125,183000,333,36.2173179,-79.6987615,25,,,
1731,711,53903,174100,845,35.9547273,-79.6477362,41,,,
2651,1079,61719,177000,1247,35.942680700000004,-79.5900633,32,,,
767,436,47037,191100,491,36.0876253,-79.8009147,63,,,
497,181,,173900,270,36.0954923,-79.8671409,53,,,
811,242,30410,,499,36.037896,-79.7952803,43,,,
2647,954,50333,111300,1215,36.025602299999996,-79.8575623,35,,,
705,246,59435,147400,292,36.0258436,-79.8716563,59,,,
1131,370,31992,92400,442,36.040426200000006,-79.8647696,44,,,
1231,610,31786,117700,795,36.1264318,-79.7922284,34,,,
1595,702,67500,,968,36.118091799999995,-79.7853367,33,,,
1743,548,25476,63000,897,35.9643232,-80.0019703,76,,,
1417,590,34479,127300,678,36.0042529,-80.039333,35,,,
1157,509,48068,119100,509,36.0039144,-80.023642,50,,,
1394,670,32019,79900,844,35.9971924,-80.0198066,35,,,
1238,496,71667,144800,526,36.0042886,-80.0060342,47,,,
1507,558,45833,129400,615,35.9942197,-80.0047969,38,,,
1501,729,34288,77100,844,35.989121999999995,-80.0203178,35,,,
1885,407,63150,126500,483,35.9861814,-79.9963791,53,,,
1487,614,55417,111400,670,35.9912536,-79.9897335,31,,,
2113,880,24333,88900,1287,35.984363200000004,-79.9820674,47,,,
1535,600,61310,162000,600,35.999296,-79.982342,24,,,
4329,1500,65063,134300,1642,36.1708281,-79.6708265,20,,,
1680,651,50647,111300,737,36.1494983,-79.6359461,25,,,
1425,597,50958,170200,643,36.1423374,-79.6906437,25,,,
1341,798,65300,169600,798,36.1387641,-79.8133534,28,,,
3025,1553,56982,119800,1641,36.0532856,-79.9007183,16,,,
2161,877,25530,89800,979,36.11119179999999,-79.7693265,50,,,
1719,907,26783,157600,978,36.107152500000005,-79.7829175,48,,,
917,550,34839,135300,584,36.1022063,-79.7760004,64,,,
677,336,62768,160400,362,36.101307500000004,-79.8155829,61,,,
728,315,207321,522200,333,36.10413320000001,-79.7951817,61,,,
2759,1250,42222,105600,1440,36.1308469,-79.7818177,24,,,
1268,486,177396,647200,511,36.0974383,-79.8060095,63,,,
1949,739,37311,107600,857,36.1380975,-79.767544,25,,,
1915,684,43417,115900,830,36.1375448,-79.748246,29,,,
1906,643,33885,95100,784,36.1252959,-79.7555091,33,,,
963,404,33036,78200,437,36.1339607,-79.7611408,44,,,
1212,518,59500,150000,518,36.1084559,-79.8383142,55,,,
585,275,36442,134200,275,36.102557399999995,-79.8265779,60,,,
576,301,49432,154300,332,36.1124685,-79.8358175,55,,,
1118,532,56429,158800,563,36.0924356,-79.8229942,58,,,
2835,1007,26722,75600,1214,36.0428788,-79.8536192,35,,,
2403,1103,31507,,1146,36.0352059,-79.8591463,37,,,
2784,998,39120,105800,1061,36.0278226,-79.8462355,37,,,
479,266,14213,75600,374,36.0616243,-79.8080148,60,,,
747,293,27015,81300,376,36.0504151,-79.8123845,77,,,
1666,548,38152,70500,675,36.049620000000004,-79.8447615,59,,,
1087,451,83717,256900,499,36.085097499999996,-79.7939878,2018,,,
2011,773,47042,200000,940,36.07258579999999,-79.7908794,18,,,
1925,739,33625,539800,885,36.073082799999995,-79.8584043,41,,,
1448,557,128224,325400,571,36.113389500000004,-79.8627167,29,,,
983,311,23623,74400,355,35.973886900000004,-79.9772248,54,,,
1957,736,41322,89100,836,36.038784,-79.8114469,52,,,
1842,691,119886,427200,718,36.117098,-79.7959075,31,,,
2998,1206,75250,246400,1362,35.986909499999996,-79.7117556,39,,,
1673,687,43075,181100,746,36.078358,-79.8587462,37,,,
1575,625,94507,317600,647,36.0924028,-79.8521713,42,,,
1911,563,22946,74300,686,35.9623923,-79.9839285,47,,,
2478,927,42557,174000,966,35.984731599999996,-80.0364406,40,,,
2143,812,72885,156200,812,36.097506700000004,-79.6547217,30,,,
2701,958,80278,214200,997,36.1108886,-79.9960182,22,,,
2265,858,65255,148800,982,35.9297473,-79.7249435,35,,,
764,390,62813,190600,406,36.0802648,-79.819734,62,,,
1560,475,,147100,669,36.0664878,-79.8048706,69,,,
947,530,40952,276800,710,36.0826553,-79.7859632,2018,,,
2342,968,39856,102200,1057,36.0419889,-79.8711442,40,,,
1041,305,34931,83200,342,36.0569062,-79.8359917,59,,,
1163,551,111985,286700,582,36.0862135,-79.8560549,61,,,
1257,420,120726,258300,434,36.210027600000004,-79.8881388,33,,,
1586,472,47300,93800,587,36.098867299999995,-79.7724908,51,,,
1049,463,34875,88600,631,36.0554711,-79.7640989,55,,,
1894,578,,117500,631,36.058344399999996,-79.7763831,60,,,
504,273,15091,67500,295,36.0539766,-79.7780184,60,,,
1435,415,27946,66600,451,35.9759603,-79.9906746,57,,,
801,339,28750,159800,339,35.9785947,-80.0264604,57,,,
1078,369,11829,,369,36.057655600000004,-79.7935742,46,,,
996,314,32500,96900,366,36.048572899999996,-79.805857,43,,,
2302,1269,46875,107000,1419,36.067073799999996,-79.8788255,33,,,
2235,1018,37619,99800,1115,36.0201613,-79.8302837,33,,,
916,439,29018,69700,516,35.980646,-80.0146999,54,,,
2592,898,39231,98800,982,35.980962,-79.9628057,45,,,
1026,389,32841,,680,36.0663177,-79.8219157,32,,,
1055,367,,190100,367,36.0691157,-79.8169789,38,,,
619,251,18884,110000,363,36.0742456,-79.780015,48,,,
1072,382,37602,77000,453,36.049760299999996,-79.8203815,62,,,
2519,881,58664,132900,938,36.0434419,-79.883235,37,,,
2201,749,36618,98000,851,36.012660100000005,-79.8114746,41,,,
1630,670,50000,137900,775,36.066139299999996,-79.8941984,38,,,
2030,854,71429,215300,888,36.1267928,-79.9144358,31,,,
1301,665,57457,244200,721,36.108098299999995,-79.8990006,26,,,
848,340,29355,101900,434,36.118801399999995,-79.7598651,51,,,
6221,1887,64754,138900,1956,36.0388667,-79.7394502,22,,,
1703,874,41582,119200,960,36.074186299999994,-79.8851373,34,,,
4078,1540,74853,178500,1618,36.044923100000005,-79.9758343,19,,,
3614,1378,100903,218000,1443,36.0201771,-80.0034769,23,,,
4884,2334,56492,149000,2486,36.0121411,-79.9706511,15,,,
2133,672,92143,176900,721,36.0250331,-79.9455949,24,,,
2599,1018,69800,243600,1073,36.0051315,-79.9367159,39,,,
701,284,167976,422400,284,36.0171533,-79.87227,25,,,
3410,1399,55246,172100,1449,36.033797,-79.9071383,21,,,
3129,1228,52163,150700,1381,35.9868513,-79.8200937,18,,,
1945,810,53793,149000,820,35.959479200000004,-79.8345025,43,,,
917,433,44632,156300,446,36.106382,-79.815062,54,,,
469,197,127125,665000,242,36.0975343,-79.795401,69,,,
1099,502,34762,74700,586,36.0561957,-79.8085465,64,,,
961,274,60321,74200,274,36.052507299999995,-79.8543777,49,,,
2221,846,14500,119500,999,36.1135162,-79.7467236,37,,,
1924,748,68429,203900,884,36.1226639,-79.821115,42,,,
1573,984,36222,158700,1011,36.1329771,-79.8417776,34,,,
1435,526,90106,147500,576,36.16118970000001,-79.7858251,23,,,
1617,781,17208,,1224,36.056002,-79.8575458,33,,,
1307,541,43516,112800,630,35.994766299999995,-79.9709269,49,,,
857,207,54813,173100,207,36.111805,-79.695284,54,,,
571,216,31974,109500,278,35.97148320000001,-80.0061767,71,,,
580,236,,75300,269,36.1914149,-77.5891914,49,,,
1187,513,30429,75100,650,36.131459899999996,-77.6029871,50,,,
1022,386,54130,43900,461,36.187454100000004,-77.7469456,26,,,
1166,473,30754,69000,607,36.28553,-77.6177379,28,,,
430,207,37679,88100,334,36.2257305,-77.47641,48,,,
667,315,43625,104000,427,36.1774138,-77.4215894,48,,,
255,145,11146,51300,283,36.1314206,-77.4178337,55,,,
341,115,,68300,272,36.1219416,-77.4106989,73,,,
879,421,48064,,473,36.0897745,-77.483769,39,,,
1350,478,30865,73400,618,36.0758419,-77.3780267,45,,,
924,348,15417,90500,400,36.4221061,-77.5982811,60,,,
712,269,33135,40500,364,36.389774200000005,-77.5791081,46,,,
992,385,42417,110700,442,36.465536799999995,-77.6398294,66,,,
763,292,72083,114700,292,36.4592292,-77.6514531,63,,,
1715,682,52329,179600,765,36.4459503,-77.6388417,36,,,
987,592,38492,178700,643,36.4488636,-77.6334135,27,,,
768,303,45057,95700,368,36.4628895,-77.6570622,66,,,
1092,467,41356,129800,489,36.4699791,-77.6670139,61,,,
441,174,,108000,206,36.45490529999999,-77.6664168,63,,,
1703,596,18214,82400,645,36.4331747,-77.6426307,37,,,
936,329,39125,94200,417,36.4460837,-77.6481509,49,,,
1823,707,39596,126200,792,36.4627219,-77.6835411,30,,,
882,381,,128400,533,36.4415225,-77.686031,35,,,
1106,477,77054,216000,477,36.471855,-77.6991891,33,,,
1025,470,31887,100400,555,36.435965700000004,-77.7444024,31,,,
1946,764,29722,63900,854,36.424707399999996,-77.69501,37,,,
1266,587,33512,93300,683,36.3596056,-77.7098485,39,,,
451,204,37903,,236,36.3047343,-77.7484228,30,,,
837,350,34821,90600,526,36.462384899999996,-77.8421906,30,,,
693,350,26875,66200,498,36.4416028,-77.9063748,57,,,
1492,589,38750,62200,818,36.4135812,-77.8337694,42,,,
1519,568,24063,69700,722,36.2629481,-77.9201844,35,,,
945,426,40000,86800,516,36.2023111,-77.9297614,28,,,
510,225,,82000,361,36.249525299999995,-77.6973709,38,,,
845,354,33796,92900,418,36.1983652,-77.6930488,52,,,
749,325,21205,78100,372,36.1786664,-77.6758459,61,,,
1651,319,28708,83100,449,36.2929689,-77.5153733,53,,,
514,227,41625,81300,326,36.1674083,-77.3429742,38,,,
534,221,31250,60000,292,36.1376725,-77.4690064,57,,,
702,280,31500,125600,374,36.4305123,-77.6138585,61,,,
1166,505,27426,76200,587,36.3971982,-77.6271847,31,,,
562,264,42083,144500,308,36.4574065,-77.6447505,53,,,
947,334,34103,117300,446,36.475829100000006,-77.6582557,58,,,
1243,471,43618,96100,515,36.46304979999999,-77.6664323,61,,,
1149,427,48207,82700,473,36.4483409,-77.657135,65,,,
873,416,,89400,495,36.452521999999995,-77.6871643,43,,,
924,508,28056,89700,562,36.4595214,-77.7325665,24,,,
2546,1000,34841,56800,1093,36.4001534,-77.6789001,29,,,
1016,498,78214,376800,929,36.4922467,-77.8565592,26,,,
725,309,28162,85500,381,36.3253554,-77.8699469,28,,,
2186,834,31106,45800,903,36.2088255,-77.8226605,31,,,
2141,811,41094,88600,875,35.2828749,-78.7455427,33,,,
2469,891,49097,150900,1038,35.2925028,-78.8430383,22,,,
892,356,31290,98500,512,35.361881200000006,-78.8135329,45,,,
1804,278,47778,125500,344,35.3630848,-78.7724237,25,,,
2663,1068,36500,146400,1205,35.3975899,-78.8376364,32,,,
2273,887,29132,161500,999,35.30891,-78.6270184,44,,,
1072,386,31111,93200,481,35.2985987,-78.607312,60,,,
1281,513,50375,122500,603,35.2786325,-78.618099,46,,,
1822,705,30644,109100,853,35.3469965,-78.5866643,41,,,
436,203,22344,91500,261,35.31296879999999,-78.610621,70,,,
1962,853,37156,152100,948,35.336010200000004,-78.6211997,38,,,
1001,443,50947,132600,489,35.318993400000004,-78.6157119,60,,,
955,490,16809,74800,548,35.306892700000006,-78.6008068,45,,,
1602,698,32258,91700,771,35.331214700000004,-78.5732096,42,,,
1730,733,36250,82500,857,35.317146,-78.6607697,51,,,
1824,795,40439,99900,899,35.3310876,-78.6595248,61,,,
1016,381,42125,130200,447,35.279123,-78.6661462,40,,,
3762,1147,53750,157700,1316,35.2475909,-78.9481948,21,,,
1310,453,38958,89800,573,35.232333700000005,-78.951701,40,,,
1225,422,56500,191300,525,35.2384662,-78.9883,28,,,
2405,812,80526,181900,899,35.3087755,-78.9315933,15,,,
4173,1416,79082,244200,1584,35.2770876,-78.9602724,14,,,
2821,850,104537,255700,976,35.27885870000001,-79.0508286,23,,,
1716,537,61076,150000,659,35.347862899999996,-78.9955324,25,,,
923,326,65250,185600,351,35.339386,-79.0891186,22,,,
3595,1131,57609,156500,1268,35.3274265,-79.020715,14,,,
3665,1192,82396,211900,1247,35.257879700000004,-79.0216821,10,,,
2658,996,92426,244900,1270,35.281896100000004,-79.0240201,16,,,
1795,517,57948,139300,589,35.2867617,-79.009143,27,,,
3339,1141,54028,124500,1256,35.32138320000001,-79.1306719,23,,,
1252,356,54615,111100,485,35.278582799999995,-79.0822525,26,,,
1431,493,52695,97000,552,35.2690439,-79.1546905,26,,,
8474,2091,59250,203500,2261,35.2352378,-79.0712325,10,,,
1240,487,53828,114500,723,35.229930200000005,-79.1255869,23,,,
2011,775,36705,113700,800,35.3678404,-78.6916152,34,,,
2096,817,46649,123600,986,35.41573820000001,-78.695354,33,,,
3271,1104,41092,122100,1151,35.441556,-78.6467073,30,,,
2241,765,37917,129500,843,35.3861463,-78.6516715,45,,,
2373,892,49200,155200,946,35.4391033,-78.7694899,24,,,
3599,920,37778,156600,1153,35.4054425,-78.7333778,25,,,
3123,1146,47093,122900,1172,35.51265479999999,-78.7218886,28,,,
2240,883,47109,142000,972,35.4785389,-78.7500793,28,,,
1187,433,35625,204200,470,35.5239642,-78.7598598,24,,,
3057,1085,74172,167200,1215,35.51918189999999,-78.8182409,18,,,
2437,811,66406,194500,878,35.47363789999999,-78.8458296,22,,,
963,317,66354,198300,317,35.4738845,-78.8745169,26,,,
3652,1295,45491,113600,1397,35.4586669,-78.9456639,24,,,
1427,574,47727,118400,687,35.39662379999999,-78.956667,27,,,
1377,495,45401,81900,638,35.4126985,-79.0230044,31,,,
590,208,39318,118300,279,35.324699200000005,-78.5524608,36,,,
1654,603,37061,86200,693,35.33200120000001,-78.6814317,62,,,
2795,978,50765,152800,1208,35.2809614,-78.8761742,25,,,
1046,305,69583,202400,390,35.231735799999996,-78.9722256,16,,,
1311,542,43158,102500,622,35.3810482,-79.0624035,32,,,
2679,799,65387,134000,974,35.3033559,-79.0601902,23,,,
1451,584,57784,98700,664,35.3742127,-78.6077826,25,,,
1064,310,49537,267600,352,35.4107659,-78.7783663,38,,,
2962,1096,45682,150800,1142,35.4885095,-78.69462,28,,,
2622,848,67656,175700,882,35.490990100000005,-78.7766891,23,,,
2404,926,66776,189700,1018,35.5257734,-78.9300895,18,,,
2002,717,54911,155300,717,35.373499,-78.8965966,24,,,
0,0,,,0,35.662982899999996,-83.136598,,,,
1281,496,46875,120000,541,35.527279,-82.8009455,57,,,
775,312,44113,113500,359,35.524227,-82.8627736,58,,,
929,372,29375,160100,425,35.5239502,-82.8934525,42,,,
2148,805,60099,205600,898,35.5583015,-82.9192594,37,,,
899,423,60144,152700,522,35.5415821,-82.9399197,36,,,
1196,521,21475,190600,585,35.5332809,-82.9320557,29,,,
2290,895,77098,258000,1304,35.5451842,-82.9911707,31,,,
1626,823,58224,199700,1082,35.51852120000001,-83.0009523,31,,,
1778,825,57679,222100,1757,35.5317237,-83.0725236,28,,,
1463,760,50114,176500,1539,35.495484499999996,-83.0859992,32,,,
2526,1196,59054,280300,1720,35.4797602,-83.0507528,30,,,
679,348,41667,113300,365,35.4671401,-83.02743,38,,,
1854,896,28333,126400,1039,35.4931326,-82.9957015,53,,,
873,483,51827,193100,508,35.5117718,-82.947337,32,,,
804,347,58438,146500,374,35.5057274,-82.9764967,63,,,
1786,751,42109,165900,831,35.4888299,-82.9734119,54,,,
1416,604,56029,225800,756,35.4774205,-82.9824365,42,,,
1032,506,46167,284700,680,35.4639984,-82.9743521,40,,,
1894,708,66410,114700,910,35.4172701,-83.0225542,34,,,
784,326,53200,153400,699,35.4305924,-82.9856091,43,,,
520,322,14900,133000,338,35.4640301,-83.0029111,72,,,
730,378,44091,99400,378,35.4824114,-83.000824,47,,,
1531,753,41794,141500,864,35.4730042,-83.0053938,46,,,
1835,857,49614,200000,956,35.354603499999996,-82.8976883,31,,,
1102,436,35833,149500,436,35.493052899999995,-82.8575844,39,,,
1863,761,59929,123400,940,35.4894294,-82.8312753,34,,,
1037,453,29036,178500,695,35.4254924,-82.7978914,36,,,
967,414,51724,226700,614,35.393401700000005,-82.8456431,37,,,
815,317,47169,175800,561,35.65248,-83.0287986,35,,,
977,433,39926,175600,668,35.5712518,-83.0005424,23,,,
1694,691,54236,234100,1187,35.5729096,-83.0509066,23,,,
1176,520,51591,186500,725,35.6254084,-82.9027553,26,,,
1177,510,47750,247700,646,35.5988752,-82.9794934,29,,,
935,338,39750,101000,403,35.546531099999996,-82.8363756,41,,,
1347,525,40494,122900,819,35.5646566,-82.8675423,34,,,
743,306,50625,119600,351,35.540091700000005,-82.8093764,60,,,
402,203,36917,143800,267,35.5297562,-82.8378005,2018,,,
1155,473,37235,177700,540,35.520644399999995,-82.8269294,46,,,
1245,474,43529,124300,528,35.5397149,-82.8611339,60,,,
1506,726,51731,159900,794,35.5254638,-82.9212016,30,,,
864,407,42232,283100,757,35.5304855,-82.9611458,32,,,
603,321,26307,152900,883,35.5213298,-83.136218,33,,,
3047,1151,60579,180800,1360,35.482727000000004,-82.9127485,31,,,
1266,531,48313,191700,854,35.7115955,-82.9819871,25,,,
2384,1071,65987,179300,1172,35.57957329999999,-82.8133868,43,,,
873,316,36633,139500,442,35.5407385,-82.8313836,70,,,
606,252,58833,167400,326,35.5122218,-82.8412484,41,,,
1206,596,49537,201600,1416,35.4468305,-82.3502073,31,,,
778,284,65714,233300,392,35.4300105,-82.3816647,28,,,
1986,740,52155,227800,917,35.399943900000004,-82.3188608,25,,,
1775,510,44844,137300,660,35.366564399999994,-82.3626651,25,,,
1420,428,33462,111600,581,35.361017700000005,-82.3147987,26,,,
1927,828,36731,168200,940,35.3383787,-82.3628561,33,,,
3421,1669,58588,195000,1848,35.3644911,-82.3893289,16,,,
2844,1146,50139,111400,1165,35.328520700000006,-82.4014137,30,,,
1711,675,67292,195900,767,35.3881742,-82.4464214,29,,,
1379,455,36617,128000,486,35.3665409,-82.4320164,27,,,
870,311,32708,161700,379,35.397783600000004,-82.4212555,27,,,
2839,1096,66681,161900,1224,35.4291946,-82.5105621,27,,,
593,352,27875,42300,462,35.3684366,-82.4118315,29,,,
2123,922,43611,183200,949,35.3927817,-82.4712649,40,,,
3341,1398,55993,215100,1460,35.4517483,-82.4457434,20,,,
2249,1015,55731,223000,1186,35.4413861,-82.5177484,22,,,
1954,836,75217,306000,957,35.4101686,-82.6132872,25,,,
2586,969,65524,235700,1057,35.3826461,-82.6506513,30,,,
2455,1019,58828,238400,1082,35.3334719,-82.6167466,26,,,
1246,564,56250,182900,613,35.33609310000001,-82.592064,33,,,
1850,1022,40702,163600,1049,35.30444179999999,-82.5886794,27,,,
1031,479,48906,220400,585,35.3703223,-82.5019718,47,,,
2223,799,36409,173500,919,35.3616614,-82.4921022,45,,,
1540,734,54423,169000,858,35.3383655,-82.4850403,47,,,
1229,508,43092,155500,508,35.3604839,-82.4485275,29,,,
1009,575,20675,134300,707,35.318425,-82.4323854,42,,,
1557,813,42411,230700,869,35.3369929,-82.450646,30,,,
534,213,55089,136800,305,35.3502348,-82.4608682,35,,,
1022,502,41176,181800,641,35.327601200000004,-82.461181,62,,,
1283,630,23966,182700,713,35.314075,-82.4612667,49,,,
1075,559,38004,154200,628,35.3171841,-82.4727951,68,,,
657,326,26017,137900,375,35.3147571,-82.446981,37,,,
903,437,36313,133600,445,35.304321,-82.4355946,48,,,
1615,711,46747,163100,871,35.29502,-82.451111,46,,,
885,405,49653,214200,497,35.3020113,-82.4496228,43,,,
485,167,72014,127800,209,35.298305600000006,-82.4267265,48,,,
869,438,,165600,452,35.2917863,-82.4183885,33,,,
2282,856,36134,143000,1035,35.2683881,-82.3988469,37,,,
1901,729,43309,265400,938,35.2810345,-82.4281229,21,,,
1675,818,55172,358200,1201,35.2751201,-82.4580435,39,,,
1111,473,73750,222300,515,35.260670700000006,-82.4285254,27,,,
1145,590,113750,575400,795,35.2561477,-82.4565383,23,,,
1008,547,37118,159100,686,35.305299100000006,-82.4661216,38,,,
821,343,19183,209200,458,35.2981031,-82.4755887,40,,,
1785,743,53036,294100,743,35.282166700000005,-82.4789887,41,,,
1808,849,61528,207500,967,35.313778000000006,-82.4976221,40,,,
1287,481,61761,253400,509,35.36107929999999,-82.5281325,33,,,
2455,1176,59688,233300,1290,35.33533,-82.4968553,33,,,
1060,452,49211,183300,508,35.327753,-82.494979,48,,,
2013,813,56349,268800,907,35.3187135,-82.5673386,25,,,
1237,568,65417,342400,730,35.288459700000004,-82.535309,24,,,
1261,518,75667,207300,738,35.2373969,-82.5645472,29,,,
0,0,,,0,35.406264,-82.6936452,,,,
1844,675,81607,266500,894,35.2615815,-82.5081835,28,,,
2248,944,71971,214700,1624,35.22042329999999,-82.3964119,30,,,
2233,786,53045,128300,942,35.3006665,-82.3561792,26,,,
1267,523,48295,187000,566,35.3067165,-82.396076,22,,,
1343,559,49375,257800,573,35.3922935,-82.3884346,25,,,
3373,1279,60244,225000,1413,35.4011693,-82.5067412,19,,,
1486,629,71125,216800,728,35.4138124,-82.4539272,27,,,
1648,580,74688,223000,627,35.4121179,-82.5542992,22,,,
2326,1011,54155,272200,1045,35.3710187,-82.5563489,25,,,
2024,786,62281,200500,835,35.3881316,-82.5251594,31,,,
1352,631,37614,162300,746,35.350415399999996,-82.4791788,46,,,
1176,430,29314,138500,461,35.3348347,-82.4282602,22,,,
867,473,35272,124000,532,35.324706400000004,-82.4716271,47,,,
1312,590,71970,246400,688,35.2868989,-82.4958512,47,,,
1417,595,79375,326900,739,35.30291810000001,-82.5083027,30,,,
1832,828,59741,273800,898,35.3453629,-82.5242542,30,,,
1671,776,66797,221100,942,35.327005,-82.5325851,39,,,
797,323,29877,176900,435,35.278210200000004,-82.5896516,29,,,
2090,776,71771,217500,1059,35.200480299999995,-82.5247743,27,,,
2075,803,47383,96300,888,36.3337586,-77.0820133,29,,,
2112,350,37885,82000,442,36.416824600000005,-76.9566457,41,,,
1135,439,38237,89500,519,36.3619255,-76.9762294,38,,,
1369,581,40439,89100,729,36.351721000000005,-76.8906709,32,,,
696,298,26500,9999,369,36.454869,-77.1094924,43,,,
1335,562,32667,62600,770,36.49972460000001,-77.0185047,37,,,
1097,463,39417,54700,589,36.3911819,-77.0837241,28,,,
678,313,34464,66900,421,36.4370476,-77.0923108,63,,,
878,391,49908,162500,462,36.3088551,-76.9979091,40,,,
1866,605,43750,97100,651,36.2587355,-77.0082311,40,,,
667,281,34659,94800,338,36.309088,-76.9764465,49,,,
664,255,25795,87500,385,36.3036049,-76.9624603,47,,,
2063,769,29801,96400,917,36.2797061,-76.9244742,45,,,
1408,576,33182,76700,696,36.2768704,-77.1299107,41,,,
1270,537,40792,67400,627,36.291546999999994,-76.8032583,41,,,
955,347,28574,85300,347,36.431703399999996,-77.0480733,38,,,
2552,785,31094,128200,832,36.4353326,-77.1091218,43,,,
826,319,35341,150500,363,36.2884001,-77.0182896,45,,,
507,225,28092,77500,287,36.283474299999995,-76.9858687,61,,,
1549,674,24353,90700,765,34.973199900000004,-79.23028,49,,,
653,252,23125,88600,351,34.996267100000004,-79.2324934,51,,,
651,293,26583,116400,343,34.9889098,-79.2299298,38,,,
1983,538,30523,67600,646,34.8793268,-79.1800539,32,,,
2281,730,29500,94700,806,34.87600870000001,-79.2398193,27,,,
0,0,,,0,35.119310999999996,-79.2310792,,,,
5283,1750,56150,171000,2014,35.0306868,-79.1911685,16,,,
3045,992,35726,122800,1207,34.99439279999999,-79.1963459,25,,,
2896,923,69922,178100,1190,35.0040156,-79.1350039,17,,,
2815,869,69338,168500,951,35.0273065,-79.0965891,16,,,
3701,1156,83281,187000,1296,35.010024200000004,-79.087306,12,,,
3720,1299,61042,129600,1492,34.9772484,-79.0794127,22,,,
1270,514,59219,145200,611,34.9637775,-79.0577036,24,,,
3322,781,52891,158700,937,35.0537019,-79.3627127,26,,,
1127,430,42549,84300,449,35.016591,-79.2540855,24,,,
1496,499,27356,75900,677,34.91976939999999,-79.3062509,30,,,
1901,690,44342,122800,830,34.9353998,-79.1339394,29,,,
963,315,35993,125400,407,34.9760402,-79.20888,51,,,
1341,503,37847,82400,551,34.99028,-79.2147443,47,,,
831,311,29561,64500,331,34.9325571,-79.1974172,29,,,
4642,1609,46477,171400,1865,35.040265999999995,-79.1107806,20,,,
802,380,41100,150000,484,35.0231765,-79.1350442,19,,,
3682,1116,55769,161800,1231,34.98012620000001,-79.1430133,14,,,
812,308,38750,106400,354,35.030330799999994,-79.394767,26,,,
2473,790,46476,153400,921,34.9904682,-79.3042835,23,,,
988,361,62652,71900,400,35.403898299999994,-76.3148356,38,,,
2291,770,45833,97400,1164,35.523967,-76.0746195,47,,,
0,0,,,0,35.1070011,-75.8812071,,,,
0,0,,,0,35.2966564,-76.0239642,,,,
1550,421,44222,,789,35.501681299999994,-76.3857985,26,,,
564,217,,331700,896,35.073231400000004,-75.9985272,32,,,
1298,569,33798,145400,618,35.7921848,-80.904294,52,,,
1228,661,38938,177900,690,35.7854843,-80.8940841,71,,,
1709,510,50096,109000,519,35.7968461,-80.8950583,60,,,
1476,437,29493,64800,535,35.7628534,-80.8731599,54,,,
1389,619,31823,121400,745,35.783745399999994,-80.8706077,50,,,
631,312,31964,118300,397,35.7946908,-80.8809597,59,,,
1358,502,60822,148200,502,35.800267100000006,-80.8838121,60,,,
350,139,28555,52600,197,35.7702919,-80.886465,70,,,
819,316,26964,21700,430,35.760552399999995,-80.9004421,58,,,
1038,436,20357,96900,477,35.7749945,-80.9071563,66,,,
635,362,12813,128800,475,35.791351,-80.9173966,53,,,
1341,594,47407,87900,628,35.7840713,-80.9357923,48,,,
1187,569,44417,196500,593,35.586150700000005,-80.8549461,25,,,
838,371,64896,186700,399,35.58385379999999,-80.8456416,22,,,
1198,447,105156,458800,492,35.5522065,-80.8542356,18,,,
1986,763,93375,353200,871,35.5549213,-80.8865105,25,,,
2651,899,130536,617500,969,35.5456097,-80.9154007,18,,,
2220,716,141406,908400,1055,35.507811,-80.9390682,15,,,
2839,1128,56771,227900,1231,35.527164299999995,-80.8237618,23,,,
2830,862,80804,214800,912,35.5331055,-80.7812495,14,,,
1307,463,101328,373800,516,35.532548799999994,-80.760275,17,,,
1974,757,37457,141000,799,35.600089399999995,-80.8020869,25,,,
1714,606,54844,196600,612,35.5991919,-80.7893918,21,,,
1744,607,72838,218000,652,35.573184999999995,-80.79056,17,,,
2084,690,77000,224200,735,35.5803563,-80.7725666,18,,,
1754,655,54063,184900,701,35.5690075,-80.8055042,43,,,
1842,774,64239,244100,796,35.5623899,-80.7930561,27,,,
2506,824,47944,170300,900,35.5829809,-80.8261417,43,,,
1126,360,40536,90000,360,35.5895563,-80.8130268,66,,,
3528,1483,70631,255900,1646,35.56907,-80.8338203,16,,,
1048,428,48545,130400,514,35.563505799999994,-80.8194894,55,,,
3170,1214,69643,232600,1274,35.5503169,-80.8243329,20,,,
1190,416,100278,285100,435,35.7914032,-80.8111882,41,,,
817,303,37313,108000,339,35.746326700000004,-80.8433691,46,,,
1075,347,37361,88600,380,35.7641783,-80.8156011,36,,,
1495,554,55000,81300,683,35.752219000000004,-80.7724235,25,,,
2194,746,51579,104700,834,35.8542819,-80.7808746,24,,,
1455,623,59503,145100,640,35.8707966,-80.8470567,24,,,
1885,638,67083,162500,650,35.837247999999995,-80.8376554,30,,,
1105,454,45417,97500,610,35.999767999999996,-80.7276418,30,,,
1108,437,42170,125700,515,35.978950299999994,-80.8070937,41,,,
1903,680,53015,140600,805,35.9115406,-80.7300204,32,,,
1210,502,48000,140900,680,36.011640299999996,-80.9826325,28,,,
823,316,57375,160200,355,35.9878545,-80.8709038,28,,,
771,267,54625,212500,267,36.0088667,-80.9197134,30,,,
875,261,56750,114900,325,35.941759499999996,-80.9363653,29,,,
1012,402,37112,193600,464,35.926521799999996,-80.8797609,39,,,
2273,786,53929,141900,831,35.869566999999996,-80.8896402,32,,,
1657,781,52835,143900,877,35.8288354,-80.8725023,38,,,
1107,340,57500,177200,370,35.8675658,-80.9976655,27,,,
1711,692,64561,144500,692,35.8171748,-80.9454203,24,,,
747,269,43482,116100,333,35.830533,-80.9884478,39,,,
3216,1218,48421,158800,1324,35.81193629999999,-80.9001215,26,,,
1451,536,49355,142300,571,35.8217549,-81.0245399,31,,,
1057,352,52353,112900,399,35.777822,-81.0337696,27,,,
1640,659,41013,93400,709,35.800720299999995,-80.9986182,25,,,
651,250,50278,140800,371,35.7955342,-80.9662374,41,,,
1361,513,53839,152600,539,35.7473652,-81.0351296,34,,,
1739,694,50333,115700,769,35.7354876,-81.0114748,30,,,
1513,546,51310,118600,638,35.76235629999999,-80.9542634,32,,,
814,333,54659,126600,348,35.7414684,-80.98007,35,,,
501,192,72292,223600,217,35.735882600000004,-80.9589705,23,,,
1928,695,81927,190200,720,35.7360998,-80.9088695,21,,,
1406,550,49600,193400,670,35.728231,-80.876868,22,,,
1962,771,44375,134400,924,35.6885386,-80.9086287,43,,,
1783,792,64010,196200,816,35.6776842,-80.8826606,23,,,
1488,643,48508,143100,678,35.6501675,-80.8796069,23,,,
2157,763,132031,476200,1003,35.6399496,-80.9035868,14,,,
1466,522,111968,427300,691,35.608335700000005,-80.9106236,18,,,
1202,533,60230,134800,597,35.7076834,-80.9339391,37,,,
511,193,106875,360300,296,35.66761470000001,-80.9456042,26,,,
539,217,44184,212500,244,35.7301177,-80.84854,19,,,
1406,489,37034,81900,489,35.714280200000005,-80.8245579,23,,,
1296,426,52292,99000,436,35.6609809,-80.8542531,22,,,
1737,585,67318,156500,648,35.671809700000004,-80.8310521,23,,,
2023,800,65556,200500,835,35.6361167,-80.8049021,20,,,
2405,925,58266,155700,963,35.6200092,-80.8406175,20,,,
2711,1129,56118,174300,1213,35.599362799999994,-80.828646,21,,,
1937,700,147188,606200,868,35.567992499999995,-80.9412885,20,,,
1994,640,160313,661700,696,35.54569910000001,-80.939883,21,,,
1705,679,80144,244600,709,35.5913941,-80.883922,12,,,
1144,550,75417,321200,576,35.580774,-80.8677295,14,,,
2897,1209,32521,205500,1298,35.8019076,-80.8469919,24,,,
2507,901,38664,106500,901,35.783817799999994,-80.8478116,41,,,
1420,558,134079,489100,659,35.5481555,-80.8765285,29,,,
1872,707,100694,366800,744,35.5558409,-80.8942876,26,,,
1595,671,99219,438800,723,35.520505799999995,-80.8825781,24,,,
642,231,33102,78700,362,35.7800476,-80.8803366,67,,,
2383,961,48397,153100,1049,35.7984326,-80.8700442,28,,,
480,230,31500,92000,263,35.7781701,-80.8910424,2018,,,
689,241,24107,57500,293,35.7687012,-80.8932661,70,,,
906,341,32305,74100,341,35.775231899999994,-80.9258884,57,,,
2350,814,98750,291800,868,35.625373100000004,-80.7741848,17,,,
997,433,105239,414900,505,35.5773958,-80.9151936,17,,,
3975,1482,64333,374500,1651,35.5931232,-80.9093994,16,,,
833,343,56213,193200,388,35.796285299999994,-80.8259327,40,,,
1370,496,69024,146300,572,35.789654999999996,-80.75913,27,,,
2444,952,51875,165300,983,35.834858200000006,-80.7545472,30,,,
969,367,37117,118800,390,36.026731,-80.7947486,28,,,
1615,612,42308,88600,777,35.9200083,-80.8086529,32,,,
1251,380,52237,147500,409,36.03779,-80.8790198,33,,,
1262,497,56230,152600,550,35.9343286,-80.9902752,38,,,
1060,398,44868,200900,426,35.897561200000005,-80.938064,33,,,
1292,418,42813,121700,447,35.8505403,-80.969123,27,,,
1132,427,54886,132000,427,35.8408265,-80.9090007,41,,,
1624,529,81528,196500,609,35.7894704,-81.072501,18,,,
936,345,61513,98900,400,35.7061225,-80.8726296,43,,,
3227,1182,76000,297200,1366,35.611211700000005,-80.8710703,16,,,
1098,366,104750,318300,419,35.696022799999994,-80.9786431,17,,,
1061,382,106944,470900,582,35.6502295,-80.9258766,18,,,
948,324,56786,,454,35.705529999999996,-80.7820227,23,,,
1716,667,58811,190100,696,35.6784462,-80.7871112,21,,,
1948,1000,63929,191200,1368,35.28265570000001,-83.2574109,27,,,
2068,788,57969,154200,961,35.3135976,-83.2968619,27,,,
1656,839,56838,158200,1141,35.3763276,-83.3082077,32,,,
1698,668,35690,223200,1195,35.2399088,-83.1774038,29,,,
1910,706,32963,136300,978,35.4455355,-83.3329911,35,,,
1232,596,30633,116300,776,35.4715565,-83.2906897,36,,,
1804,768,34167,249700,892,35.278864500000005,-83.2093944,18,,,
2630,246,,,277,35.3008355,-83.1779217,16,,,
2292,482,33107,242800,708,35.317574,-83.179572,23,,,
807,357,38023,172100,513,35.382799799999994,-83.1993606,49,,,
2037,881,49175,215900,1004,35.4170349,-83.1892527,33,,,
1653,595,58203,204500,610,35.386606799999996,-83.2281718,32,,,
1496,697,43405,332400,2247,35.15739129999999,-83.1632788,25,,,
626,331,39271,221800,498,35.324434100000005,-83.0516865,42,,,
1298,526,50417,164000,825,35.3947564,-83.0892149,35,,,
2170,1046,53516,212800,1147,35.3623315,-83.1766436,34,,,
2346,981,48819,219700,1265,35.3585841,-83.2223054,37,,,
1386,601,35449,232800,788,35.3336658,-83.1389981,28,,,
1349,612,40635,287000,2160,35.066389,-83.0874846,31,,,
2992,1100,37609,141500,1623,35.472062,-83.2210505,34,,,
2113,794,61250,222100,945,35.3195472,-83.2137698,33,,,
1532,578,46271,170600,874,35.4160516,-83.2620984,35,,,
938,326,40000,123600,739,35.2127505,-83.102226,29,,,
703,348,33281,177800,519,35.432306200000006,-83.1275724,29,,,
738,368,35833,253800,753,35.2452956,-83.0001041,24,,,
834,408,60288,427600,2267,35.1367107,-83.072059,24,,,
1091,393,16492,53000,404,35.6127077,-78.1452535,31,,,
1921,779,46113,109600,883,35.5391027,-78.138074,25,,,
1204,444,40144,132000,515,35.565583600000004,-78.1893866,39,,,
930,389,49375,125500,434,35.526442700000004,-78.2454103,40,,,
1940,707,56289,133800,769,35.4949649,-78.2516708,34,,,
587,228,,143100,290,35.513007200000004,-78.3387858,66,,,
761,296,48333,126500,321,35.5095422,-78.301635,48,,,
1533,605,27270,169400,685,35.5056816,-78.3469422,70,,,
616,311,80265,182400,320,35.4976114,-78.3602828,52,,,
1403,426,33500,113500,444,35.4516854,-78.3052201,33,,,
987,335,63906,89700,440,35.4668435,-78.2812146,45,,,
924,436,28977,94300,523,35.461317799999996,-78.1588441,43,,,
627,283,34403,151700,314,35.403524299999994,-78.1831732,37,,,
2009,661,44148,126400,803,35.5818749,-78.1174433,45,,,
1751,603,53134,120600,688,35.662107,-78.223316,34,,,
3062,1042,50558,87900,1126,35.7393311,-78.2392324,27,,,
457,163,,98400,202,35.698991799999995,-78.1876168,28,,,
4020,1245,65222,141700,1331,35.7156799,-78.3285877,24,,,
1000,355,50446,163500,461,35.692865999999995,-78.2954462,23,,,
5761,1761,70134,211500,1825,35.7137466,-78.3975758,12,,,
2404,768,59390,111800,939,35.4875316,-78.6442303,23,,,
1559,583,53665,134700,583,35.369746500000005,-78.2857047,24,,,
2493,739,41570,125100,924,35.285431,-78.4587608,32,,,
1674,457,31042,101300,529,35.3305455,-78.4549568,33,,,
978,429,38674,88500,504,35.3091986,-78.3488744,40,,,
1519,601,26875,93800,643,35.341749799999995,-78.5111389,40,,,
853,355,38313,68800,500,35.3880843,-78.5699708,60,,,
2288,780,42423,158500,870,35.411768200000004,-78.5088196,31,,,
697,247,,132900,317,35.3811008,-78.4916427,25,,,
1483,628,43900,150200,747,35.631831899999995,-78.4557958,20,,,
1880,610,63162,128400,659,35.634075,-78.4705517,23,,,
3948,1361,60854,155500,1473,35.651239200000006,-78.490088,21,,,
3445,1186,77946,180400,1203,35.690772700000004,-78.4612721,26,,,
2908,1074,70345,149900,1095,35.5872805,-78.4675604,18,,,
1914,894,69315,149600,908,35.6133001,-78.4955028,26,,,
1790,574,45688,114600,701,35.6132237,-78.4745517,23,,,
3095,1271,65731,203800,1288,35.6307823,-78.5473406,17,,,
3248,1097,81590,182900,1205,35.652078100000004,-78.5161162,17,,,
4271,1431,81090,166600,1511,35.5620416,-78.5569918,22,,,
6258,1996,83571,209600,2135,35.5878179,-78.5339565,16,,,
1506,487,51360,145700,560,35.4935162,-78.4357853,41,,,
679,205,16677,169600,247,35.448746500000006,-78.4046419,43,,,
3006,957,50775,132300,1191,35.3821396,-78.4217344,31,,,
1439,556,50795,111800,598,35.4397977,-78.4957651,29,,,
3378,1186,62711,158100,1330,35.4976045,-78.5103529,26,,,
2494,914,61852,141400,1006,35.535229799999996,-78.5559761,19,,,
1858,596,66786,201000,650,35.5400494,-78.5930893,21,,,
3958,1387,74141,168000,1427,35.5431655,-78.6072793,21,,,
2125,911,58603,166500,1032,35.5439737,-78.6627533,16,,,
3497,1176,83810,187700,1255,35.4970301,-78.5830029,18,,,
3460,1076,64800,154900,1076,35.6905023,-78.3545154,16,,,
1584,391,28327,47100,461,35.5358107,-78.2675012,45,,,
2331,1056,39722,115900,1159,35.574726899999995,-78.248867,39,,,
2695,798,52105,138200,892,35.595748799999996,-78.2976147,32,,,
2169,710,34524,85800,885,35.551989500000005,-78.2853152,50,,,
1821,670,36778,85400,804,35.5345189,-78.3622138,49,,,
2090,652,70729,167700,672,35.5863229,-78.4326873,21,,,
3128,977,74980,193400,1041,35.604692799999995,-78.3814582,18,,,
2811,801,118359,292500,852,35.63530120000001,-78.3903873,18,,,
4437,1336,63895,167300,1453,35.5484744,-78.4236222,17,,,
1250,498,59265,100300,513,35.6211048,-78.1880306,28,,,
1750,602,45446,134200,730,35.5150104,-78.2137777,28,,,
2639,936,48712,162000,984,35.5311805,-78.3247546,35,,,
1385,625,33029,176200,703,35.489416,-78.3692573,45,,,
1436,496,20548,48700,617,35.5004973,-78.3380394,56,,,
2746,985,49957,104100,1023,35.4443408,-78.2247243,27,,,
2154,833,46336,94200,833,35.4928373,-78.1550137,25,,,
1356,692,36000,135200,789,35.661258399999994,-78.4856964,32,,,
1313,441,110461,167700,441,35.601386700000006,-78.5192683,24,,,
6714,2211,85027,227700,2342,35.5834985,-78.5936123,13,,,
4395,1694,64451,160800,1808,35.545738899999996,-78.4926337,20,,,
2496,983,54421,180100,1166,35.45851270000001,-78.4348475,37,,,
1614,575,41780,102700,635,35.431460200000004,-78.3934337,40,,,
1123,496,60156,141300,579,35.7561027,-78.2793818,29,,,
2067,884,36875,164800,898,35.640574,-78.2775002,27,,,
9021,3421,92375,236000,3575,35.6641981,-78.3732774,13,,,
2513,751,50176,108200,846,35.445809499999996,-78.5710772,26,,,
1652,566,85667,194900,566,35.4163838,-78.5656506,51,,,
597,224,,,273,35.3822638,-78.5385933,36,,,
720,249,17986,81300,276,35.5248391,-78.2835802,40,,,
1032,365,14665,78000,437,35.535507,-78.2997044,41,,,
3617,1083,51875,139500,1228,35.563642,-78.350253,26,,,
1102,438,65082,114900,533,35.524803399999996,-78.3835597,48,,,
4725,1721,52134,196500,1787,35.630875,-78.4191813,32,,,
1764,752,40114,129400,1005,35.0059741,-77.1598512,34,,,
1685,740,31250,83000,846,35.080745799999995,-77.3073369,41,,,
1165,421,49196,135100,529,34.995950799999996,-77.3791652,38,,,
1149,507,28866,74300,576,35.1737519,-77.4355973,36,,,
766,349,,93000,403,35.0809051,-77.4832752,41,,,
1245,516,32045,67700,562,35.0127679,-77.604042,38,,,
1921,852,44189,105500,1037,34.8918049,-77.1750541,35,,,
1321,459,44125,155600,488,35.5004651,-79.1866529,22,,,
1996,598,44781,139900,636,35.489923700000006,-79.1929263,59,,,
1923,866,42619,137100,967,35.4670392,-79.1950318,38,,,
1357,643,90221,243700,643,35.4969958,-79.2056697,36,,,
1878,772,57027,174700,884,35.477315000000004,-79.2117925,38,,,
2336,889,77060,144300,953,35.460557,-79.2169601,31,,,
2188,624,38864,117700,697,35.482265600000005,-79.1497735,55,,,
807,359,38125,78300,400,35.494144,-79.1327137,32,,,
1058,378,36875,78600,415,35.45536,-79.1280437,39,,,
2402,935,36434,127300,1045,35.448488700000006,-79.1830155,16,,,
1554,519,35779,90200,591,35.45431,-79.149674,59,,,
2554,824,53377,141000,880,35.4350882,-79.1532655,39,,,
974,356,41228,97300,383,35.4177001,-79.1284479,29,,,
962,385,54583,144900,500,35.4072381,-79.0956576,22,,,
963,362,49167,123600,414,35.432916,-79.1990251,40,,,
2145,767,45035,193500,837,35.372043299999994,-79.2415338,28,,,
1030,457,45313,106300,531,35.39765870000001,-79.2122701,34,,,
1763,559,31856,87500,618,35.380972899999996,-79.1456652,38,,,
1738,639,90880,187500,792,35.5107452,-79.2666824,27,,,
1432,477,84625,226100,534,35.4746446,-79.2935647,29,,,
1842,671,73229,188500,789,35.445754,-79.2972255,32,,,
1862,676,55125,125200,702,35.585665500000005,-79.1441601,33,,,
3148,1193,54870,132600,1358,35.5569172,-79.1106252,22,,,
1194,455,48917,138100,524,35.46818579999999,-79.0377473,42,,,
1196,513,48125,123400,578,35.443424,-79.0725865,30,,,
1197,298,37600,92300,338,35.4957967,-79.1783233,62,,,
1083,337,25175,49400,448,35.4803841,-79.1616204,56,,,
1199,484,26383,78500,534,35.468599600000005,-79.1828065,45,,,
1341,512,15448,57100,512,35.4819942,-79.1710253,59,,,
1652,441,20325,82100,689,35.4695019,-79.1670619,52,,,
894,291,39495,85800,291,35.450575,-79.1529354,49,,,
2452,1048,72685,233700,1170,35.4263119,-79.1017697,27,,,
1120,346,42333,108300,359,35.4176945,-79.1603329,39,,,
2527,723,48727,99300,864,35.3393228,-79.1928772,26,,,
1243,486,86638,136200,552,35.5335522,-79.2141454,40,,,
1962,711,51597,140900,733,35.41549439999999,-79.2497731,36,,,
1832,691,47287,124300,814,35.5088734,-79.0427393,32,,,
1043,459,36492,101600,471,35.2018611,-77.5417122,40,,,
1312,530,47738,106400,603,35.1748611,-77.6063831,29,,,
1404,780,32256,121200,834,35.3004947,-77.593208,42,,,
1481,698,70893,135700,833,35.2906484,-77.5978195,48,,,
1384,488,40530,55700,533,35.0721307,-77.6653648,43,,,
1814,723,35521,68200,766,35.053372700000004,-77.7222709,36,,,
2069,610,51000,102500,651,35.1924699,-77.7784272,22,,,
329,208,19274,38800,387,35.265969899999995,-77.5725978,67,,,
568,350,13491,,388,35.267097799999995,-77.5830453,59,,,
653,350,36528,74600,430,35.2675608,-77.6130987,58,,,
894,428,16688,,573,35.26478710000001,-77.5945171,57,,,
690,350,23095,,444,35.3405027,-77.8005584,53,,,
1338,623,35750,97500,701,35.2686055,-77.7587721,39,,,
2208,774,48636,114600,885,35.269842700000005,-77.8064524,34,,,
1553,583,20801,97400,583,35.329500200000005,-77.7566849,23,,,
1035,322,40750,48800,387,35.2918169,-77.5746079,55,,,
985,419,29013,65900,613,35.2734265,-77.5769476,63,,,
1534,549,22112,76100,727,35.2838907,-77.5665565,58,,,
1272,445,96510,170900,559,35.2804028,-77.6007277,54,,,
1723,677,45313,107400,814,35.276000399999994,-77.5897321,57,,,
594,324,22455,73000,457,35.2827672,-77.5841208,59,,,
762,335,29189,76500,509,35.2644395,-77.5354419,53,,,
1363,566,32151,75700,640,35.2737219,-77.5500742,44,,,
1523,549,44954,52100,661,35.322557700000004,-77.6379989,31,,,
602,299,46875,120600,331,35.3598749,-77.5703926,43,,,
1042,449,39083,97600,495,35.3373144,-77.6111793,38,,,
1214,423,44960,133100,519,35.347802200000004,-77.5229612,46,,,
1250,559,35574,79800,803,35.3817076,-77.4897778,34,,,
609,211,51010,88700,310,35.3430015,-77.427008,38,,,
985,408,43000,78800,437,35.3001283,-77.5281506,30,,,
920,353,39890,80800,484,35.218205299999994,-77.5998581,45,,,
1036,437,29330,41200,437,35.2375692,-77.6080479,27,,,
897,452,45357,78000,496,35.1935145,-77.6510422,41,,,
1916,640,34274,88000,723,35.21175529999999,-77.6628175,28,,,
672,278,11613,,359,35.245885799999996,-77.57055,65,,,
832,351,15508,26900,541,35.2536597,-77.5651673,65,,,
1048,406,51750,96600,406,35.250826200000006,-77.6869432,40,,,
1228,512,52981,89600,512,35.2795163,-77.6340233,45,,,
1817,696,73065,142600,741,35.2865126,-77.702348,37,,,
882,445,38977,85800,611,35.2617888,-77.4665896,37,,,
759,300,36520,90200,411,35.1126679,-77.5956542,36,,,
2248,695,39873,107200,736,35.292856,-77.624203,40,,,
2270,852,48125,75000,931,35.136151500000004,-77.7232656,35,,,
438,180,18906,,325,35.2608233,-77.5734251,68,,,
467,197,10245,,279,35.264880600000005,-77.5666972,63,,,
2531,1039,51577,148100,1176,35.2920191,-77.6661751,34,,,
2033,799,52132,99100,1038,35.341418299999994,-77.7227154,26,,,
1906,770,45735,163900,948,35.465849600000006,-81.2223475,30,,,
1476,585,54879,140400,659,35.4525081,-81.3614709,32,,,
1738,647,48533,134400,688,35.44931270000001,-81.4118738,33,,,
1456,492,55189,150200,666,35.4743587,-81.2622725,60,,,
838,295,15273,71900,378,35.4655281,-81.2600857,61,,,
1157,518,50083,148800,557,35.468487599999996,-81.2465611,50,,,
635,304,63971,215700,304,35.4787344,-81.2535566,68,,,
1100,395,,119100,395,35.4275827,-81.273814,24,,,
2462,986,41930,104600,1142,35.4447533,-81.3107983,29,,,
1120,448,35897,135000,589,35.5288829,-81.4368095,33,,,
1173,452,50489,115300,521,35.5448396,-81.492278,35,,,
2362,844,69313,144800,957,35.5225227,-81.3125335,22,,,
2537,1122,68056,245900,1222,35.50452429999999,-81.0277942,17,,,
1347,531,80052,238500,584,35.4803788,-81.0032878,20,,,
1162,434,92115,391900,434,35.4515475,-80.9818483,16,,,
1932,777,73491,315400,868,35.466752500000005,-80.9724873,29,,,
1676,672,105970,378600,766,35.499516799999995,-80.9854398,22,,,
3836,1393,130046,501300,1500,35.53027279999999,-80.9741375,16,,,
1938,795,58608,195400,886,35.486918200000005,-81.1824632,26,,,
2575,1068,38636,132700,1158,35.4969715,-81.2313532,28,,,
1119,297,26910,67400,318,35.4849245,-81.2274728,37,,,
1466,607,57264,131400,614,35.507629,-81.1975278,40,,,
1606,572,55875,170600,655,35.532850399999994,-81.1689573,26,,,
2279,911,59813,218800,939,35.48827670000001,-81.0692385,25,,,
1893,747,68813,177100,747,35.4819799,-81.1372223,29,,,
1274,476,49896,131600,554,35.464757899999995,-81.1757429,37,,,
946,386,63333,89800,439,35.4340617,-81.1797406,37,,,
1761,682,62000,138600,738,35.4279279,-81.1348035,30,,,
1250,494,67024,156100,530,35.4581036,-81.1213377,23,,,
1224,341,66125,235400,427,35.431515999999995,-81.1017171,31,,,
1444,657,43295,99800,725,35.4376689,-81.0640436,28,,,
1909,739,30486,92000,756,35.5455523,-81.0447138,27,,,
1670,684,69706,159300,684,35.5423103,-81.2617819,26,,,
1298,652,27031,81600,652,35.536654799999994,-81.2323559,22,,,
2422,863,43731,90500,900,35.5264411,-81.2091127,36,,,
1592,617,43063,148900,701,35.466729,-81.4633091,27,,,
696,247,30580,106900,284,35.4560101,-81.2529079,67,,,
535,222,,,351,35.4803894,-81.2454446,59,,,
908,357,27813,129700,357,35.4514906,-81.2751301,39,,,
1222,623,30444,114000,623,35.42593660000001,-81.2381708,47,,,
1823,686,48947,152000,755,35.5423919,-81.385788,32,,,
4132,1580,75897,228000,1662,35.42527329999999,-80.995636,16,,,
1754,736,69786,474700,860,35.481978000000005,-80.9598295,21,,,
951,406,85278,321800,470,35.538897,-80.9977039,25,,,
985,423,36672,100500,476,35.48252,-81.2125566,58,,,
1657,620,48875,165500,676,35.5452632,-81.1379602,21,,,
2306,934,60833,169000,1049,35.526459,-81.1242886,22,,,
1111,437,54797,94100,469,35.4893481,-81.3508541,30,,,
1421,596,65000,139400,596,35.500152899999996,-81.267776,33,,,
2361,902,37361,119000,998,35.4461884,-81.2204121,45,,,
1064,424,28500,153200,447,35.6211045,-82.1494013,31,,,
1652,611,46932,124600,681,35.6607444,-82.1173366,42,,,
1753,678,51100,121500,802,35.6976532,-82.1539532,43,,,
1953,538,22432,131000,583,35.65438220000001,-81.9487061,30,,,
2477,968,36667,109000,1125,35.636155,-81.8776159,25,,,
707,291,62743,,325,35.5833625,-81.9637485,33,,,
1304,601,42218,110200,654,35.604917799999996,-82.0097526,33,,,
2707,1002,41875,122600,1269,35.5621397,-82.0998778,25,,,
1513,562,42234,88600,692,35.7081956,-81.9910911,50,,,
1046,407,53125,140800,451,35.7018035,-82.0127405,40,,,
577,222,27614,122500,247,35.688872100000005,-82.0066359,50,,,
1299,610,41822,141100,706,35.6573481,-81.9958371,42,,,
1451,706,39125,92800,746,35.6522984,-82.0194939,26,,,
1337,508,33462,89700,527,35.6689527,-82.0227081,40,,,
730,334,46250,207500,658,35.8587263,-81.9728352,45,,,
1723,667,45365,69100,958,35.8099201,-82.1174416,37,,,
2062,794,55443,118400,937,35.758492700000005,-81.9925373,26,,,
863,427,36161,176700,463,35.741972499999996,-82.0764056,38,,,
2572,1098,42148,154500,1334,35.7274074,-81.9326071,37,,,
1129,448,35697,116500,644,35.697425200000005,-81.9066206,37,,,
1036,368,31406,94600,390,35.685773600000005,-81.9670176,40,,,
939,456,44412,119000,475,35.6530035,-82.0461955,38,,,
2299,763,67125,137400,782,35.654305,-82.0776307,23,,,
652,306,44091,85000,414,35.694390000000006,-82.0366078,42,,,
1444,473,38114,84300,624,35.6833548,-81.9883999,59,,,
1661,573,40972,96400,766,35.6086409,-82.2101757,36,,,
1213,557,25547,67400,688,35.679239,-82.2232376,45,,,
1741,731,37179,115300,897,35.5853174,-81.908751,27,,,
814,358,24871,104600,378,35.5524912,-81.9822265,32,,,
1573,720,58750,166100,874,35.567399,-82.1685159,22,,,
1818,760,35000,90300,760,35.6837614,-81.9998163,58,,,
702,343,42902,170300,671,35.245144700000004,-83.5220404,32,,,
882,383,42604,139600,686,35.073894,-83.380097,38,,,
1136,594,33667,111600,946,35.137906799999996,-83.3220119,37,,,
957,515,53292,153000,639,35.1418854,-83.3883644,35,,,
1943,860,50851,189000,973,35.132897899999996,-83.3635913,29,,,
704,255,59837,123100,354,35.1137173,-83.4037873,51,,,
1215,638,38960,200800,955,35.134697700000004,-83.4285558,38,,,
1140,507,30774,114300,582,35.1572653,-83.4232678,38,,,
1529,685,40640,139200,1057,35.2244826,-83.3102964,38,,,
1423,704,45625,152900,956,35.1893384,-83.3279065,36,,,
1171,530,53000,153100,857,35.3033474,-83.4175099,32,,,
1426,672,41221,152500,1121,35.248517,-83.3591091,37,,,
1124,485,43688,117200,572,35.215185600000005,-83.3854241,30,,,
617,218,40000,125500,317,35.1708456,-83.4019875,51,,,
416,235,45563,177300,418,35.1908853,-83.3868149,42,,,
1455,715,28859,149300,865,35.179691399999996,-83.3721387,38,,,
1323,587,55114,221300,813,35.17931289999999,-83.436973,21,,,
1382,717,53365,409600,2172,35.09261179999999,-83.2189368,38,,,
897,401,30744,170900,866,35.2240557,-83.6354791,37,,,
1033,345,39514,172300,717,35.1346999,-83.5620455,37,,,
735,284,62115,156300,658,35.0489688,-83.3506326,42,,,
1859,828,82237,182300,918,35.028701700000006,-83.4659616,29,,,
1623,698,46731,178100,1023,35.0809925,-83.4312365,30,,,
820,374,51136,225800,825,35.1695114,-83.2762855,32,,,
1019,454,33722,111700,672,35.2037367,-83.3716119,37,,,
2479,1066,41436,167000,1277,35.18768,-83.4120986,31,,,
2228,1078,66927,581300,2849,35.01812,-83.23509,33,,,
1172,528,36250,134600,798,35.242702799999996,-83.4270056,37,,,
1409,541,43234,148800,658,35.878263700000005,-82.5141324,36,,,
1083,476,26667,111200,781,35.8943985,-82.8256925,37,,,
1010,456,38813,188200,734,35.777595700000006,-82.8834243,41,,,
1547,617,33717,159600,1009,35.929219200000006,-82.5592794,31,,,
629,280,36250,263000,298,35.854144,-82.6207979,40,,,
1510,635,38839,204300,711,35.8196594,-82.5307657,35,,,
1301,337,67782,267500,359,35.804586900000004,-82.5543446,39,,,
528,233,41728,168100,489,35.7861154,-82.7735687,48,,,
904,444,35139,173200,520,35.8642073,-82.7126299,40,,,
832,430,30000,163900,554,35.8023844,-82.6968156,50,,,
1668,570,61071,308900,705,35.83005,-82.6557258,31,,,
1884,711,57975,219100,863,35.8421359,-82.4647593,27,,,
1348,622,32344,96600,769,35.972058200000006,-82.6825721,37,,,
2284,750,48438,174100,815,35.8638803,-82.5811263,47,,,
1730,583,47478,255100,601,35.799476899999995,-82.5950528,24,,,
1738,767,50350,144800,1026,35.724209,-82.7697643,28,,,
1233,548,61667,107800,548,35.7376347,-76.9155548,35,,,
1295,528,41875,88700,602,35.8377677,-76.9755226,38,,,
1483,591,37212,77600,831,35.8532429,-77.2420858,55,,,
1416,507,36250,88000,562,35.799684899999995,-77.2284614,47,,,
954,421,37147,87000,493,35.8584065,-77.0539375,59,,,
451,240,37679,129900,413,35.861534000000006,-77.0596612,60,,,
1212,452,,98100,671,35.8525907,-77.1137534,49,,,
1202,498,31528,101500,586,35.8871093,-77.0670491,45,,,
667,238,33232,59700,398,35.8794446,-77.166163,40,,,
913,385,44356,91400,400,35.7242255,-77.0102825,44,,,
874,416,28661,95200,612,35.8522714,-77.0519233,52,,,
1128,485,51250,200600,616,35.814984100000004,-77.0970819,44,,,
959,414,27679,154400,454,35.8311748,-77.0500111,48,,,
998,461,34016,83500,564,35.9954607,-77.3189367,45,,,
717,311,31976,58900,394,35.9285114,-77.1353884,34,,,
1935,715,41688,79200,839,35.819225200000005,-76.8370074,43,,,
438,146,36250,55400,198,35.8128734,-77.2940957,41,,,
2197,853,44256,95900,1030,35.7625575,-77.1104628,34,,,
1640,643,49330,90200,686,35.7927855,-77.1732781,27,,,
926,387,52604,79000,428,35.8446275,-77.0664789,47,,,
416,232,22111,78800,283,35.8971662,-77.292158,41,,,
2084,693,154911,627400,708,35.119986,-80.8154126,35,,,
1204,558,99265,467700,666,35.1251088,-80.8216801,45,,,
899,254,250001,700400,254,35.1026974,-80.8221294,40,,,
764,279,166382,704700,279,35.1364606,-80.814043,35,,,
115,62,,85600,62,35.1847194,-80.8830154,55,,,
1179,367,50515,78700,435,35.2037515,-80.8872992,55,,,
1598,596,25855,83800,647,35.2169776,-80.899215,22,,,
646,281,,157500,329,35.2184527,-80.8908948,47,,,
1197,438,40690,96600,457,35.2138391,-80.9087099,50,,,
767,257,20446,181700,344,35.2289906,-80.881006,59,,,
891,302,29467,,329,35.23873820000001,-80.86531,27,,,
1740,908,83438,266700,1071,35.2334865,-80.8661422,17,,,
1353,436,27857,92300,557,35.246953600000005,-80.8888725,61,,,
452,159,63508,97400,230,35.2386336,-80.8793799,66,,,
1725,413,25363,142500,547,35.2446927,-80.8579236,48,,,
1159,466,30000,88000,520,35.236510100000004,-80.8928768,62,,,
1136,438,31719,97400,438,35.226786,-80.9034388,46,,,
819,315,38884,77800,374,35.22629310000001,-80.8913604,58,,,
1749,1183,65195,198800,1289,35.233907099999996,-80.8380522,32,,,
1151,719,73510,275000,884,35.2364732,-80.8484084,14,,,
2116,813,38561,190400,897,35.2272666,-80.7825628,60,,,
1289,535,51910,170800,676,35.2194614,-80.7862865,54,,,
2720,915,71250,202300,915,35.123887200000006,-80.6840065,31,,,
1495,617,30057,89200,708,35.257056299999995,-80.8602973,50,,,
1453,578,77500,206300,578,35.1208721,-80.6706783,33,,,
2650,842,95463,379400,842,35.1502994,-80.6578019,21,,,
1679,711,91375,234100,749,35.143184999999995,-80.6519109,28,,,
3151,1193,83750,410900,1267,35.0869928,-80.8027666,26,,,
3633,1242,130299,419700,1261,35.0715395,-80.8091794,26,,,
1310,576,117250,848800,655,35.114630600000005,-80.8434804,27,,,
884,408,38191,152500,437,35.1903317,-80.7897279,53,,,
998,567,44631,266000,691,35.2153232,-80.8685502,58,,,
1292,540,91591,295800,583,35.2168325,-80.8627842,59,,,
1787,794,149167,361100,1017,35.5134331,-80.8904282,30,,,
1385,603,18828,97500,660,35.2661741,-80.848552,50,,,
1066,528,26939,85500,615,35.2510156,-80.8495338,57,,,
2105,1056,44063,278400,1191,35.5009147,-80.8922911,27,,,
1753,555,148618,536400,635,35.1385534,-80.7945506,43,,,
1257,573,74468,369900,749,35.1362146,-80.786998,33,,,
1443,633,95045,443700,669,35.1424175,-80.8099605,42,,,
929,366,102000,396000,366,35.1489776,-80.7937045,39,,,
1180,519,115035,669600,571,35.1761471,-80.8064703,60,,,
1385,641,84973,486900,681,35.186962,-80.8026403,16,,,
959,370,171806,485900,415,35.181569700000004,-80.7957128,59,,,
1511,605,84041,397600,605,35.123225700000006,-80.8465117,41,,,
616,279,151042,392900,279,35.135858500000005,-80.8417876,53,,,
1791,836,113917,455400,888,35.1306614,-80.8464229,33,,,
1745,750,106121,287300,750,35.1227635,-80.775959,27,,,
1890,1016,60179,254900,1016,35.150702,-80.8535714,28,,,
1516,692,49231,260700,796,35.2108315,-80.7877219,51,,,
3007,1005,29926,,1052,35.214825899999994,-80.7940334,42,,,
905,283,45969,152400,283,35.215668900000004,-80.7270583,41,,,
3622,1004,40404,106800,1144,35.213520700000004,-80.7352598,39,,,
2847,1206,65814,189500,1325,35.1392464,-80.7544662,36,,,
694,299,42543,166700,355,35.204830799999996,-80.7805726,63,,,
1465,527,114635,338900,540,35.1467548,-80.779567,52,,,
2118,753,41031,137900,762,35.19269129999999,-80.7211777,36,,,
2500,874,46471,130400,892,35.1916878,-80.714559,34,,,
2604,943,41365,608200,1090,35.1352049,-80.7762656,34,,,
600,370,68542,363300,427,35.218428,-80.8258117,2018,,,
1994,778,152600,776200,844,35.463181,-80.9224796,17,,,
1576,483,84650,221100,483,35.3920017,-80.8391093,20,,,
1378,1032,109167,351500,1369,35.2255892,-80.8490392,10,,,
949,690,51875,283300,767,35.21341029999999,-80.8408505,15,,,
862,305,29375,258700,324,35.2244691,-80.8234776,12,,,
634,274,52647,166400,300,35.237917700000004,-80.8077325,64,,,
1739,717,71385,231100,758,35.248861700000006,-80.7906553,17,,,
1511,760,78375,341400,835,35.2437169,-80.8024062,61,,,
1700,705,84866,227500,733,35.134258,-80.7489992,36,,,
1762,1138,79113,321800,1260,35.2218499,-80.8584275,11,,,
1315,485,112813,473600,485,35.2282001,-80.8051815,74,,,
1028,518,82414,407400,557,35.2255074,-80.8124499,75,,,
457,272,115926,318800,305,35.222134600000004,-80.806194,63,,,
2420,882,32992,169200,951,35.1988362,-80.7313572,41,,,
1945,496,45882,131000,544,35.193433,-80.7287663,43,,,
1605,461,42472,134500,507,35.1937986,-80.7381451,45,,,
966,523,53380,331500,661,35.21007410000001,-80.8316138,31,,,
2663,1157,79243,280500,1204,35.0787553,-80.8306632,30,,,
1839,921,63481,145600,1017,35.08251729999999,-80.8419751,25,,,
3177,1027,169250,575200,1101,35.1016808,-80.766109,23,,,
1137,396,125250,322800,396,35.107352,-80.7523008,33,,,
1305,664,46531,292400,664,35.1145078,-80.7301227,30,,,
3590,1196,69327,201400,1218,35.1107571,-80.7113837,38,,,
2975,1034,100000,256200,1079,35.097550299999995,-80.7001724,29,,,
2459,853,69750,167300,862,35.0545191,-80.8782669,31,,,
2140,1017,102560,315500,1017,35.0575792,-80.8616233,21,,,
1909,685,92039,420000,737,35.0386823,-80.8427457,17,,,
2425,933,119508,625000,985,35.048665299999996,-80.8600874,14,,,
1732,607,44810,125300,653,35.2880619,-80.9319255,19,,,
1928,658,51154,99300,737,35.2918377,-80.9192611,18,,,
2059,815,138516,447500,920,35.3348898,-80.953386,19,,,
1516,672,52242,173800,681,35.339687,-80.9224598,22,,,
1313,511,61690,182900,629,35.3175467,-80.9229182,32,,,
3912,1432,61705,120300,1446,35.2967738,-80.9084345,14,,,
3197,1081,67388,168600,1081,35.3413691,-80.9008142,17,,,
2931,1038,59403,187900,1056,35.3487544,-80.871929,22,,,
3384,1294,64151,144400,1294,35.3403645,-80.8672529,15,,,
2665,1356,58846,,1796,35.3448115,-80.8514966,11,,,
2754,921,67401,145800,976,35.3193776,-80.8850263,19,,,
2051,708,58654,137500,723,35.320221200000006,-80.8720245,15,,,
4347,1232,41100,127900,1275,35.32110170000001,-80.8532074,38,,,
864,395,53977,210900,431,35.458986100000004,-80.8835826,12,,,
3059,1083,159145,506600,1126,35.4733279,-80.93519,20,,,
1158,758,78846,315800,943,35.4576447,-80.891131,23,,,
3197,1373,77168,264700,1577,35.473234399999996,-80.8813294,14,,,
1962,1050,81098,189700,1135,35.447641600000004,-80.8875699,20,,,
1994,916,96154,286200,1084,35.4505892,-80.8757168,18,,,
2828,1178,84886,310000,1224,35.4214679,-80.8938864,22,,,
1731,557,129479,314200,600,35.412230799999996,-80.901384,11,,,
3684,1275,122420,427500,1331,35.4342987,-80.8771585,15,,,
1807,682,140417,484400,691,35.1377006,-80.828606,47,,,
1637,1034,49808,,1320,35.2082797,-80.867333,16,,,
2932,1124,134286,685100,1124,35.0963791,-80.8161153,20,,,
2563,999,119583,297800,999,35.117407299999996,-80.7925302,44,,,
824,482,26786,133000,522,35.2378819,-80.7947406,61,,,
2418,899,43641,148700,1063,35.240376,-80.7822605,59,,,
719,309,68750,238100,331,35.255517,-80.8389026,7,,,
1842,652,27143,163000,830,35.3035527,-80.7417087,24,,,
2495,1104,41538,148400,1252,35.2289001,-80.767871,30,,,
1485,585,44129,176900,640,35.2081204,-80.7732945,48,,,
796,375,73563,166700,394,35.202963000000004,-80.7697057,59,,,
2312,1070,113047,300500,1161,35.168941700000005,-80.8693938,60,,,
1725,818,80365,167400,949,35.16795820000001,-80.8527353,46,,,
3020,942,57500,193400,1018,35.1448238,-80.8730562,52,,,
1063,320,38846,99000,360,35.2624641,-80.8268574,48,,,
823,276,21724,140900,313,35.241989700000005,-80.8273075,55,,,
561,216,28036,95600,228,35.253444200000004,-80.8172811,59,,,
2974,1179,40666,116400,1336,35.291216999999996,-80.843322,16,,,
2542,1128,31713,97900,1182,35.29135479999999,-80.861712,45,,,
1698,712,55179,121900,712,35.192619799999996,-80.6692494,32,,,
2218,570,83000,206000,570,35.1893775,-80.6842402,21,,,
2016,911,68750,248400,1056,35.1591217,-80.6922947,33,,,
3904,1271,85799,252100,1288,35.1653045,-80.6741887,30,,,
488,188,,231500,188,35.17879,-80.6880454,43,,,
2638,1325,49854,182200,1456,35.12957539999999,-80.7216918,23,,,
1097,348,19189,76500,399,35.2595736,-80.8715493,39,,,
1164,326,47609,59500,446,35.2519257,-80.8758419,51,,,
3066,1069,49659,108800,1153,35.2848456,-80.8829082,24,,,
1227,430,81397,241300,482,35.188824200000006,-80.8695612,59,,,
1059,247,,94400,294,35.2197121,-80.8771654,70,,,
979,351,36010,90800,366,35.213452200000006,-80.8814179,64,,,
1035,513,110393,464300,601,35.2028641,-80.8590305,13,,,
1130,482,136484,654000,542,35.200475399999995,-80.8488083,75,,,
1464,627,145528,809700,768,35.20670689999999,-80.8554015,21,,,
1604,684,106563,378100,690,35.2117742,-80.8084963,70,,,
2760,1024,15490,152100,1065,35.1937246,-80.8019624,39,,,
1470,705,90438,253000,780,35.1395888,-80.858015,49,,,
2290,983,89358,313900,1014,35.1247854,-80.8577896,37,,,
2635,957,29792,69900,1091,35.2598999,-80.8899204,54,,,
893,344,,85000,426,35.2563467,-80.9006421,51,,,
1161,430,105806,288600,469,35.156597,-80.7702111,40,,,
1435,745,19943,151700,745,35.15328,-80.7525772,30,,,
864,347,147054,333200,360,35.1456869,-80.7634204,44,,,
3899,1182,34722,98600,1211,35.2469714,-80.7710384,18,,,
1975,637,31901,96100,637,35.23678820000001,-80.7475372,42,,,
2374,767,63646,184200,787,35.1313966,-80.8703733,50,,,
2567,1088,39924,,1268,35.119868,-80.8733055,25,,,
1756,576,36845,28800,630,35.122797799999994,-80.8712178,43,,,
1652,1048,49149,279900,1126,35.1763803,-80.8652432,42,,,
889,375,58350,292000,402,35.1786769,-80.860681,58,,,
1001,535,107375,338000,535,35.1862146,-80.8607979,31,,,
1745,698,77333,341600,743,35.1790676,-80.854389,39,,,
819,436,93529,413000,466,35.1823903,-80.8472982,57,,,
718,448,60944,420800,555,35.199060100000004,-80.862625,63,,,
2797,1165,76372,145000,1258,35.1749191,-80.9129153,16,,,
1303,426,55000,72000,480,35.1506787,-80.9060583,60,,,
2404,1168,80202,83300,1298,35.1622167,-80.9045145,19,,,
1596,714,36420,112700,832,35.1697559,-80.894854,28,,,
3679,1098,37963,99400,1173,35.1414098,-80.8985022,44,,,
1996,704,25429,,772,35.138701700000006,-80.8900069,39,,,
2109,1096,45682,197700,1313,35.220541299999994,-80.8362913,14,,,
3453,1236,54643,154000,1319,35.2743691,-80.7565551,31,,,
1024,431,85724,415600,478,35.168146,-80.7999025,51,,,
1637,582,192661,445000,631,35.167301200000004,-80.7884793,51,,,
1044,496,54412,274800,570,35.194767,-80.8671589,58,,,
2070,996,102500,301700,1090,35.231604700000005,-80.8451688,15,,,
1059,675,150037,332400,995,35.2302247,-80.8407395,17,,,
600,370,110147,897100,370,35.222223799999995,-80.8451641,17,,,
1372,891,55990,437800,1062,35.2154182,-80.8517089,14,,,
1770,517,32917,94000,613,35.2510014,-80.7407369,37,,,
1119,445,26303,121100,576,35.240165999999995,-80.7402234,47,,,
3594,1072,58621,158800,1226,35.2382073,-80.7271806,37,,,
1776,853,69659,529300,951,35.2097948,-80.8144204,21,,,
981,472,76360,284800,535,35.2041068,-80.8140997,53,,,
1745,680,203036,868900,776,35.196780100000005,-80.8218388,77,,,
988,310,250001,1305600,310,35.193072799999996,-80.8168065,57,,,
1071,435,185417,828100,447,35.1629643,-80.8046028,42,,,
1164,387,250001,1453800,421,35.1535652,-80.8181944,45,,,
1351,574,159444,840800,695,35.2106844,-80.8497678,75,,,
1230,689,88516,391900,782,35.2045521,-80.841703,15,,,
666,247,27169,108700,260,35.2427609,-80.8428441,35,,,
1453,820,40767,133200,861,35.294195,-80.7348943,22,,,
2302,1248,40354,188300,1248,35.2844349,-80.7409869,23,,,
1678,730,78333,224200,813,35.127300299999995,-80.6940485,17,,,
1389,553,98164,319900,561,35.081197100000004,-80.7791622,28,,,
3003,1067,114514,379900,1146,35.0702898,-80.781407,32,,,
4089,1155,47862,135600,1269,35.1446598,-80.8839115,26,,,
880,342,11881,,358,35.199994700000005,-80.9248994,38,,,
2930,1042,46923,116400,1116,35.2550206,-80.9342155,32,,,
3319,1015,32543,95400,1102,35.2663024,-80.9057758,50,,,
3081,1018,56800,113700,1161,35.2540734,-80.9114687,31,,,
3456,1268,32063,107900,1438,35.2422404,-80.9117199,31,,,
628,295,41964,71100,295,35.271286100000005,-80.7984079,54,,,
1464,596,30214,99200,706,35.27164129999999,-80.7865207,48,,,
2692,902,27357,95800,961,35.2732045,-80.7789961,47,,,
1724,700,27026,62900,806,35.2629206,-80.777272,48,,,
2442,1044,27263,114900,1146,35.2798971,-80.7818453,35,,,
1728,648,29000,85400,715,35.2729718,-80.7717943,45,,,
870,332,27614,,420,35.2746902,-80.7682549,42,,,
1425,535,48443,,567,35.203837799999995,-80.9897183,27,,,
360,140,66136,252800,210,35.190166600000005,-80.9761342,32,,,
4103,1226,117177,267300,1272,35.1650555,-80.9847658,11,,,
1615,649,136750,375000,719,35.126804799999995,-81.0229063,25,,,
5558,1571,90353,196300,1681,35.132956799999995,-80.9962399,15,,,
6123,2135,66537,181900,2281,35.109154700000005,-81.000603,14,,,
3135,1022,61951,136700,1047,35.140321899999996,-80.9525947,39,,,
3388,1272,130357,457000,1338,35.07346679999999,-81.0368725,13,,,
1629,617,72153,211600,637,35.1723424,-80.949242,19,,,
4394,1839,64163,162400,1973,35.151697600000006,-80.9337334,16,,,
1840,665,72350,181600,704,35.144289,-80.945067,17,,,
1053,370,97685,187100,401,35.1163571,-80.9661256,21,,,
2581,1218,52771,149600,1319,35.1252759,-80.9628385,24,,,
2235,1221,68542,207700,1416,35.1348139,-80.9334649,11,,,
1242,360,30750,85900,406,35.1293205,-80.9062311,44,,,
3472,1492,58796,172700,1613,35.1043758,-80.9731335,23,,,
3566,1271,75568,188000,1335,35.0894456,-80.9790206,15,,,
3158,1119,58964,136700,1188,35.272893100000005,-80.9874812,16,,,
2361,722,46173,109200,722,35.270329600000004,-80.955191,44,,,
785,314,27794,,394,35.2323986,-80.7341292,32,,,
1570,492,55058,100400,492,35.2556461,-80.7585754,43,,,
1878,788,41250,133100,842,35.220193,-80.7752793,46,,,
1980,749,36920,98100,776,35.256908100000004,-80.7641778,47,,,
2377,862,41607,112800,958,35.260565299999996,-80.7420384,43,,,
851,373,39175,105700,373,35.252204799999994,-80.7525877,50,,,
2959,1007,46157,179100,1066,35.21860170000001,-80.7601497,52,,,
1645,617,48049,117600,682,35.2181943,-80.7672403,51,,,
3195,1196,30774,139800,1247,35.209348299999995,-80.7462235,33,,,
2664,918,32826,93800,1063,35.2385256,-80.7705021,52,,,
1516,603,45399,113600,631,35.2324724,-80.7505771,47,,,
717,359,30050,146500,359,35.2269369,-80.7410698,35,,,
2685,982,45526,115800,1008,35.2220235,-80.7475543,33,,,
2964,868,27247,133600,1032,35.2075145,-80.7583717,47,,,
379,186,37500,,219,35.204955299999995,-80.7992215,49,,,
601,278,33194,272900,281,35.2070537,-80.7936133,44,,,
1405,719,44769,161300,719,35.191761299999996,-80.782366,51,,,
695,253,32318,98900,397,35.224234100000004,-80.7315954,31,,,
2695,913,36834,136200,1024,35.206831799999996,-80.7307843,33,,,
1689,641,65917,191400,680,35.174253,-80.7608975,44,,,
1502,719,39327,151300,742,35.1720415,-80.7522748,40,,,
2575,1255,31813,127100,1416,35.1657185,-80.7451944,36,,,
1418,596,44803,,797,35.1536905,-80.7434065,33,,,
2255,581,65786,163300,652,35.20861970000001,-80.6960965,25,,,
2135,639,51654,107900,639,35.193986200000005,-80.6911517,32,,,
2287,761,47639,116500,802,35.2056328,-80.6810855,41,,,
2268,928,41053,129500,1012,35.196842499999995,-80.7567315,39,,,
1419,583,32969,56500,649,35.200497999999996,-80.7462723,33,,,
2411,857,121375,430200,929,35.0728265,-80.7645046,22,,,
807,373,80766,236700,385,35.0648485,-80.7578614,13,,,
1859,560,174375,470100,591,35.083034999999995,-80.7454091,26,,,
999,373,124063,306200,373,35.0924872,-80.7306998,25,,,
1553,753,67813,338800,848,35.1057271,-80.8365111,33,,,
2484,890,124643,261000,902,35.0972133,-80.8363517,36,,,
1816,861,55389,285800,947,35.092608399999996,-80.8474177,24,,,
2304,949,118988,350400,949,35.0244421,-80.8553954,13,,,
4572,1579,115956,225900,1675,35.013681299999995,-80.8400342,11,,,
2203,883,103393,339400,974,35.061931,-80.8313712,23,,,
3102,942,153145,506000,942,35.049124799999994,-80.839253,20,,,
699,398,69630,,453,35.052834999999995,-80.8381721,25,,,
1755,821,60329,247300,821,35.0469311,-80.8119172,16,,,
1707,650,92206,260500,650,35.044998299999996,-80.8033373,15,,,
1396,506,120441,294800,516,35.0386078,-80.8214813,21,,,
1815,761,74963,276600,761,35.041815500000006,-80.8156263,14,,,
5271,1848,106314,418200,1995,35.019400399999995,-80.8193645,12,,,
1260,515,99896,258200,523,35.0459522,-80.7964513,20,,,
1770,573,166023,538100,597,35.03600529999999,-80.7949493,23,,,
2219,744,198214,596300,773,35.039198299999995,-80.7770973,22,,,
2049,509,40125,139600,509,35.2493211,-80.9518471,49,,,
3346,1004,76146,152400,1071,35.3088811,-80.9814622,13,,,
2899,1091,104241,291900,1091,35.3355311,-80.9688333,14,,,
1806,681,86607,156800,710,35.3019906,-80.9776724,25,,,
1394,567,41971,121600,577,35.288107600000004,-80.9515006,35,,,
2165,745,71964,163000,776,35.296298799999995,-80.9691723,16,,,
1475,469,38490,142600,549,35.1929829,-80.7456338,34,,,
2813,674,31071,113400,746,35.182371100000005,-80.7450069,38,,,
937,358,31630,138100,358,35.1831249,-80.7348134,33,,,
2807,840,55403,116700,868,35.1717585,-80.7310428,34,,,
2771,958,50921,115900,975,35.2156655,-80.6962147,37,,,
2884,981,46673,112300,1167,35.2110499,-80.7202538,33,,,
1295,613,87279,,613,35.1596679,-80.7935434,42,,,
1859,909,43262,286100,985,35.1833059,-80.7841994,47,,,
1236,539,71406,664300,539,35.203699900000004,-80.8284125,65,,,
484,248,115643,870200,273,35.1995671,-80.8351875,56,,,
2474,803,136995,1044300,848,35.1877197,-80.8359751,51,,,
2691,1056,154091,802900,1106,35.178582500000005,-80.842349,63,,,
819,370,97500,755100,424,35.1756042,-80.8358282,42,,,
1696,1122,63125,343900,1312,35.144935700000005,-80.8241605,21,,,
2067,669,247159,1102200,669,35.172408399999995,-80.8190238,59,,,
1217,540,218333,905700,614,35.1669213,-80.8239212,25,,,
3363,1238,87813,340200,1270,35.0996224,-80.8527264,28,,,
1145,498,110833,573300,630,35.1656685,-80.8437061,50,,,
1618,863,78565,427700,1032,35.157663899999996,-80.8415877,27,,,
1990,872,74091,612100,970,35.1604255,-80.8316285,45,,,
986,305,178702,525800,305,35.1161886,-80.761267,30,,,
1529,561,97768,378100,588,35.104887899999994,-80.7743107,25,,,
1278,470,88929,351000,470,35.1066333,-80.7988932,28,,,
2467,956,124868,365700,1018,35.096628100000004,-80.7968206,29,,,
1670,807,27516,,807,35.159611600000005,-80.8738438,31,,,
498,231,,251000,278,35.161352799999996,-80.8551688,62,,,
1253,526,79968,169000,526,35.321662200000006,-80.792055,20,,,
2219,1006,62320,175600,1052,35.3176039,-80.7870642,24,,,
747,503,41201,,552,35.3275364,-80.7661366,9,,,
2710,1278,37404,136900,1430,35.3152775,-80.7518124,25,,,
770,350,84107,,433,35.3075768,-80.7686326,15,,,
1282,608,62014,,608,35.3113849,-80.7846662,24,,,
2673,883,63202,129500,938,35.305462,-80.7918681,21,,,
1397,706,55566,163900,803,35.297444899999995,-80.7670622,15,,,
1631,609,58942,136500,609,35.2872174,-80.7905778,32,,,
1749,0,,,0,35.302780799999994,-80.7351128,,,,
2353,918,19091,123900,1107,35.2994275,-80.7283447,21,,,
989,373,55324,147400,411,35.3250355,-80.7110128,28,,,
2104,897,37023,139100,1020,35.3178575,-80.7021751,28,,,
2813,1054,40551,120800,1179,35.3030247,-80.8344067,27,,,
1670,656,40417,120200,691,35.2996636,-80.8201388,23,,,
1879,895,41703,107500,929,35.2912143,-80.8067034,27,,,
2301,799,103750,220900,799,35.3560286,-80.8260222,25,,,
1887,736,90425,190600,736,35.3589586,-80.806132,13,,,
1195,528,62907,155100,565,35.366374,-80.8000136,20,,,
2024,691,36266,101500,749,35.327964,-80.8342204,21,,,
3458,1359,50938,155900,1500,35.326080299999994,-80.8193532,15,,,
3064,1163,64938,143600,1360,35.301334000000004,-80.719793,19,,,
1796,658,73716,173800,709,35.2922882,-80.7124858,21,,,
2863,1102,69792,222800,1145,35.280184399999996,-80.7204021,15,,,
2245,899,78029,158300,899,35.3090885,-80.6901864,,,,
2931,867,85365,180400,922,35.302026399999995,-80.6989162,16,,,
2789,1014,64457,201900,1014,35.2933349,-80.6902723,13,,,
1970,591,92279,234600,652,35.2859186,-80.6861106,17,,,
1704,546,50391,151000,573,35.264278600000004,-80.7079907,18,,,
1887,699,63098,139700,746,35.2376352,-80.7119778,26,,,
65,22,115000,150000,22,35.2452431,-80.6989937,43,,,
1864,665,82438,279500,665,35.266119700000004,-80.6865346,29,,,
1592,444,61250,160500,486,35.252032,-80.6823653,13,,,
2589,853,65078,138600,878,35.250136600000005,-80.6744235,20,,,
2105,692,72823,153700,692,35.2452446,-80.6663045,22,,,
1594,746,58049,179200,877,35.3355878,-80.8021901,24,,,
1423,767,56536,133900,869,35.330735100000005,-80.8054673,23,,,
1205,484,51371,141200,494,35.3196696,-80.8050891,16,,,
3103,1147,56023,142500,1277,35.3116643,-80.8014721,22,,,
1341,578,93889,178500,606,35.3534149,-80.7838014,22,,,
1222,358,80978,208300,385,35.341635499999995,-80.7937208,26,,,
2503,961,59911,178800,1069,35.3276574,-80.7937592,24,,,
2306,1217,70440,183100,1217,35.340776700000006,-80.7762334,24,,,
2407,999,78672,187800,1119,35.3904142,-80.7672694,15,,,
3044,1265,88459,246500,1419,35.3834325,-80.7790348,16,,,
1083,397,88194,226800,421,35.3770742,-80.7676844,22,,,
2109,866,62130,171200,926,35.36177670000001,-80.7682068,14,,,
2803,888,89483,208300,972,35.372894,-80.7551393,20,,,
2347,1055,55234,246800,1109,35.360580299999995,-80.73384,14,,,
4140,1237,102332,282700,1284,35.3437021,-80.7471296,14,,,
622,266,68438,145000,286,35.3547066,-80.7415859,22,,,
944,422,62727,97000,462,35.326058700000004,-80.7346209,16,,,
2100,1077,45889,94500,1196,35.3367083,-80.732034,16,,,
4585,1302,62941,166000,1341,35.2156821,-80.6695183,17,,,
2566,903,46893,140400,943,35.2357494,-80.6658752,18,,,
2160,837,77159,185300,879,35.2468055,-80.6458647,,,,
2410,798,73889,228100,843,35.1363866,-80.7021858,29,,,
804,226,119010,174200,226,35.2340756,-80.6485534,16,,,
1374,624,55859,154500,624,35.232116,-80.6174624,17,,,
1999,764,54227,245800,793,35.1945954,-80.6497176,25,,,
2145,981,35579,46500,1118,35.1783334,-80.713506,31,,,
2419,832,101952,283100,839,35.197610499999996,-80.620665,25,,,
1444,543,78125,338500,543,35.16630479999999,-80.6325695,28,,,
1272,462,102857,296900,479,35.1792631,-80.6028628,23,,,
2579,912,68485,181300,977,35.208418200000004,-80.5910474,33,,,
2518,992,65056,146800,1065,35.1708065,-80.7158497,19,,,
2288,994,41386,131600,1024,35.1563528,-80.7301811,28,,,
1307,506,61136,145200,530,35.153045299999995,-80.715032,25,,,
1706,804,45295,,876,35.1469768,-80.7355082,31,,,
972,473,54081,332400,517,35.0603635,-80.8110923,22,,,
2091,780,91061,258200,780,35.077306,-80.7349361,22,,,
3802,1344,104457,288700,1344,35.081645,-80.7227446,14,,,
3403,1656,45328,209000,1683,35.066402000000004,-80.8873886,22,,,
1831,722,43478,159700,757,35.0769908,-80.901776,36,,,
2298,860,68115,150100,934,35.0740535,-80.8681153,39,,,
2887,1159,48310,113600,1316,35.1119261,-80.8710251,38,,,
452,148,232500,563100,148,35.099459499999995,-80.8660649,31,,,
1103,662,49857,132300,711,35.112787,-80.8590988,33,,,
1071,546,43804,142300,605,35.0912457,-80.8619378,33,,,
1342,625,56875,159400,688,35.078244299999994,-80.8596449,39,,,
2542,934,76548,174300,988,35.0711345,-80.8553411,39,,,
2386,822,124600,297900,822,35.41759129999999,-80.8824696,23,,,
995,557,51406,173900,649,35.4099308,-80.8628965,16,,,
3707,1276,99107,294300,1322,35.387289200000005,-80.9476295,14,,,
1605,538,93111,210800,571,35.3952763,-80.8999123,20,,,
2735,1019,84755,229200,1028,35.400782899999996,-80.8816358,25,,,
2561,953,82651,208500,983,35.374301700000004,-80.8910325,17,,,
3119,1101,100509,375300,1117,35.4041383,-80.7825733,13,,,
4053,1512,100143,318400,1590,35.43420510000001,-80.8530597,15,,,
636,298,86000,231700,298,35.4467615,-80.821859,25,,,
4145,1269,148417,350600,1269,35.429831400000005,-80.8264435,19,,,
2388,806,82161,277500,806,35.4359297,-80.797995,14,,,
1977,815,81103,279900,997,35.5066033,-80.8538865,23,,,
1776,91,108224,555900,91,35.5037628,-80.8250524,52,,,
1498,577,137757,581800,577,35.486566700000004,-80.8373977,30,,,
2273,785,149519,427300,814,35.4912139,-80.7994741,18,,,
3700,1152,204884,616200,1206,35.462019399999996,-80.7977639,14,,,
2807,1219,74609,234400,1301,35.493088,-80.8622165,16,,,
1998,943,86250,354300,1026,35.4710027,-80.8363302,6,,,
1531,624,92283,221000,624,35.459131799999994,-80.8502487,14,,,
1739,644,60234,169500,729,35.478518900000005,-80.8658038,26,,,
1049,387,84821,240300,387,35.46958789999999,-80.865681,23,,,
3662,1445,84875,180200,1445,35.4644498,-80.8575898,13,,,
2393,698,117097,272600,698,35.4455882,-80.8531197,20,,,
0,0,,,0,35.215850200000006,-80.9529507,,,,
26,13,,,13,35.21692879999999,-80.8379686,,,,
2136,712,175000,532400,712,35.129073299999995,-80.8029653,29,,,
2535,1083,58063,408200,1191,35.1108416,-80.7703883,22,,,
2563,881,25881,83900,1047,35.1947094,-80.8992078,52,,,
1534,490,24464,102700,567,35.2026516,-80.905331,35,,,
517,239,78750,297000,258,35.2267484,-80.8717754,2000,,,
685,291,26563,91200,331,35.24914520000001,-80.8829791,53,,,
743,334,37857,77100,396,35.2417602,-80.8738877,73,,,
326,188,58906,128700,188,35.085079,-80.8493397,32,,,
2730,928,111019,339300,928,35.108859499999994,-80.7394007,27,,,
1178,472,76970,261800,554,35.104477,-80.7114658,21,,,
1236,425,126806,257600,472,35.0436546,-80.8711595,20,,,
1275,435,120729,302800,435,35.04347670000001,-80.8550109,20,,,
1517,449,39181,97500,491,35.2771037,-80.919415,23,,,
1650,441,53701,149500,492,35.3096411,-80.9333105,49,,,
2150,800,61875,145400,875,35.3101902,-80.8896358,16,,,
2244,1079,63184,137100,1238,35.358933,-80.8481086,11,,,
3011,1286,69630,224200,1373,35.12855689999999,-80.8308377,35,,,
3465,1175,32754,87600,1235,35.258284499999995,-80.8060757,42,,,
648,275,69327,240100,324,35.2343529,-80.8018105,73,,,
1209,470,29355,120400,540,35.249140600000004,-80.8405074,16,,,
1949,665,48945,113400,700,35.228520700000004,-80.7566983,51,,,
1246,682,21017,56200,742,35.2518694,-80.8319599,57,,,
565,222,17097,79800,257,35.2505405,-80.8244071,60,,,
1709,580,41667,264900,580,35.2101244,-80.6527261,43,,,
2560,806,49722,119400,865,35.1844299,-80.7012488,32,,,
2682,1047,76424,291900,1132,35.1240293,-80.7375955,33,,,
641,299,32260,,334,35.2445283,-80.8651614,62,,,
945,437,24688,,491,35.2710354,-80.8801999,44,,,
1449,615,38924,213300,706,35.18166779999999,-80.8734595,58,,,
1767,723,143750,735200,807,35.1949525,-80.8472055,61,,,
1098,541,86583,328800,610,35.217061,-80.8048153,53,,,
511,178,30682,75000,223,35.2011479,-80.8087765,53,,,
1550,481,30045,69100,652,35.2649186,-80.895199,41,,,
763,348,107955,341400,359,35.1612289,-80.7672431,48,,,
1718,535,34654,139800,593,35.243474,-80.7587669,50,,,
1387,677,29574,87900,758,35.124463299999995,-80.8695709,31,,,
1948,636,41382,75400,679,35.2339728,-80.9202323,52,,,
1405,599,27964,76700,623,35.2657391,-80.8617721,53,,,
2477,825,111366,272000,969,35.2307749,-80.8530724,15,,,
1708,802,145663,453500,837,35.227408000000004,-80.7930404,61,,,
849,355,59034,296800,381,35.0947096,-80.7829119,38,,,
1118,403,32679,83900,501,35.2592943,-80.8494924,61,,,
1098,418,104375,552700,458,35.0514308,-80.7599197,11,,,
1164,497,105023,503400,497,35.4957073,-80.9129549,30,,,
1456,517,105729,860200,583,35.1526906,-80.8039726,45,,,
1897,722,97600,853400,761,35.1837511,-80.8139536,28,,,
1710,641,109855,367600,654,35.1450329,-80.839303,53,,,
1032,427,64449,,427,35.121227600000005,-80.8361592,28,,,
1985,761,127567,296900,761,35.1280432,-80.763944,35,,,
1068,463,76797,249800,477,35.15674179999999,-80.8683248,60,,,
949,481,62543,151100,540,35.2385898,-80.8190353,36,,,
1469,542,59167,114000,542,35.1829039,-80.7223156,36,,,
1403,612,111830,367900,693,35.1528549,-80.7853466,53,,,
1206,663,69076,609400,754,35.2151961,-80.8197341,12,,,
1336,629,127841,519500,695,35.4401937,-80.926122,31,,,
3716,1265,100063,329500,1342,35.3933501,-80.8230575,11,,,
2228,698,36848,107800,813,35.229557,-80.817905,50,,,
1246,474,46111,287500,544,35.235271999999995,-80.816354,43,,,
382,165,53693,171900,175,35.1999695,-80.7947962,58,,,
1567,860,49146,184100,941,35.1961514,-80.7779704,58,,,
1707,599,26466,156300,644,35.1844162,-80.7658901,39,,,
1321,489,46772,,489,35.160006,-80.74106,34,,,
1895,987,42150,98400,1179,35.200105900000004,-80.710177,35,,,
527,222,51635,127400,242,35.1966794,-80.7642267,58,,,
1542,605,33018,71600,693,35.187388500000004,-80.7552154,43,,,
1567,559,149875,482100,559,35.0814065,-80.7633718,39,,,
2736,802,156750,461800,802,35.092715999999996,-80.7457844,24,,,
2283,856,74300,284800,906,35.236776899999995,-81.0013011,22,,,
2119,788,126032,319700,788,35.0351819,-80.8629072,13,,,
2823,1123,100449,323500,1182,35.0711566,-80.8369114,20,,,
3066,1242,94167,306300,1318,35.051405200000005,-80.824344,23,,,
3196,1157,94948,282900,1214,35.0570266,-80.8014195,16,,,
3801,1073,127802,334400,1073,35.0299645,-80.8335292,14,,,
3118,1033,126793,315900,1115,35.053755200000005,-80.7838289,13,,,
1853,698,97130,188100,763,35.323230200000005,-80.9654275,14,,,
2546,858,69886,139400,858,35.3097719,-80.9616471,21,,,
2073,764,51722,156300,819,35.305789399999995,-80.9435687,41,,,
1194,418,64375,134800,418,35.194078000000005,-80.7539915,48,,,
1555,449,43849,138200,487,35.174461799999996,-80.7426325,41,,,
1806,600,39792,114700,640,35.2235796,-80.7160893,32,,,
1620,446,59423,145600,446,35.2134664,-80.7117117,32,,,
606,289,152321,776300,325,35.1951902,-80.8310585,54,,,
4167,1490,61250,128100,1529,35.1516966,-80.9176825,22,,,
1177,418,29824,136300,447,35.1600803,-80.8851431,47,,,
810,465,64147,262900,549,35.225913,-80.8299767,15,,,
2334,962,79467,348300,962,35.1741494,-80.7790823,49,,,
1631,778,72857,397400,778,35.1926985,-80.8567897,50,,,
2098,884,19872,107000,992,35.2030429,-80.8760961,48,,,
90,90,,,267,35.2276629,-80.8380391,75,,,
2069,522,32533,,537,35.2466839,-80.7482208,43,,,
2420,951,58137,159100,1015,35.249827,-80.7271767,25,,,
1555,588,114904,248600,601,35.16566029999999,-80.7632525,47,,,
507,248,95750,523400,276,35.2072687,-80.8213685,2018,,,
1231,410,250001,1054000,444,35.188011200000005,-80.8271643,78,,,
1143,418,28375,89300,502,35.216247499999994,-80.9186903,52,,,
1208,393,38750,99800,418,35.267810299999994,-80.9258644,22,,,
685,292,41000,93700,349,35.271543799999996,-80.7918133,49,,,
421,197,31250,71200,233,35.2630112,-80.7881128,49,,,
1165,394,35556,108000,409,35.281212,-80.7694777,25,,,
1172,569,28125,106700,603,35.2977271,-80.8528848,44,,,
831,255,24705,13800,255,35.2411561,-80.9630528,32,,,
1869,715,77908,201800,751,35.15087020000001,-80.9984737,16,,,
4524,1330,73875,204000,1421,35.1472585,-80.975906,10,,,
3332,1032,101513,239700,1032,35.0788023,-80.998484,13,,,
1832,586,62344,143400,586,35.1432434,-80.9692334,26,,,
3690,1272,78750,225000,1304,35.1127826,-80.9778832,12,,,
1427,573,38125,,630,35.138578100000004,-80.919584,26,,,
2828,936,72361,199200,965,35.110794299999995,-80.9591056,19,,,
3480,1028,45783,111300,1175,35.2665026,-80.9475975,39,,,
2644,927,131442,213400,972,35.4060294,-80.9144399,14,,,
2585,805,95434,257600,805,35.4141694,-80.86814,16,,,
2456,919,57371,184800,973,35.3807466,-80.8597444,15,,,
1749,775,49236,231500,923,35.4182091,-80.8496384,32,,,
0,0,,,0,35.1141093,-80.9312035,,,,
2844,1210,96800,313100,1252,35.1059888,-80.7846345,25,,,
1308,635,115223,272400,672,35.1437511,-80.8647428,10,,,
4469,1867,58844,208400,1960,35.3433963,-80.7157898,16,,,
1337,666,71218,,736,35.3227396,-80.7784452,22,,,
2141,980,58333,,1135,35.322060799999996,-80.7399718,15,,,
1496,577,58125,126900,616,35.301394099999996,-80.7832387,20,,,
2095,0,,,0,35.3057972,-80.7323701,,,,
3462,1154,17079,12600,1367,35.322337700000006,-80.7200438,22,,,
2962,1094,54663,153100,1121,35.3291276,-80.6993126,24,,,
2727,1163,36687,112500,1187,35.281749700000006,-80.8213604,39,,,
1903,730,83882,190300,730,35.348885700000004,-80.8145388,21,,,
2979,1133,58558,143400,1227,35.3750705,-80.7923995,17,,,
977,366,48800,137700,434,35.3355445,-80.8180063,23,,,
2966,939,49429,162800,958,35.225404,-80.6958361,13,,,
525,290,31250,112500,347,35.3099219,-80.8113049,18,,,
1917,661,56594,215700,712,35.3558429,-80.7924531,14,,,
1922,920,53088,249300,968,35.3358333,-80.7877576,25,,,
1990,626,114000,268200,626,35.3843829,-80.766735,20,,,
3746,1319,101169,220100,1421,35.3504891,-80.7704678,22,,,
2201,828,78375,147500,845,35.163965600000004,-80.7231831,27,,,
3163,1123,76089,198600,1155,35.1557234,-80.7068281,20,,,
1812,547,109301,301700,590,35.0676476,-80.7379101,15,,,
4238,1268,62880,209200,1325,35.108427299999995,-80.900015,14,,,
670,233,66691,151000,255,35.0813734,-80.8766011,39,,,
2288,898,99167,372000,943,35.105907,-80.8679111,,,,
999,543,49336,230200,707,35.0925878,-80.8771858,27,,,
1056,363,112125,358800,363,35.120049200000004,-80.7498919,32,,,
1251,401,44241,147000,469,35.9630317,-82.1073802,40,,,
712,318,32065,90800,518,35.9163718,-82.0151844,37,,,
1181,488,44857,158700,588,36.01035220000001,-82.0776101,44,,,
770,370,38500,149100,560,36.047386700000004,-82.1098513,38,,,
942,307,51396,98800,551,36.0811983,-82.2385599,46,,,
1302,519,41125,159200,782,36.0971001,-82.1711081,37,,,
1281,567,51397,178800,635,35.923786,-82.1321769,38,,,
1822,740,55349,183200,1195,35.8803847,-82.0935569,40,,,
295,141,34036,,329,36.0773065,-82.3003348,51,,,
1300,624,61983,159500,917,35.8800154,-82.0401284,45,,,
1297,578,39125,114600,695,35.9469049,-82.0668865,42,,,
729,376,31635,109300,470,35.960257,-82.1651349,44,,,
1031,405,52072,147300,549,36.02238320000001,-82.1904329,32,,,
1127,527,20509,106400,554,35.9116339,-82.0486152,39,,,
472,235,46927,116400,269,35.3927691,-79.8503328,50,,,
975,380,48587,140200,496,35.4545878,-79.8555748,39,,,
934,6,,,41,35.3787253,-79.8764562,,,,
1939,853,31213,132100,1048,35.3263975,-79.8955033,46,,,
975,409,51250,116400,445,35.3718061,-79.8035489,34,,,
1813,475,40699,78500,518,35.3334654,-79.8010238,27,,,
1371,595,38542,131000,834,35.4313328,-79.7636889,37,,,
1001,560,54286,166900,931,35.3433987,-80.0212786,29,,,
1235,630,69191,314000,2489,35.4702865,-80.1117122,26,,,
1863,636,36071,72000,856,35.2909363,-79.7284569,41,,,
1323,397,52330,76300,460,35.239746200000006,-79.7915919,48,,,
1526,575,60509,112300,818,35.4568395,-79.9968134,45,,,
1088,444,33939,103100,497,35.1893038,-79.9899363,46,,,
1745,720,49800,134900,1865,35.259640399999995,-80.0487731,27,,,
1039,390,23846,98900,496,35.3484889,-79.9384813,36,,,
1342,458,45500,84300,523,35.339312400000004,-79.7482693,59,,,
1014,374,46894,80600,460,35.4020113,-79.7911328,59,,,
683,282,36875,86400,341,35.2966685,-79.8162031,62,,,
968,387,30341,57000,506,35.2068682,-79.678356,33,,,
1002,407,32292,95000,573,35.1961122,-80.0337269,45,,,
1004,476,41983,89600,775,35.2485753,-79.9510695,47,,,
2026,722,46944,78400,994,35.40165,-79.9142006,37,,,
1003,373,41037,105500,555,35.5075997,-79.4653661,34,,,
1518,546,45560,101500,566,35.4329284,-79.5265744,37,,,
612,247,,109700,295,35.439898299999996,-79.4569599,36,,,
2138,861,61190,140600,1015,35.2721554,-79.3058302,26,,,
2133,832,66250,289500,933,35.250478799999996,-79.3622122,24,,,
1128,441,31227,108000,620,35.2291244,-79.2743456,32,,,
2585,905,75448,284800,905,35.255750299999995,-79.3906719,26,,,
1595,708,125100,319200,747,35.1585141,-79.3907684,22,,,
1696,662,53095,250600,833,35.156138500000004,-79.428013,22,,,
1894,874,41364,251900,1029,35.184480900000004,-79.3394548,31,,,
2236,739,84790,232700,739,35.1434792,-79.3692574,37,,,
1918,723,53813,144800,779,35.13482020000001,-79.4552693,31,,,
2123,834,84318,231600,964,35.1343315,-79.4003051,35,,,
1586,451,72917,210600,590,35.106130900000004,-79.4230021,23,,,
1845,911,38229,115900,998,35.14844620000001,-79.4133763,19,,,
1914,609,47772,118200,669,35.1176391,-79.5193729,30,,,
1584,521,30446,94600,612,35.0779434,-79.4442476,27,,,
1443,569,,106000,615,35.369000899999996,-79.6290155,33,,,
756,273,,95300,338,35.316284100000004,-79.6281541,38,,,
1583,506,39797,107800,616,35.2610993,-79.5218108,32,,,
2568,1263,72669,231400,1445,35.2747095,-79.5743519,33,,,
1416,527,49750,,706,35.2616961,-79.6520162,23,,,
1538,736,,418300,1011,35.2545857,-79.5994536,21,,,
2056,807,80321,215500,938,35.181383600000004,-79.5802568,27,,,
420,254,31288,106300,295,35.3438321,-79.5199428,37,,,
1598,620,32589,145800,774,35.3428463,-79.428966,35,,,
1546,750,46224,139000,910,35.284985999999996,-79.467406,28,,,
1393,471,43631,151800,695,35.398927799999996,-79.3470375,28,,,
1180,500,32000,123600,553,35.3681025,-79.4160625,38,,,
2566,837,70799,159400,884,35.3349045,-79.3797105,24,,,
668,233,,,360,35.192206,-79.1147513,29,,,
2270,913,62879,213700,1107,35.2208713,-79.4579535,21,,,
2784,1260,94783,453700,1410,35.1979314,-79.5171231,21,,,
970,467,81477,404600,565,35.199456500000004,-79.4698361,62,,,
3063,1419,77212,282900,1784,35.22855429999999,-79.4208185,20,,,
982,502,111406,278600,955,35.186285999999996,-79.4731539,32,,,
1541,605,85074,259800,675,35.189262,-79.4894785,26,,,
695,325,18906,,403,35.168065500000004,-79.4162007,28,,,
699,273,20521,199500,311,35.1848229,-79.4001384,53,,,
1839,836,42134,165500,955,35.2225157,-79.3448701,31,,,
2079,1088,70970,293800,1259,35.202351799999995,-79.4106359,24,,,
1642,643,40817,141300,796,35.332291600000005,-79.3006996,32,,,
3112,1368,83438,210800,1558,35.23194829999999,-79.2063611,25,,,
905,492,60962,235600,671,35.1730597,-79.388966,69,,,
481,291,60156,176900,315,35.1842831,-79.3879692,46,,,
1095,575,34814,182100,575,35.1724801,-79.3980601,40,,,
2570,888,46591,105000,1074,35.4802399,-79.6159286,44,,,
919,298,53304,121600,408,35.4135509,-79.6051538,59,,,
1129,345,24770,72500,427,35.4203614,-79.5638598,47,,,
1344,584,38750,119700,752,35.469806,-79.7245404,41,,,
1877,779,39511,89600,905,35.414761799999994,-79.6689474,40,,,
1298,508,54500,98300,533,35.296897799999996,-79.2397503,35,,,
1682,694,52826,157800,790,35.10951420000001,-79.4734868,32,,,
2566,1220,85652,297000,1596,35.1697257,-79.4554075,29,,,
1458,534,38304,119800,695,35.2425588,-79.465958,29,,,
2616,1127,71652,265600,1576,35.171130600000005,-79.490666,30,,,
3774,1348,80441,390300,1554,35.187850299999994,-79.4220921,19,,,
488,272,,132500,318,35.91316629999999,-77.8514588,34,,,
304,138,47652,67300,322,35.937301700000006,-77.811468,51,,,
761,289,76953,246900,289,35.9428073,-77.8209268,64,,,
2736,1029,74866,138700,1029,35.933543799999995,-77.8494076,26,,,
543,319,45651,94200,398,35.9617931,-77.8121961,41,,,
2852,1374,45060,103000,1673,35.9803435,-77.8263248,29,,,
568,342,27048,99100,342,35.967515899999995,-77.8410218,41,,,
1342,643,43958,131800,784,35.9584131,-77.8363272,50,,,
1471,551,59077,123000,601,35.95107410000001,-77.8382143,50,,,
2244,827,105096,195000,918,36.0228584,-77.9271554,24,,,
2752,965,64250,149500,1076,36.0358011,-77.8583298,23,,,
1029,500,46731,166500,536,36.0608594,-77.9076795,21,,,
1792,814,47578,99600,965,35.9753889,-78.1431763,41,,,
1853,741,38958,91100,883,35.949386100000005,-78.0728155,35,,,
2377,847,52216,158600,914,35.8888592,-77.9912825,27,,,
841,343,40804,88800,454,36.114628100000004,-77.7482,37,,,
580,277,,162500,343,36.08245170000001,-77.7714126,54,,,
864,414,64826,171200,430,35.893773100000004,-77.902296,45,,,
2083,801,31076,85500,883,35.8706204,-77.8455551,34,,,
906,393,18614,42100,513,35.9255113,-77.8086556,40,,,
843,237,46027,63500,368,35.9161484,-77.8170907,52,,,
1206,495,42901,57600,548,35.902288,-77.8280454,41,,,
1071,418,13919,64700,588,35.9207766,-77.813797,43,,,
2518,955,48011,119300,1111,35.994931799999996,-77.8134065,32,,,
2109,954,54335,115100,1062,35.9952689,-77.790066,32,,,
1823,488,45656,91500,532,36.0099933,-77.790485,23,,,
1057,373,73107,,440,35.986619700000006,-77.8031959,27,,,
1935,564,,,668,35.939196100000004,-77.888989,23,,,
1180,445,104375,220200,480,35.9476824,-77.8528771,32,,,
945,365,45865,117300,432,35.99377379999999,-77.8560657,31,,,
1335,669,43173,89800,857,36.031636,-78.0502828,32,,,
1440,541,45772,81400,587,36.1487804,-77.9626792,29,,,
1587,572,41314,82700,635,36.066412,-77.9700089,30,,,
1407,555,44452,113800,649,35.771741600000006,-78.1287538,38,,,
1678,604,41500,89200,732,35.77464620000001,-78.2213416,24,,,
1434,457,39191,67600,616,35.8862768,-78.1650072,25,,,
1204,482,31071,110200,618,35.8664292,-78.1372342,25,,,
1253,507,28273,83900,754,35.9451099,-77.8007027,66,,,
932,390,56429,97700,667,35.95167120000001,-77.8136227,56,,,
3045,1051,68097,126300,1163,35.985868100000005,-77.9207216,26,,,
1881,467,34358,130800,570,35.935150799999995,-78.0169482,35,,,
809,251,66875,147700,254,35.992242299999994,-78.0276794,30,,,
423,290,42969,91500,359,35.9628716,-77.9792926,47,,,
3110,1190,63049,150500,1297,35.9575276,-77.9537468,29,,,
1275,579,52621,162600,776,35.968869399999996,-77.9456598,43,,,
2545,887,102598,224300,901,35.8566839,-77.9483105,22,,,
969,480,,75200,630,35.9334516,-77.818465,29,,,
511,361,19438,,461,35.9243191,-77.8254711,38,,,
1576,672,55156,190400,672,35.9600031,-77.8596525,41,,,
1804,687,63150,226100,710,35.972764500000004,-77.8641251,30,,,
920,352,35972,83500,444,36.0770583,-78.0375987,32,,,
2663,970,62188,132800,1163,35.8166273,-78.1015013,23,,,
990,450,,91400,584,35.8292613,-78.2054857,33,,,
1204,394,39857,102700,555,35.765984,-78.183145,27,,,
762,241,48967,50000,271,35.9552939,-77.7949148,2018,,,
1155,428,46875,150900,568,36.1126855,-77.8523288,37,,,
963,319,34792,104300,354,35.9106968,-78.1219599,33,,,
1407,512,43707,103500,556,35.8465125,-78.0784222,31,,,
1094,474,36384,96500,474,35.826744500000004,-78.0099522,32,,,
1644,528,53125,180900,565,36.03364860000001,-77.8085246,35,,,
1386,562,89470,188500,659,35.870579600000006,-77.8661027,19,,,
585,308,26000,102800,527,35.9318685,-77.8055489,59,,,
1115,505,47460,142800,505,35.9471625,-77.861333,27,,,
992,443,42782,111700,443,35.975148100000006,-77.7927842,39,,,
3832,1369,60888,156000,1400,35.9428649,-77.927294,17,,,
439,256,37250,162500,363,34.2384598,-77.9411212,2018,,,
919,329,20069,163300,468,34.2462372,-77.9327829,2018,,,
1289,615,50143,168800,657,34.2156118,-77.8907921,33,,,
4806,2044,37327,128200,2182,34.2333555,-77.8967539,27,,,
1009,688,25270,98900,805,34.219494299999994,-77.9001163,31,,,
1726,811,45016,131600,934,34.308952500000004,-77.8739246,18,,,
1753,487,52792,149700,570,34.3370493,-77.8946132,25,,,
1233,584,35266,122600,599,34.2847979,-77.8854198,26,,,
1541,596,55071,137900,781,34.2326539,-77.9285144,2018,,,
784,320,23542,120700,320,34.2284312,-77.921914,54,,,
2746,1444,65691,259500,1582,34.165321999999996,-77.937162,17,,,
2638,1001,36541,95000,1112,34.146764000000005,-77.9053642,27,,,
489,265,62554,418200,379,34.2339609,-77.9425055,2018,,,
1177,465,41887,309100,606,34.229531200000004,-77.9419957,2018,,,
716,281,130417,306500,359,34.2339175,-77.9103711,65,,,
1144,578,41029,297800,633,34.2331525,-77.9153181,47,,,
1512,686,56912,224200,774,34.2462768,-77.8488604,30,,,
3299,1534,99706,295900,1827,34.2518655,-77.8340307,17,,,
803,274,9926,,299,34.2182802,-77.9313157,67,,,
1380,514,23883,,601,34.236873700000004,-77.8854437,20,,,
1412,898,24823,72900,939,34.2390872,-77.8788515,35,,,
1193,678,46042,284000,795,34.217643200000005,-77.920107,50,,,
2088,1112,46646,206400,1249,34.2063472,-77.8999339,30,,,
1903,709,38317,140300,709,34.3109867,-77.9128205,34,,,
1823,870,52297,214300,944,34.3494508,-77.9626893,34,,,
2367,1222,67945,196500,1323,34.1632055,-77.909219,22,,,
2655,1394,33043,342500,1570,34.1653288,-77.895213,20,,,
3339,1634,45667,175900,1634,34.1546626,-77.8977877,19,,,
2931,1149,88661,285900,1256,34.192101,-77.8842736,30,,,
2267,825,73917,273400,876,34.1813888,-77.8842357,32,,,
2204,775,101442,251700,928,34.1778748,-77.8696735,27,,,
971,368,83125,224700,380,34.1705028,-77.8859329,43,,,
2953,1185,76645,245700,1217,34.1597009,-77.8777445,26,,,
1438,561,70469,242200,561,34.1703506,-77.8671795,25,,,
935,599,40744,450000,831,34.239327200000005,-77.9495747,2018,,,
1244,570,46765,135700,647,34.2051924,-77.9382986,60,,,
800,335,45046,158000,467,34.22264570000001,-77.9411811,70,,,
1924,844,11566,118800,1058,34.224332200000006,-77.9325187,62,,,
540,253,17063,88800,253,34.2548588,-77.9470916,16,,,
2340,1065,34625,160000,1093,34.2028221,-77.9298827,41,,,
2354,1031,126518,788400,1176,34.236586100000004,-77.8028749,21,,,
1944,886,86129,625500,1062,34.24057379999999,-77.81769,17,,,
367,199,105179,892000,812,34.236883299999995,-77.7845962,33,,,
1156,482,101053,821400,1083,34.14616420000001,-77.8424016,43,,,
867,309,30602,194000,350,34.242563700000005,-77.913979,66,,,
1392,421,37861,119100,519,34.2509025,-77.914054,44,,,
2880,1199,26343,126900,1348,34.2503376,-77.8969474,24,,,
2192,1136,26143,139000,1221,34.216888299999994,-77.8770641,40,,,
523,279,38988,201000,328,34.213476299999996,-77.8702632,58,,,
3173,1228,51106,171800,1367,34.2008023,-77.8489995,32,,,
1516,631,68995,277600,660,34.2018583,-77.8777141,46,,,
1553,623,84750,616800,713,34.2071667,-77.8265246,25,,,
1164,405,145901,552800,422,34.191847499999994,-77.8442312,27,,,
659,330,67188,278300,330,34.150625,-77.8603103,44,,,
3081,1220,110278,327600,1268,34.1734304,-77.8568318,25,,,
1171,450,82250,358600,498,34.2230456,-77.9121594,72,,,
1604,886,25603,,1040,34.227292299999995,-77.8832306,43,,,
2253,851,32682,124800,966,34.1913735,-77.9263324,41,,,
2208,936,68333,168900,936,34.263583000000004,-77.8771061,42,,,
3395,1391,30194,168200,1631,34.252545899999994,-77.8798293,26,,,
2438,938,57222,166600,963,34.255981799999994,-77.8638497,40,,,
2482,868,54375,165500,868,34.294441600000006,-77.8110056,30,,,
6717,2811,53357,179100,2884,34.286026,-77.8280024,17,,,
3296,1181,85057,253500,1181,34.283189,-77.8576965,21,,,
3917,1503,81336,246100,1565,34.146207399999994,-77.8846041,23,,,
546,227,97083,420000,254,34.139986799999996,-77.8696703,32,,,
669,328,47222,385600,954,34.0744355,-77.8774115,31,,,
3196,1279,53295,403700,1430,34.088458200000005,-77.8892531,24,,,
5020,2302,47125,189400,2536,34.1078472,-77.9193011,18,,,
2412,803,78405,238000,803,34.093284600000004,-77.9150319,18,,,
1110,591,50268,350700,1450,34.048839,-77.8918873,30,,,
1229,608,76923,312900,850,34.034625,-77.9151956,34,,,
333,132,87500,285000,491,34.0294706,-77.9007862,28,,,
1756,768,90000,419500,1423,34.00861679999999,-77.908048,20,,,
515,221,62250,393500,813,33.9732686,-77.9418875,33,,,
5955,2201,101549,375100,2369,34.2983132,-77.764508,17,,,
0,0,,,0,34.2688828,-77.9055726,,,,
0,0,,,0,34.077741700000004,-77.8273479,,,,
910,452,63365,191300,568,34.34391970000001,-77.8266344,38,,,
1938,595,75585,174500,645,34.307476,-77.8591932,18,,,
2820,842,93636,293600,859,34.263064,-77.7900465,29,,,
1307,577,62708,301300,636,34.2827869,-77.8041704,29,,,
2259,990,96471,363800,1052,34.259178399999996,-77.8079764,22,,,
2726,1107,67546,273100,1107,34.2733389,-77.7927543,24,,,
760,397,30260,,444,34.241209399999995,-77.867196,24,,,
1479,1163,16743,,1561,34.232653000000006,-77.8727605,30,,,
780,249,,232500,249,34.2388413,-77.8610716,24,,,
1024,436,114167,278100,476,34.223419799999995,-77.8509214,35,,,
790,337,99271,380000,353,34.2338347,-77.8486851,22,,,
2044,853,67991,324000,968,34.2252795,-77.8357,26,,,
2300,818,93333,270900,863,34.181908899999996,-77.9026711,32,,,
2046,1241,47346,157600,1357,34.1756149,-77.9191682,22,,,
909,384,22283,114900,575,34.239540600000005,-77.9347075,70,,,
1544,830,46551,165800,897,34.2246042,-77.8930084,38,,,
2907,1089,24219,124400,1169,34.1834766,-77.9463029,58,,,
1985,836,62841,178500,928,34.2987251,-77.8913034,25,,,
1178,601,48403,231800,629,34.237191499999994,-77.9238884,2018,,,
3692,1319,58139,182000,1401,34.1437565,-77.9281523,25,,,
874,309,30884,237100,353,34.231980799999995,-77.9355849,2018,,,
1481,764,22553,28600,936,34.2121609,-77.938087,73,,,
866,439,114732,436000,485,34.2022636,-77.9161694,39,,,
2038,726,35608,89700,845,34.3018112,-77.9792654,45,,,
2236,682,40741,184400,715,34.2791449,-77.9306412,52,,,
3310,1119,77621,306000,1277,34.12237929999999,-77.8856902,15,,,
3877,1780,62768,259200,2196,34.071806,-77.9148634,21,,,
1043,473,68380,275400,636,34.041873100000004,-77.8997868,26,,,
1810,658,101538,347700,1475,34.0220289,-77.9029747,24,,,
2868,1103,106641,395600,1559,34.2896994,-77.7466191,16,,,
4972,379,35951,246600,510,34.227431200000005,-77.8646452,24,,,
2236,1055,52173,214000,1137,34.1869451,-77.8975648,47,,,
1171,506,46080,129700,537,34.2032831,-77.9526937,72,,,
881,570,29000,180400,643,34.2157315,-77.9499461,2018,,,
1112,506,36833,123600,640,34.2493954,-77.9371146,22,,,
1013,484,77500,621800,861,34.2147533,-77.8005062,40,,,
763,326,41066,150600,326,34.2447456,-77.9218616,66,,,
1997,769,39276,171500,803,34.212912700000004,-77.8538283,40,,,
1219,506,37125,166300,521,34.2167231,-77.8442556,32,,,
1084,381,68958,169400,394,34.2721618,-77.8808191,41,,,
2676,929,51875,164600,929,34.2665983,-77.8470179,26,,,
3533,1584,53839,176100,1584,34.2722924,-77.8409359,26,,,
1006,508,34540,72000,580,36.345274200000006,-77.310751,27,,,
1274,454,53462,87500,521,36.3226359,-77.2014462,47,,,
455,198,50357,,384,36.3022598,-77.2707021,59,,,
1140,543,18895,58000,615,36.446847600000005,-77.5238975,47,,,
1153,532,35417,92300,637,36.5064206,-77.4384009,47,,,
521,259,41308,90800,277,36.4212456,-77.4343395,41,,,
1345,292,27222,75500,342,36.323870899999996,-77.392985,47,,,
1439,607,33783,62300,773,36.5165838,-77.6142404,27,,,
1555,597,29044,65300,680,36.529458500000004,-77.6906263,31,,,
468,251,38304,176900,467,36.517447499999996,-77.8092889,29,,,
894,423,55568,401500,1287,36.520480299999996,-77.8682345,24,,,
781,357,34740,101300,450,36.4195048,-77.1838997,44,,,
853,394,25541,92400,462,36.4517044,-77.2547262,43,,,
605,297,46094,91600,389,36.486335499999996,-77.3337825,37,,,
940,326,40403,82300,436,36.4123432,-77.3264178,27,,,
723,338,50902,112500,526,36.417717100000004,-77.2357939,55,,,
695,323,,63500,460,36.2324893,-77.3138673,69,,,
460,278,23000,58300,320,36.2553706,-77.2476031,54,,,
990,428,44314,95200,575,36.3861658,-77.5257361,41,,,
662,296,44700,,367,36.505636100000004,-77.5303631,39,,,
1414,621,45428,77300,760,36.4926745,-77.7271505,31,,,
813,306,35833,88500,362,36.5088958,-77.1731959,37,,,
2795,957,71761,227000,1048,34.67575120000001,-77.1453122,16,,,
2045,817,57083,189800,1007,34.706548600000005,-77.1347694,19,,,
1347,653,32043,185700,982,34.6861794,-77.1335588,27,,,
1585,574,42947,,581,34.728087200000004,-77.3391348,13,,,
2128,703,36410,116900,703,34.7410936,-77.2980053,35,,,
1936,634,38707,90300,819,34.718191999999995,-77.3136572,15,,,
212,100,26524,89800,181,34.738320200000004,-77.3203415,44,,,
1810,638,47656,121000,693,34.817876299999995,-77.4411438,33,,,
1542,604,63409,123600,708,34.8072709,-77.455917,36,,,
2951,788,71300,186600,849,34.7872106,-77.455708,15,,,
1627,0,,,0,34.622831,-77.3480448,,,,
1369,501,44147,167500,603,34.776394200000006,-77.3796748,35,,,
3363,1030,71250,154000,1139,34.7784078,-77.3454483,32,,,
797,181,31094,135800,201,34.7526676,-77.4240537,68,,,
1087,459,41875,125600,524,34.743269399999996,-77.4333361,59,,,
1420,730,63750,318000,3275,34.4884969,-77.4375385,28,,,
4286,0,,,0,34.6451778,-77.322943,,,,
4482,0,,,0,34.658622799999996,-77.3527887,,,,
2287,642,43563,,724,34.6983256,-77.3451945,20,,,
586,156,78529,,156,34.7363499,-77.3929929,12,,,
1350,529,32319,,551,34.7372148,-77.3731585,13,,,
1628,630,33013,,717,34.731885600000005,-77.3661519,16,,,
1058,372,66875,259300,435,34.7865798,-77.4719477,23,,,
329,161,,95000,299,34.7487919,-77.4641609,46,,,
1480,517,44668,147500,674,34.750648299999995,-77.4981836,30,,,
2374,784,51250,148600,980,34.770257799999996,-77.5046094,16,,,
630,254,32273,110000,326,34.742618,-77.4473813,42,,,
1129,423,41648,131700,670,34.741510299999995,-77.4744853,34,,,
1680,704,45179,127400,892,34.7300508,-77.4902077,32,,,
1690,579,57171,135300,706,34.8122964,-77.4649954,33,,,
2369,1048,44292,172600,1212,34.76469960000001,-77.3691124,21,,,
2364,944,50538,145900,944,34.75303220000001,-77.3661963,29,,,
1279,374,,136000,444,34.7522959,-77.3755176,42,,,
953,451,41958,152900,630,34.7456218,-77.374254,34,,,
1009,535,35040,135800,645,34.745358,-77.3653586,39,,,
856,415,51688,130100,415,34.7287805,-77.32911,27,,,
469,261,24350,63800,414,34.7616431,-77.4075075,60,,,
761,318,30122,,478,34.755671899999996,-77.4139994,60,,,
1121,383,27813,135200,501,34.759781700000005,-77.3906727,45,,,
1431,574,51069,137500,637,34.677218100000005,-77.2054528,28,,,
2594,1004,57326,134500,1393,34.6895955,-77.2038713,14,,,
1062,388,34885,84500,599,34.684819399999995,-77.1838505,24,,,
0,0,,,0,34.5197443,-77.3084446,,,,
713,285,52723,170400,285,34.774292100000004,-77.4308924,55,,,
776,285,58325,169600,308,34.7755959,-77.4379337,52,,,
857,467,28962,137500,669,34.76291810000001,-77.3322709,41,,,
2870,913,57563,164300,1110,34.760012200000006,-77.3118018,20,,,
2842,966,43864,132900,1064,34.727436600000004,-77.2478699,22,,,
1485,2,,,2,34.6755702,-77.3637941,,,,
3535,2120,26039,115500,2178,34.7950122,-77.4256001,18,,,
9539,3416,49305,170300,3892,34.8004465,-77.4034465,11,,,
2754,921,67726,169900,1185,34.816266399999996,-77.3685175,7,,,
1767,547,71599,147100,841,34.782453100000005,-77.4085456,42,,,
1773,700,36786,121200,759,34.7762338,-77.4218046,44,,,
952,361,30966,113400,420,34.7685459,-77.4261296,61,,,
5061,1545,49271,161100,1678,34.9163321,-77.5201825,12,,,
1743,753,40809,129900,835,34.8816193,-77.5608983,31,,,
994,436,46950,204200,486,34.8611936,-77.4839797,27,,,
3650,1292,64237,152500,1467,34.8182699,-77.4979995,17,,,
1383,567,57978,107200,611,34.8054489,-77.5188719,25,,,
4436,1493,51754,152400,1586,34.836710700000005,-77.5640588,15,,,
1986,708,29821,102400,837,34.8001314,-77.6405085,23,,,
2245,794,55000,111800,1062,34.7505297,-77.6084947,36,,,
1960,673,51122,116300,715,34.7523927,-77.5257132,30,,,
3043,1040,51404,141200,1099,34.7087139,-77.5800787,32,,,
1075,467,39906,74500,515,34.6518321,-77.5652248,26,,,
4568,1406,59485,171700,1735,34.7077856,-77.5150936,21,,,
1446,557,42069,110000,801,34.677012700000006,-77.4860288,26,,,
1195,515,37802,109500,540,34.7624785,-77.420034,36,,,
1051,443,45625,122000,560,34.7718693,-77.4147176,50,,,
3347,875,64175,,902,34.705298799999994,-77.3741217,10,,,
2116,897,58393,171800,1216,34.5599117,-77.5590507,18,,,
4557,1876,63723,225400,2252,34.541297799999995,-77.418235,11,,,
1339,517,46031,135100,866,34.561443700000005,-77.3772016,25,,,
1598,678,52100,202100,958,34.539182700000005,-77.3823672,23,,,
590,0,,,0,34.67199420000001,-77.3366576,,,,
1759,523,38212,,523,34.7103909,-77.3483648,51,,,
1589,641,37721,,641,34.7348794,-77.3825495,9,,,
3145,1004,55132,215300,1089,34.7363881,-77.169643,16,,,
2524,867,44071,158000,996,34.7436703,-77.3403292,23,,,
2688,980,56942,204200,1049,34.8351636,-77.4548748,15,,,
1744,43,,,43,34.7298624,-77.4173506,,,,
3813,1306,55385,157800,1484,34.7872994,-77.244178,23,,,
5464,230,43846,,244,34.711011,-77.4502568,49,,,
1708,601,59016,141100,781,34.7861504,-77.3649496,42,,,
1784,722,43852,162300,932,34.9493286,-77.6098816,22,,,
3494,1139,81185,150300,1330,34.87877,-77.61834,20,,,
1099,294,37159,,294,34.7404311,-77.3563763,26,,,
887,320,31389,110000,441,34.7517764,-77.4027676,52,,,
2081,860,57308,130400,1011,34.6776809,-77.2230941,23,,,
1632,639,65571,194800,942,34.6467773,-77.1676,14,,,
545,239,54583,69200,313,34.720054,-77.2788522,41,,,
2566,860,79583,201200,1005,34.7857883,-77.4315921,29,,,
1162,336,64180,130700,380,34.7633536,-77.4376176,58,,,
4064,1475,56778,187800,1980,34.5252923,-77.4841931,14,,,
1647,656,52000,140400,834,34.8929773,-77.3488149,44,,,
2199,792,108851,381800,866,35.9202171,-79.1185867,35,,,
1181,376,,116800,418,36.0825938,-79.2219005,52,,,
1261,535,63677,179500,535,36.1231146,-79.2360458,20,,,
1882,768,126458,626900,868,35.917367999999996,-79.035101,57,,,
2250,748,43478,520800,951,35.899055,-79.0578981,50,,,
3024,1081,30169,277900,1171,35.9187011,-79.0622576,51,,,
1823,770,101250,543900,855,35.927291,-79.0476791,45,,,
1118,482,51442,208400,560,36.0376721,-79.1203956,34,,,
3347,1149,72827,197100,1285,36.0463335,-79.2054623,27,,,
1813,724,89706,447800,766,35.981888,-79.0896453,28,,,
3824,1300,157422,442300,1326,35.956962299999994,-79.0909264,16,,,
2711,1109,61486,248400,1178,35.9837188,-79.1425784,30,,,
1209,458,28281,455000,470,35.9403359,-79.0667888,26,,,
2646,1273,37133,,1355,35.9117711,-79.0905212,34,,,
1733,888,55995,154400,949,35.8993605,-79.0881846,31,,,
1725,860,56806,468400,949,35.889842,-79.0877596,31,,,
3494,1340,67500,204300,1464,36.1598135,-79.1909734,25,,,
521,303,53250,167400,303,36.0734078,-79.1124547,64,,,
3433,1193,95462,318000,1208,36.0878941,-79.0820554,18,,,
995,554,57955,173800,741,36.0709083,-79.1317187,32,,,
1531,500,88250,166600,586,36.0703506,-79.0744301,44,,,
2584,1096,79737,261200,1147,35.984131899999994,-79.2114165,29,,,
1500,671,68578,239700,850,35.886037,-79.1797973,40,,,
1913,866,89750,384300,889,35.9264718,-79.0131634,38,,,
1514,541,41088,210800,552,35.9301513,-79.0262738,37,,,
2291,969,59798,525800,1116,35.9112531,-79.0172614,46,,,
2279,860,73200,244700,860,35.93944329999999,-79.011188,35,,,
1773,732,64712,196100,783,36.2058105,-79.009019,30,,,
854,500,28304,,541,35.9098353,-79.0812529,42,,,
1887,727,32317,,884,35.905341899999996,-79.0815868,39,,,
2120,789,123162,293200,883,35.884458200000005,-79.1088244,42,,,
1961,883,80464,317400,883,35.9212868,-79.0889587,45,,,
1540,601,81339,271100,601,35.9078342,-79.0687958,28,,,
217,160,,,160,35.912330100000005,-79.0751335,68,,,
1679,667,120139,339300,713,35.9362615,-79.0816371,27,,,
3893,1329,79076,248700,1407,36.0408631,-79.0764532,17,,,
2494,941,74647,293600,1028,36.1107665,-79.0397079,23,,,
1429,607,73365,293000,648,36.0755969,-78.9951513,32,,,
1583,575,48882,164200,646,36.0263485,-79.0132309,35,,,
1895,640,42232,130800,795,36.0987903,-79.1405759,33,,,
1788,710,54864,172000,822,36.0480766,-79.1100889,33,,,
1614,648,95750,350500,710,35.995430999999996,-79.029327,32,,,
1534,618,153438,532700,644,35.9723338,-79.0236753,35,,,
3342,1083,133401,370700,1101,35.96694229999999,-79.0660324,14,,,
2670,1157,98092,439900,1221,35.96154310000001,-79.0289282,32,,,
2049,921,64447,309700,1056,35.950176500000005,-79.0114445,19,,,
542,0,,,0,35.91340220000001,-79.0511951,,,,
1773,0,,,0,35.910216299999995,-79.0496569,,,,
1505,0,,,0,35.9064918,-79.0431012,,,,
1138,12,11250,,63,35.904939299999995,-79.0500792,54,,,
3746,302,31442,,375,35.9001624,-79.0440412,18,,,
1766,726,72303,308500,856,35.926863299999994,-79.064508,42,,,
680,260,79583,540300,318,35.87321970000001,-79.059103,49,,,
1143,497,28220,414400,565,35.895567,-79.0686854,34,,,
1969,606,178864,498900,606,35.8874594,-79.0741095,18,,,
2334,981,96171,416100,1036,35.871147799999996,-79.0763025,24,,,
2596,965,70583,340200,1094,35.9531352,-79.0486857,32,,,
1565,727,91518,456600,727,35.94561029999999,-79.0450364,37,,,
849,398,44444,620000,398,35.9380037,-79.0485851,29,,,
2207,986,77109,371700,1094,35.9503751,-79.0285025,38,,,
1564,649,122361,499500,656,35.9380982,-79.0336937,45,,,
2041,782,114375,451000,933,35.8810412,-79.0236233,33,,,
3035,1238,79286,267500,1348,36.1503599,-79.0351103,30,,,
1511,483,88393,172500,483,36.0981687,-79.1858431,19,,,
2787,407,52344,396200,473,35.90965870000001,-79.0589663,8,,,
2173,628,21100,285500,715,35.9185393,-79.0536091,47,,,
644,269,60938,202800,269,36.1975782,-79.1116717,38,,,
1084,412,69667,197500,514,36.212856,-79.1929741,39,,,
1278,522,69653,288000,613,36.0792554,-79.1049084,69,,,
1916,672,59571,233500,773,35.92347410000001,-79.2230844,29,,,
1152,434,,175000,434,35.9059939,-79.0753797,49,,,
1492,637,36840,305400,740,35.920060299999996,-79.074106,31,,,
1555,549,142440,459000,569,35.936950200000005,-79.0952393,25,,,
1588,641,39086,151100,734,36.0684854,-79.037945,28,,,
3182,1252,56250,170300,1372,36.0940855,-79.2358801,20,,,
2072,805,47364,86900,852,35.176937200000005,-76.9082002,33,,,
947,400,48750,137000,609,35.0551695,-76.8912067,36,,,
1619,432,43250,101600,500,35.1782391,-76.8085133,34,,,
705,294,27000,78400,415,35.1610856,-76.7452454,33,,,
691,309,26378,70600,577,35.1954972,-76.7261767,33,,,
598,269,28594,128300,526,35.2566157,-76.5586397,51,,,
1015,517,46250,197200,669,35.0056657,-76.8513413,32,,,
744,355,72521,154500,708,34.9874365,-76.7779267,29,,,
800,418,55625,308700,587,35.031657200000005,-76.6764177,28,,,
1565,722,55000,270500,975,35.114002500000005,-76.6255826,24,,,
859,330,45000,88700,485,35.086471,-76.7814264,40,,,
1127,501,51417,241900,818,35.010994399999994,-76.7186678,27,,,
0,0,,,0,35.216046500000004,-76.4369069,,,,
766,313,,126300,396,36.307992999999996,-76.2393582,48,,,
725,300,,100000,319,36.297881200000006,-76.2392762,65,,,
1069,425,39732,104700,550,36.29312120000001,-76.2085552,72,,,
1080,426,37690,85500,523,36.307199100000005,-76.2255802,2018,,,
507,313,18958,106300,403,36.2962542,-76.2200946,2018,,,
755,285,48542,96300,443,36.287391299999996,-76.2098005,57,,,
2393,374,58214,120600,504,36.2780367,-76.2062684,46,,,
1720,667,17714,81000,788,36.2891675,-76.2278287,45,,,
2868,1096,65125,171200,1207,36.2800791,-76.3223906,26,,,
2807,1079,46450,93300,1113,36.386329499999995,-76.3966757,25,,,
1145,367,50074,150700,540,36.386399,-76.29726,30,,,
2191,835,47917,169300,859,36.339254499999996,-76.226855,39,,,
2516,842,54950,172500,942,36.329599200000004,-76.2873755,38,,,
3724,1290,56250,256500,1324,36.2484242,-76.1654066,20,,,
0,0,,,0,36.105864000000004,-76.0961849,,,,
849,338,,211400,338,36.1545848,-76.1802136,33,,,
640,309,58036,134300,420,36.1860305,-76.1142297,36,,,
642,335,48783,132800,434,36.3028294,-76.2301001,76,,,
997,321,55625,144400,390,36.2984696,-76.2294697,78,,,
903,326,28782,69800,438,36.3084724,-76.2172391,67,,,
271,203,,87800,230,36.286182000000004,-76.2191331,51,,,
960,507,18935,140600,544,36.2900137,-76.2383108,40,,,
3888,1479,70011,179100,1757,36.2485214,-76.2777782,25,,,
2328,838,48871,173200,941,36.34134470000001,-76.264638,31,,,
2200,807,48719,164600,959,36.254033899999996,-76.2317022,22,,,
1535,705,59628,167500,746,36.207240000000006,-76.2385581,30,,,
173,84,107000,531300,703,34.3635393,-77.6314255,35,,,
809,345,103281,370200,916,34.416351399999996,-77.5762819,19,,,
1191,521,54952,160800,1036,34.43641829999999,-77.5727119,23,,,
1576,609,40189,156300,1155,34.4550875,-77.5642622,29,,,
3831,1299,67768,256100,1456,34.4166976,-77.6310681,20,,,
2599,1136,66250,200600,1337,34.385912700000006,-77.6505216,17,,,
3171,1097,83456,279300,1232,34.3591321,-77.695466,18,,,
2305,906,65517,329500,983,34.3772209,-77.6697113,22,,,
5104,1818,57412,218800,2001,34.4353139,-77.7461475,15,,,
1562,538,47000,128300,740,34.6646992,-77.7681481,28,,,
1631,700,36341,107000,812,34.6608958,-77.9225752,34,,,
839,332,60000,98900,387,34.6815923,-78.0802845,44,,,
2504,921,42592,144300,1077,34.5055979,-77.9462191,29,,,
1952,414,32000,179500,469,34.5716013,-77.9448306,46,,,
1250,522,34145,121200,724,34.581767,-77.8786692,25,,,
2318,876,40900,116900,1048,34.5904517,-78.1002537,25,,,
1227,434,34091,93200,512,34.553269799999995,-78.1844899,36,,,
1696,716,35481,91200,873,34.4059549,-78.1092291,31,,,
3515,1193,40083,143400,1291,34.4486284,-77.9634417,30,,,
1714,753,42146,167200,808,34.417842799999995,-77.9120811,26,,,
1458,496,52976,188800,589,34.4108985,-77.9947429,24,,,
203,113,71875,582100,612,34.34017720000001,-77.6827098,33,,,
2848,988,68750,249700,1171,34.4325552,-77.6162606,18,,,
476,225,51528,268300,1287,34.4237396,-77.5475222,29,,,
3112,1022,94348,347100,1064,34.323701,-77.7414919,23,,,
723,317,55245,96100,412,34.536739700000005,-77.7005223,22,,,
2096,687,41691,103000,762,34.6449455,-77.9992205,40,,,
1242,532,41000,111700,631,34.5727581,-78.0081443,37,,,
2525,762,57579,167400,842,34.527136799999994,-77.8666222,29,,,
1282,458,39167,122600,614,34.4807622,-78.1283696,27,,,
2088,952,58816,202900,1057,34.403222,-77.8470655,24,,,
0,0,,,0,34.3492469,-77.6031266,,,,
0,0,,,0,36.0823489,-76.2033856,,,,
1134,502,37308,153000,608,36.303335,-76.4915327,33,,,
569,237,52784,175300,379,36.2368842,-76.395492,17,,,
1064,576,33636,136500,657,36.1825245,-76.4695518,52,,,
2221,978,48125,171900,1020,36.196813399999996,-76.3426012,28,,,
976,428,,211800,548,36.135735499999996,-76.2686353,28,,,
1242,460,36188,137500,560,36.199727,-76.4849432,53,,,
2573,1137,59315,274000,1366,36.1223592,-76.40134,22,,,
1491,714,41146,169700,811,36.2070487,-76.4497024,41,,,
667,227,74036,160800,269,36.1708237,-76.5236227,33,,,
0,0,,,0,36.0573609,-76.3074336,,,,
1522,660,42826,163500,918,36.110353700000005,-76.4665117,36,,,
1306,525,49922,166800,598,36.2659343,-79.100577,40,,,
3364,1390,64387,138800,1429,36.2738651,-78.9932861,24,,,
2230,861,50688,121000,1042,36.4880389,-78.8654393,29,,,
1585,574,49031,114500,609,36.371766799999996,-78.9260481,25,,,
2054,774,55694,107900,1065,36.396856,-78.8494363,34,,,
1928,782,58500,96200,1347,36.4971351,-79.0620841,30,,,
1496,643,49417,126500,819,36.4236981,-79.0947836,32,,,
1140,520,26929,84700,555,36.401754700000005,-78.981557,63,,,
1834,654,26471,,750,36.4049427,-78.9607628,38,,,
1007,448,28611,9999,647,36.4171528,-78.9763629,50,,,
1133,590,27500,115500,681,36.4285506,-78.9742718,48,,,
702,263,33705,172900,342,36.3842569,-78.989282,53,,,
1204,507,45163,133900,551,36.3940442,-78.996608,45,,,
1506,519,51701,117500,519,36.3455454,-78.9498259,17,,,
2142,879,54583,153300,973,36.2879188,-78.8354291,31,,,
1448,619,55703,156900,671,36.259071999999996,-78.9137813,28,,,
2109,708,59302,115100,891,36.3096927,-78.9305834,24,,,
2183,843,36377,86900,983,36.351136,-79.0127596,32,,,
995,338,67500,96500,374,36.316215299999996,-79.0092954,26,,,
754,341,81705,153600,372,36.313719799999994,-79.1175887,45,,,
1734,583,45508,147700,593,36.3590946,-79.0566602,38,,,
911,431,49013,89700,487,36.423654,-78.9261172,37,,,
963,416,32231,86300,465,36.3863362,-78.9656441,56,,,
1324,571,43080,87700,648,36.4998483,-78.9528886,36,,,
1933,775,81736,127400,775,36.4221018,-79.0221538,42,,,
320,190,17647,82300,242,36.419155200000006,-78.9563833,41,,,
1604,579,40188,93000,673,35.678414000000004,-77.4141232,27,,,
2753,998,45086,103500,1330,35.6662408,-77.2996172,19,,,
3863,1169,45221,54900,1269,35.5995345,-77.3000329,20,,,
367,143,48817,115300,180,35.597651299999995,-77.5888253,55,,,
1222,516,22813,95400,618,35.5757869,-77.5659162,43,,,
2312,762,32056,200200,928,35.5780716,-77.5972827,23,,,
942,389,,109100,389,35.576700200000005,-77.526357,33,,,
3295,1570,34343,119200,1711,35.591299400000004,-77.4554368,20,,,
2481,881,79018,175100,1011,35.552704600000006,-77.4779986,16,,,
1428,716,13354,83300,750,35.5969544,-77.3793056,39,,,
1477,406,,,546,35.6007763,-77.3725385,20,,,
1112,401,36766,172400,492,35.613678799999995,-77.3624613,67,,,
1481,698,12339,350000,882,35.610679499999996,-77.3737632,13,,,
793,338,68500,89100,388,35.81370689999999,-77.399687,53,,,
667,308,27151,57500,388,35.800524200000005,-77.3871836,57,,,
1183,485,58031,72200,485,35.729919,-77.2951423,26,,,
926,316,24934,76100,374,35.7833591,-77.3194838,39,,,
634,279,13512,100800,322,35.604786100000005,-77.3853569,43,,,
1559,541,53750,87700,625,35.592647899999996,-77.392816,44,,,
714,251,45938,,282,35.4467684,-77.3341734,33,,,
1114,413,60221,158700,599,35.406313700000005,-77.2671797,35,,,
857,341,42054,82200,374,35.657354299999994,-77.5829336,52,,,
719,318,33750,64100,401,35.641388,-77.6435664,38,,,
2103,801,54266,93100,920,35.549221100000004,-77.1826808,35,,,
2344,946,61389,173200,986,35.524066600000005,-77.2718869,26,,,
1752,626,32461,77200,705,35.362302,-77.3936272,26,,,
1862,739,40795,93000,822,35.3896,-77.4271188,49,,,
1889,693,44365,109900,782,35.6462744,-77.3827785,34,,,
1496,431,16406,56200,456,35.636311,-77.3511433,40,,,
448,178,79722,165500,178,35.594176899999994,-77.3698503,49,,,
1623,828,37406,120300,945,35.6101787,-77.3438593,26,,,
1189,563,13730,211300,687,35.605613299999995,-77.3497491,41,,,
2094,819,40598,111300,934,35.5970856,-77.343704,45,,,
1065,413,56250,166800,459,35.5977917,-77.3507887,44,,,
1010,397,26369,96100,437,35.451555299999995,-77.4403913,33,,,
1190,469,48109,64600,611,35.432863899999994,-77.4299154,40,,,
1481,623,47548,93600,742,35.421728200000004,-77.3811139,35,,,
1075,449,29750,116200,472,35.4860304,-77.3962486,38,,,
1653,619,63102,156500,729,35.474641,-77.4712735,23,,,
1628,601,38104,119400,676,35.6070005,-77.4803373,29,,,
1377,474,35391,,521,35.7078506,-77.4754643,25,,,
2012,764,23854,48300,1034,35.616446,-77.3975843,32,,,
567,314,22500,80700,329,35.6072024,-77.3912585,61,,,
592,306,12581,60200,367,35.611379,-77.3853868,67,,,
3443,1076,26228,,1327,35.5991607,-77.3278612,17,,,
1557,788,51359,179500,914,35.5885217,-77.3382442,24,,,
2036,802,51270,247000,910,35.588851500000004,-77.324628,24,,,
1664,757,77063,141500,899,35.576162,-77.3376885,30,,,
2178,956,48250,141800,1210,35.581308,-77.3853358,42,,,
1570,671,72462,290900,671,35.56525560000001,-77.3772047,26,,,
2143,1037,47440,245300,1052,35.5591661,-77.3853471,21,,,
3546,1540,26329,91300,1926,35.5760463,-77.3590861,17,,,
1857,946,43125,329800,1095,35.5750009,-77.3678735,30,,,
2496,1343,41451,452700,1489,35.5682675,-77.3601518,23,,,
4532,2173,29053,83800,2500,35.614224,-77.4135325,20,,,
3389,1537,42163,122200,1676,35.5888586,-77.4150558,18,,,
3404,1559,40625,140600,1683,35.58647979999999,-77.4065367,15,,,
2678,1467,21813,154500,1574,35.5756333,-77.4129808,20,,,
4214,1584,44579,156300,1832,35.5647763,-77.4277644,17,,,
2534,952,50761,168500,1136,35.55122720000001,-77.4219032,17,,,
2251,906,36031,170800,964,35.559495,-77.3979172,30,,,
549,182,24537,75800,227,35.615270100000004,-77.3816737,2018,,,
2206,763,71339,179600,799,35.5932533,-77.246287,22,,,
3504,1260,73008,172600,1329,35.524551,-77.4205442,15,,,
3673,1368,87873,162500,1540,35.5696454,-77.2585082,23,,,
1457,528,84219,162500,601,35.5650686,-77.3356711,36,,,
2140,759,84522,172700,806,35.5447329,-77.3135229,25,,,
2796,1029,98934,133900,1043,35.511824299999994,-77.3962775,15,,,
2627,1171,52604,144000,1171,35.5366689,-77.3914586,29,,,
1363,560,54150,97600,768,35.549549,-77.3688408,15,,,
2726,1311,47633,262100,1311,35.546161299999994,-77.3570056,22,,,
1240,484,78333,137200,484,35.4709066,-77.4409164,54,,,
3584,1067,36908,27900,1272,35.6669048,-77.433324,23,,,
1364,489,57925,84800,582,35.6638783,-77.2189404,26,,,
1047,427,72768,138000,462,35.5977652,-77.5549601,63,,,
1648,518,76929,161100,518,35.61566129999999,-77.5897632,26,,,
662,273,14835,,369,35.6091578,-77.3630825,60,,,
1707,642,57979,70100,746,35.7255756,-77.4346907,21,,,
823,295,8646,,381,35.5955595,-77.3860722,40,,,
4449,1667,49196,137200,1906,35.49999129999999,-77.3322179,20,,,
2657,941,60221,206600,1076,35.622024200000006,-77.4820748,23,,,
1001,464,57986,146900,564,35.68668710000001,-77.5588666,25,,,
868,294,,154500,294,35.483005600000006,-77.2304622,32,,,
1188,519,74449,174800,594,35.59527,-77.358127,57,,,
2548,114,7500,,219,35.6067238,-77.3653993,35,,,
1202,493,21297,,586,35.6042834,-77.3351935,14,,,
941,406,22696,90900,491,35.6119179,-77.3568588,51,,,
789,343,71635,196100,377,35.5876765,-77.357452,53,,,
2047,900,86905,205100,988,35.577669,-77.3497461,30,,,
1436,563,56089,109800,750,35.5700702,-77.389822,31,,,
2752,1113,78788,180100,1139,35.573437799999994,-77.2880146,27,,,
2165,902,55278,174000,975,35.5659445,-77.3138763,24,,,
855,368,38158,166100,421,35.5394789,-77.401171,24,,,
3907,1425,102194,183900,1425,35.517312100000005,-77.3681068,17,,,
1175,554,30985,97900,670,35.4889249,-77.4393034,45,,,
2831,12,,,12,35.6011175,-77.3620489,,,,
1690,745,42023,155800,965,35.2790597,-82.0585835,26,,,
1744,676,53500,177600,740,35.2242681,-82.0172783,28,,,
2783,1304,52944,228500,1588,35.228110799999996,-82.1165615,31,,,
1508,559,52014,235300,634,35.234668400000004,-82.1758162,33,,,
1846,817,52169,171000,1000,35.2545914,-82.1935747,33,,,
2020,779,47344,158500,1036,35.3558851,-82.2085662,25,,,
2151,748,52868,326200,1046,35.3204669,-82.1342052,24,,,
746,397,41305,265000,730,35.282612,-82.261783,30,,,
1142,587,37292,218200,676,35.2452718,-82.2245636,38,,,
1120,636,36579,284200,777,35.2087507,-82.2130829,46,,,
1650,885,55234,222800,1120,35.212466799999994,-82.2805157,47,,,
2058,914,48571,241100,1362,35.2350923,-82.3063989,50,,,
1275,408,30263,59700,499,35.7307018,-79.7175778,26,,,
1430,582,43771,94600,617,35.7732963,-79.6871052,46,,,
1449,540,50288,75500,647,35.8041549,-79.7536456,27,,,
1502,445,40352,59500,489,35.752693799999996,-79.7618526,26,,,
1173,347,40182,,380,35.783295700000004,-79.7163307,34,,,
1079,544,40598,133800,544,35.6575101,-79.8395249,37,,,
3558,1165,52109,119900,1215,35.652289700000004,-79.8814465,33,,,
1696,785,41938,127300,877,35.703055,-79.8077147,57,,,
724,292,33621,139500,292,35.6995131,-79.7935886,54,,,
988,439,38750,116000,537,35.5557859,-79.6008978,36,,,
1872,684,45000,114300,693,35.6408112,-79.6383745,31,,,
1027,340,48750,141000,499,35.657679200000004,-79.5712369,45,,,
1370,494,31667,84000,602,35.8500035,-79.5870506,47,,,
1473,640,43611,121800,732,35.836155600000005,-79.5489405,32,,,
1155,560,37250,139700,620,35.8869683,-79.597937,35,,,
775,266,51707,150000,434,35.8490818,-79.6231518,40,,,
1210,527,64583,150600,588,35.71616289999999,-79.8321514,55,,,
768,372,44357,89300,440,35.825987,-79.8109768,38,,,
658,220,22065,95900,274,35.6912216,-79.8409738,63,,,
2480,983,80474,253600,1095,35.7360115,-79.8470819,33,,,
1893,841,25740,107100,982,35.8193708,-79.8048606,52,,,
2346,1010,42351,106900,1076,35.9045403,-79.9656115,40,,,
769,455,36350,97200,490,35.9117059,-79.9598034,30,,,
2279,852,38667,113500,887,35.6682901,-79.8256322,40,,,
1107,610,33013,89900,693,35.705066200000005,-79.8260399,32,,,
2653,914,44194,122600,1155,35.688108899999996,-79.7614051,39,,,
1776,721,60960,119800,761,35.6591386,-79.6962914,32,,,
902,352,54167,179900,374,35.9005991,-80.0038292,32,,,
1879,752,57548,148200,879,35.8870794,-80.0262457,36,,,
1377,517,44702,155100,565,35.7699388,-79.6307233,42,,,
1466,657,52578,162500,674,35.7659417,-79.5764918,36,,,
642,238,33910,,238,35.8653342,-80.0268042,35,,,
2275,940,26386,113300,1059,35.7427804,-79.7874862,40,,,
933,392,43250,114100,428,35.563856200000004,-80.0190812,21,,,
1794,652,55208,105100,825,35.654915,-80.0053696,28,,,
1920,788,45879,110100,831,35.56347279999999,-79.7094723,27,,,
1667,651,44276,93500,684,35.5417015,-79.7896302,37,,,
2387,836,30705,93300,1025,35.659411799999994,-79.7996557,30,,,
819,346,49519,97500,417,35.6733552,-79.8141487,58,,,
916,513,38074,107800,562,35.6945045,-79.8086428,59,,,
529,291,,81900,369,35.7124426,-79.8181136,40,,,
1336,465,24297,108200,593,35.71890629999999,-79.6201226,43,,,
1783,740,30875,77800,803,35.868249299999995,-79.7822801,33,,,
2783,1011,59228,154500,1209,35.8881018,-79.7391965,25,,,
2340,901,66201,127000,950,35.849520399999996,-79.6759988,28,,,
2166,872,61429,135800,955,35.8212944,-79.7796953,24,,,
1446,639,54732,117100,740,35.859356,-80.0032218,36,,,
852,277,23854,73100,298,35.8282657,-80.0035231,28,,,
631,265,55847,146700,277,35.908395500000005,-79.953558,27,,,
2419,944,78704,205100,944,35.903419899999996,-79.9366041,18,,,
1013,354,60000,140200,404,35.8500646,-79.9666433,36,,,
2132,684,64844,129400,753,35.8782779,-79.964166,36,,,
1575,554,23833,91800,792,35.7102186,-79.7969773,45,,,
2091,763,37257,75100,769,35.757700299999996,-79.8136336,25,,,
1940,813,37168,137000,837,35.78752120000001,-79.8852411,26,,,
1098,477,47041,115300,524,35.7912205,-79.847501,30,,,
1263,484,69583,178200,628,35.802800899999994,-80.0282389,20,,,
1259,461,41338,132300,461,35.7868279,-79.987081,23,,,
918,389,31715,140100,418,35.8271878,-79.8774273,25,,,
2792,1061,54909,112000,1081,35.8547177,-79.9168768,41,,,
1670,650,58529,127200,727,35.826102299999995,-79.9176233,39,,,
1934,805,42531,109300,883,35.8991356,-79.8981151,37,,,
2022,882,55233,121600,947,35.8696535,-79.8157701,31,,,
1152,334,51250,79300,343,35.7236347,-79.7784038,44,,,
2820,1066,54464,144800,1162,35.6917222,-79.9032555,32,,,
1450,680,25658,140900,784,35.7013369,-79.8199181,43,,,
1348,562,36855,104400,610,35.9134027,-79.9853519,43,,,
2733,1019,51645,115000,1059,35.6964974,-79.700823,26,,,
1172,541,29665,71800,553,35.91448629999999,-80.0231872,53,,,
1469,605,31021,106400,767,35.7323912,-79.8176658,47,,,
1370,557,59250,156100,600,35.8089308,-79.6260344,25,,,
1542,528,45000,91400,670,35.7116624,-79.658544,50,,,
3484,1348,35102,88400,1505,35.7573394,-79.7987534,27,,,
3233,1238,40446,114700,1326,35.5800896,-79.8783724,31,,,
2766,1078,53824,167100,1151,35.620536200000004,-79.7784085,28,,,
1392,572,46094,133000,630,35.684522799999996,-79.8024641,41,,,
699,257,51328,115900,257,35.723910100000005,-79.8011775,40,,,
2585,1031,44858,116100,1118,35.752819099999996,-79.9330436,25,,,
2348,957,52620,112200,1046,35.7271361,-79.9963213,27,,,
1014,437,70990,130400,437,35.8025461,-79.9462401,26,,,
2131,796,43466,120700,866,35.8738209,-79.8774209,30,,,
1693,633,61131,182900,738,35.8516252,-79.7505441,24,,,
3681,1247,40554,117100,1291,35.7838685,-79.7968141,25,,,
2906,1036,70481,160300,1085,35.8365652,-80.0401642,20,,,
1993,841,61853,126100,841,35.8902056,-79.9521306,37,,,
523,226,34766,139300,267,35.8869357,-79.9820197,43,,,
745,263,31696,96700,312,34.9403695,-79.773887,48,,,
1438,584,30625,63200,633,34.8343136,-79.6939328,29,,,
1896,826,25608,69200,881,34.9066234,-79.6428169,34,,,
789,362,22333,105900,487,34.939808,-79.7611924,56,,,
1185,520,36078,49200,597,34.869507,-79.7466981,30,,,
1111,479,37013,94600,496,34.889798799999994,-79.7239834,37,,,
1334,579,42928,98900,579,34.892652899999995,-79.7115103,67,,,
1006,451,39306,63700,492,34.8438599,-79.8325564,39,,,
685,268,28043,57700,294,34.9182302,-79.7874915,44,,,
750,261,20156,91200,261,34.9061302,-79.7730536,58,,,
892,456,28689,77000,577,34.9620206,-79.7906899,41,,,
681,241,,51300,324,34.937222799999994,-79.8351694,33,,,
455,242,24583,60300,280,34.9634559,-79.7734132,46,,,
1406,613,43101,90300,717,34.9953303,-79.7536563,42,,,
661,242,74750,128300,272,34.9566266,-79.7402485,53,,,
1115,453,49735,99500,540,34.9483009,-79.7428335,52,,,
2396,735,62917,170800,748,34.995935700000004,-79.6631461,26,,,
493,191,47639,,262,35.0622656,-79.6316618,49,,,
863,294,30655,80600,559,34.8905321,-79.6971534,60,,,
1812,693,25553,62100,854,34.9078294,-79.6954324,40,,,
484,245,13728,91000,245,34.9312774,-79.7574158,57,,,
821,304,28438,,398,34.92984439999999,-79.7786383,59,,,
483,182,,71500,208,34.92034879999999,-79.7704356,64,,,
963,392,23372,52000,448,34.9136242,-79.7617415,57,,,
1476,710,42553,101200,962,35.135630600000006,-79.7406625,40,,,
1920,772,54138,76600,843,35.07386760000001,-79.7253942,32,,,
1460,378,27159,51200,455,35.039441700000005,-79.4932374,22,,,
1047,446,24000,55000,542,34.8682199,-79.6965562,34,,,
841,323,67679,177300,323,34.949641899999996,-79.7621258,53,,,
949,380,51563,116600,451,34.8779802,-79.7161349,55,,,
483,164,34831,75900,180,34.9044448,-79.7324287,42,,,
598,305,42131,76100,326,34.885188799999995,-79.7787843,48,,,
1873,847,46448,81000,982,34.892142,-79.8324547,42,,,
696,344,42176,83600,464,34.981071,-79.8188435,33,,,
1104,497,39063,88600,526,34.961207200000004,-79.7508298,46,,,
1708,638,63710,96700,638,34.9387591,-79.6459562,25,,,
2514,1053,25987,63100,1125,34.9209435,-79.7271948,30,,,
652,378,18444,65700,433,34.907527200000004,-79.7541955,44,,,
1413,584,36500,70200,660,35.093607399999996,-79.872323,32,,,
1111,424,50203,115200,454,34.9591567,-79.7155751,27,,,
880,427,18843,88100,552,34.9233809,-79.7578085,41,,,
2666,882,48839,81200,942,34.686444,-78.8673414,27,,,
1227,500,19464,46200,541,34.509093,-79.0844645,44,,,
1355,616,34135,70000,769,34.4726344,-79.1474968,36,,,
949,421,25694,56500,493,34.4519369,-79.1197796,41,,,
3092,997,25444,41700,1168,34.803956400000004,-79.1406581,30,,,
1371,495,23006,45200,599,34.804413000000004,-79.2060293,45,,,
943,366,28571,79300,495,34.803701700000005,-79.1767833,47,,,
1287,472,,104000,584,34.8214661,-79.2123651,50,,,
1041,396,24483,69000,508,34.6189217,-78.9393986,36,,,
1657,602,40802,93300,664,34.555306099999996,-78.886787,28,,,
1016,432,47708,78100,477,34.5180761,-78.9157154,29,,,
548,234,22500,85000,270,34.5467063,-79.338636,52,,,
1175,470,35833,85000,519,34.517654799999995,-79.2671786,44,,,
1258,440,27619,58200,546,34.4420822,-79.2108562,32,,,
427,161,30938,64000,236,34.6166409,-79.0053447,62,,,
1018,360,30658,98500,435,34.6251816,-79.0098006,67,,,
842,257,25917,28800,307,34.6148267,-78.9942211,63,,,
795,299,30536,61300,346,34.575581899999996,-79.0873405,36,,,
1578,598,22031,78100,685,34.7374028,-79.3556802,41,,,
870,249,33603,64500,296,34.7079278,-79.3226759,35,,,
1141,389,30304,58200,484,34.648061600000005,-79.3973706,26,,,
2108,749,30273,62100,851,34.6445602,-79.3330597,31,,,
1318,527,41250,106100,620,34.6312879,-79.0171144,61,,,
807,298,48333,148000,320,34.6386493,-79.013737,52,,,
843,361,23359,81900,385,34.618744899999996,-78.9840409,39,,,
3333,1088,31971,66300,1179,34.8344799,-78.9248107,26,,,
1439,639,47250,91900,699,34.8366723,-79.0063417,43,,,
1291,363,37303,76100,441,34.8310184,-78.9647299,30,,,
1169,423,33831,69200,423,34.780407000000004,-78.9924935,38,,,
1295,505,35777,77100,571,34.9201162,-79.0285249,32,,,
1796,746,30565,70200,923,34.880281,-79.0740846,31,,,
1749,578,33167,62600,670,34.645861,-79.1068145,31,,,
2219,721,35718,69400,746,34.6674838,-79.0867542,25,,,
2101,755,33932,69000,844,34.894651,-78.9887482,27,,,
2527,842,37692,48800,961,34.7998471,-79.0585043,30,,,
2385,777,32465,57000,877,34.8123292,-79.2992531,30,,,
1827,598,65185,81300,686,34.7630105,-79.2422096,32,,,
1850,602,59375,89100,674,34.7254254,-79.2609517,36,,,
1489,496,38250,80300,549,34.7458527,-79.1927923,28,,,
2263,776,37000,76900,811,34.7457633,-79.1303327,31,,,
2091,702,42083,80500,787,34.7078138,-79.21836,33,,,
1628,565,37063,109200,628,34.692510600000006,-79.168279,26,,,
1454,218,42500,128900,243,34.692607,-79.2093037,32,,,
1900,595,19798,86100,661,34.681079499999996,-79.1831746,40,,,
1808,644,43250,93500,693,34.64715,-79.158717,31,,,
1554,492,37407,70700,560,34.7401485,-79.0285484,31,,,
1875,675,54602,119700,771,34.6782811,-79.0191001,31,,,
773,250,45690,,258,34.6865097,-79.0677019,22,,,
1492,242,21563,48100,345,34.596707,-79.0484314,36,,,
846,304,20313,59300,492,34.611709000000005,-79.0600533,51,,,
819,252,15000,51900,389,34.614737299999994,-79.0275861,44,,,
1633,554,27024,66800,806,34.5919063,-78.9997035,44,,,
3510,1328,61905,194700,1463,34.6871989,-78.9836236,28,,,
1174,455,82788,222900,510,34.646024100000005,-79.0070311,40,,,
1734,568,19271,107000,641,34.644691200000004,-78.989447,30,,,
1156,385,36550,106300,414,34.6283296,-78.973698,38,,,
734,303,20121,,320,34.6127417,-78.9672824,27,,,
1263,474,32632,66300,535,34.4943848,-78.9744468,28,,,
2464,844,38788,68700,922,34.5135915,-79.0419586,29,,,
536,233,26250,66500,287,34.4399485,-79.0048754,45,,,
3823,1093,36139,64400,1248,34.6497964,-79.2302012,30,,,
2589,830,33578,73900,870,34.589620700000005,-79.1859267,33,,,
824,293,48313,100000,352,34.5329154,-79.1925196,34,,,
1163,407,38375,61000,480,34.551140999999994,-79.1138954,31,,,
1682,609,34950,74900,729,34.7409906,-78.9163636,27,,,
1299,520,28409,82500,673,34.4984013,-79.1456289,61,,,
1455,538,56452,71300,647,34.625520200000004,-78.8706621,34,,,
770,301,24844,54400,358,34.5685056,-79.3034942,44,,,
1154,446,27500,67700,508,34.3898542,-79.1423078,41,,,
602,239,39519,116000,286,34.6337128,-79.0040373,65,,,
1251,407,30739,45000,491,34.5954386,-78.9763282,55,,,
1562,565,38160,76800,635,34.621181299999996,-78.9931217,56,,,
864,279,41467,68000,326,34.628994399999996,-78.9942935,56,,,
1401,512,24444,67400,739,34.7356169,-79.3251575,50,,,
810,263,33264,78300,302,34.7880477,-78.9455692,37,,,
1185,455,21806,65500,525,34.8001059,-78.9655936,53,,,
2835,1002,27279,58400,1071,34.6983314,-79.1225126,27,,,
1544,505,19583,95500,576,34.6772349,-79.2139007,41,,,
2438,671,33185,67000,762,34.7140115,-79.0563163,30,,,
2463,850,40405,82900,936,34.6532583,-79.0435815,28,,,
422,102,,73500,163,34.6196885,-79.0223036,43,,,
1242,391,49271,92600,442,34.663016799999994,-78.9497153,27,,,
800,190,33065,,220,34.6434268,-78.9716259,25,,,
2581,907,36382,63400,1054,34.5554838,-78.9862659,25,,,
1038,422,29815,78200,502,34.3881455,-79.0640649,39,,,
1934,596,26552,64000,689,34.6059416,-79.2603323,35,,,
1877,594,27917,72500,699,34.8471065,-79.1227189,31,,,
1325,419,34926,61400,463,34.76343,-79.2934677,26,,,
1167,557,36581,103900,630,36.2701585,-79.5582762,33,,,
731,433,17417,88500,523,36.3028743,-79.6554223,34,,,
936,397,44395,119900,541,36.5120443,-79.6053109,41,,,
1646,665,52434,109200,730,36.4673912,-79.6023874,44,,,
1615,544,57083,135000,678,36.5015593,-79.8430507,34,,,
1155,508,49722,112000,622,36.513348799999996,-79.92443,32,,,
765,362,42875,89200,432,36.481224,-79.7763427,58,,,
771,346,40263,94700,488,36.4896064,-79.7710436,65,,,
822,397,43507,135500,518,36.3398156,-79.9497002,39,,,
2524,994,43813,150400,1100,36.2832575,-79.9691798,26,,,
1483,549,39361,104500,623,36.348043700000005,-79.9881241,34,,,
1723,749,41417,120000,875,36.3910354,-79.9700192,56,,,
2300,893,27873,104400,930,36.2740792,-79.62041,31,,,
854,394,32833,91800,513,36.3313952,-79.6260498,48,,,
944,500,40556,92900,595,36.4976449,-79.7500154,44,,,
1552,498,50290,96100,581,36.4239012,-79.5639327,27,,,
706,266,58409,138500,361,36.4702636,-79.5466209,37,,,
1370,542,46625,94300,641,36.50790670000001,-79.7345181,42,,,
956,468,23403,69200,565,36.495765999999996,-79.7733863,73,,,
1155,574,26810,84400,601,36.500986600000005,-79.7844871,50,,,
634,241,40729,86600,241,36.4121349,-79.9441032,44,,,
959,445,24596,82700,463,36.4131802,-79.9670552,60,,,
2258,909,65361,167100,944,36.3205829,-79.8650849,32,,,
677,270,37177,115400,293,36.3881907,-79.7334794,53,,,
1344,561,66042,158500,589,36.403185,-79.703568,32,,,
1069,416,,153000,429,36.4656035,-79.6951714,43,,,
1695,723,28369,82000,901,36.49780620000001,-79.6973747,62,,,
1181,484,28409,54900,626,36.5151299,-79.7012538,69,,,
1859,629,73523,137000,664,36.282098100000006,-79.9189246,26,,,
1884,648,58810,146800,746,36.373069,-79.760962,40,,,
839,374,31500,67000,548,36.358308799999996,-79.6652781,65,,,
1538,660,35763,101200,837,36.3732828,-79.6861988,45,,,
1218,428,40066,55200,588,36.3687706,-79.6546031,57,,,
1159,486,29643,,818,36.505634,-79.7657477,2018,,,
1296,463,25662,102300,650,36.5194493,-79.7816517,46,,,
830,303,53229,93400,461,36.449221,-79.919546,43,,,
1990,759,46895,124200,803,36.4616739,-79.8675806,37,,,
1504,636,81774,153600,838,36.423639200000004,-79.8718402,34,,,
586,232,50833,100500,314,36.492539,-80.0030095,37,,,
1258,391,58906,99700,491,36.460171100000004,-79.9673128,40,,,
1861,706,49054,85400,857,36.388484000000005,-80.0185582,46,,,
698,405,24107,108700,444,36.4352035,-79.9724606,43,,,
1347,649,65268,159400,790,36.3252917,-79.6781382,36,,,
1843,803,43125,138800,980,36.3447125,-79.6741542,64,,,
2438,1083,26336,112100,1125,36.3402094,-79.6902843,40,,,
1305,503,58008,129900,619,36.3043263,-79.6907659,42,,,
584,315,26771,46500,414,36.3472664,-79.6594999,63,,,
1820,731,52321,163900,816,36.2646008,-79.7243037,25,,,
1786,658,70455,268500,722,36.291472799999994,-79.8192955,20,,,
1457,516,32321,80900,571,36.349512,-79.6460135,57,,,
1389,501,50592,104100,617,36.409654100000004,-79.6610714,51,,,
1125,409,40179,108000,502,36.4846304,-79.8968961,49,,,
1364,460,51378,120900,530,36.4867914,-79.8002704,44,,,
1294,413,88125,,465,36.2956845,-80.006574,18,,,
1340,551,53964,159400,702,36.336873499999996,-79.7648824,38,,,
1429,681,25797,66100,768,36.368579,-79.6719124,68,,,
1928,743,49063,77200,786,36.5264821,-79.7398699,42,,,
1840,722,34125,55000,804,36.5323111,-79.7614406,66,,,
1757,681,46696,99000,925,36.3293462,-79.5765486,31,,,
686,262,46548,98900,308,36.388803100000004,-79.6127135,34,,,
1197,651,38221,182400,785,36.4924625,-79.7310591,40,,,
1437,608,29545,89700,770,36.5256852,-79.812072,33,,,
1262,529,30750,79300,564,36.409677,-79.9759854,59,,,
1525,623,54712,116100,735,36.3669704,-79.88608,33,,,
891,347,59583,160800,383,36.4558382,-79.7494572,57,,,
1420,619,54543,114600,679,36.4392706,-79.7865095,43,,,
1048,477,40647,73300,504,36.513540500000005,-79.6640794,49,,,
1003,384,52206,124600,491,36.29412670000001,-79.7425165,38,,,
1243,477,63568,133900,530,36.423013700000006,-79.7533224,40,,,
1325,467,85536,231800,576,35.7094473,-80.474001,45,,,
1553,531,42031,132500,671,35.7144994,-80.4449946,44,,,
1108,518,17500,111400,574,35.664217,-80.4598253,49,,,
1163,508,36855,87900,508,35.657365999999996,-80.4520272,49,,,
1256,563,90087,302900,700,35.6858881,-80.4606115,49,,,
1759,312,50000,91100,375,35.6860498,-80.4878334,49,,,
529,345,36932,216700,449,35.665194299999996,-80.4784103,69,,,
2102,1010,26944,114500,1044,35.6635494,-80.4904217,74,,,
2027,666,66630,179000,812,35.6103214,-80.4494166,26,,,
1121,435,55382,140300,535,35.6243812,-80.4433013,36,,,
1101,457,37450,103600,609,35.6482848,-80.4637976,50,,,
2805,1200,46316,127600,1286,35.6372168,-80.4761709,19,,,
1607,510,38833,68200,540,35.681531899999996,-80.5311336,23,,,
2553,876,59375,129500,1060,35.6797875,-80.664364,29,,,
2019,829,45461,179900,941,35.6875901,-80.3576604,34,,,
1541,604,80573,240300,664,35.64882539999999,-80.3467654,33,,,
841,321,71123,142300,453,35.538031700000005,-80.6288202,58,,,
2404,917,61549,148200,958,35.529129499999996,-80.5555563,39,,,
1997,749,47321,92200,809,35.5191559,-80.5958527,65,,,
1240,405,39432,150500,554,35.50804229999999,-80.5832079,24,,,
876,338,50000,159200,338,35.5528482,-80.6104338,59,,,
1384,589,51783,102700,631,35.5440648,-80.6034836,62,,,
1460,543,33286,91100,652,35.6750489,-80.4792269,47,,,
1577,560,58000,124300,560,35.5456825,-80.3972111,37,,,
2154,842,42976,113600,1015,35.538208000000004,-80.4423601,25,,,
1756,679,51159,,768,35.5210055,-80.3795304,27,,,
767,327,61875,131500,333,35.584269299999995,-80.4658957,42,,,
1834,825,41514,129600,964,35.5222359,-80.4999877,26,,,
2193,810,46071,95700,1030,35.5505826,-80.4761887,29,,,
1479,624,66974,135300,751,35.7519391,-80.595055,23,,,
2392,891,56760,143500,1002,35.579623100000006,-80.5248432,38,,,
1489,433,44219,105100,591,35.6182717,-80.5065152,38,,,
2162,712,66667,202800,784,35.6481158,-80.5335182,26,,,
1562,679,45313,131400,894,35.65269620000001,-80.5105072,17,,,
1340,525,50268,93700,568,35.5625678,-80.5812024,60,,,
2307,926,46143,192400,1000,35.5912626,-80.6010279,28,,,
2045,652,36500,111600,740,35.586978,-80.5695845,47,,,
589,230,59514,,230,35.5672924,-80.5942331,32,,,
2587,1133,22144,108200,1266,35.693435,-80.5218396,29,,,
975,495,53570,107400,536,35.6875929,-80.5029227,51,,,
608,345,59602,141000,425,35.7098127,-80.5081832,22,,,
1066,345,84125,146000,345,35.7045405,-80.5298203,41,,,
952,343,20536,81400,455,35.6798205,-80.4299012,52,,,
694,211,48875,107700,282,35.696141,-80.4117915,62,,,
569,198,42727,122300,297,35.6647652,-80.4148915,43,,,
711,255,55015,91400,255,35.6926155,-80.4304041,59,,,
835,340,37311,124400,517,35.7114213,-80.4176305,49,,,
894,322,61250,81400,373,35.6862952,-80.4406482,51,,,
689,272,39500,91800,304,35.6974629,-80.4403759,2018,,,
2487,877,41952,109400,983,35.6376782,-80.5606794,28,,,
1979,471,63393,101000,520,35.6086075,-80.5496771,33,,,
2271,636,72798,117700,726,35.616780600000006,-80.5734081,25,,,
1058,511,46534,143300,634,35.718299200000004,-80.5600763,19,,,
979,374,54352,178800,407,35.732502200000006,-80.5239755,25,,,
2034,757,31911,72400,886,35.516105200000005,-80.6229367,49,,,
954,354,,108500,354,35.5071792,-80.6287281,2018,,,
578,238,69722,116200,309,35.5124533,-80.6398711,32,,,
1537,583,39363,133500,679,35.529145299999996,-80.6694984,44,,,
1604,629,36992,104800,725,35.5157335,-80.6546013,50,,,
2417,829,44704,112500,947,35.5240265,-80.7180474,28,,,
719,285,57902,154800,339,35.5600853,-80.7204659,50,,,
1768,529,61583,106800,557,35.547313,-80.6804287,41,,,
2275,771,63750,185600,920,35.6161944,-80.6378934,25,,,
2199,788,61929,136500,930,35.595169899999995,-80.6919428,29,,,
1543,562,66818,131000,639,35.7561402,-80.6676169,27,,,
672,227,,235700,302,35.667033700000005,-80.4692024,2018,,,
766,303,35801,99300,414,35.6575246,-80.495797,61,,,
1252,596,50982,139400,781,35.5754149,-80.3742246,40,,,
2469,1012,61635,147000,1086,35.5962321,-80.4082702,31,,,
704,298,43438,156400,435,35.579634000000006,-80.2994769,35,,,
654,238,37188,80600,386,35.5552439,-80.3232522,38,,,
1908,740,44714,135200,824,35.7504885,-80.48269,39,,,
2137,753,54617,149800,795,35.6467123,-80.435483,34,,,
673,261,,134100,308,35.687125099999996,-80.4768176,59,,,
1111,411,46914,150000,490,35.5940657,-80.4438917,36,,,
1255,433,58264,151400,510,35.5825771,-80.446752,33,,,
1270,411,,96100,487,35.656307299999995,-80.4770342,69,,,
1929,825,58750,197500,861,35.677964700000004,-80.5654042,40,,,
2049,804,46786,118300,925,35.6785363,-80.7395193,34,,,
838,322,46875,214800,588,35.6085503,-80.276713,32,,,
2091,821,53036,119500,956,35.5660131,-80.6306161,44,,,
2111,741,45066,84500,785,35.508742,-80.6074014,64,,,
1747,566,67344,148800,719,35.56482329999999,-80.5536795,41,,,
977,470,75278,173900,470,35.700911,-80.5000283,29,,,
772,271,34750,74700,375,35.67318770000001,-80.445957,44,,,
1057,481,51952,100200,738,35.7897433,-80.5861475,42,,,
1562,629,47591,97000,888,35.6761359,-80.4606482,76,,,
1566,512,42115,85200,626,35.5282496,-80.6206615,48,,,
1533,245,18854,82400,421,35.6745751,-80.4940087,58,,,
1961,723,50375,114300,924,35.560154499999996,-80.4133511,43,,,
1302,496,51543,215100,610,35.5992446,-80.4849026,22,,,
1958,650,43125,159700,723,35.8064106,-80.6923794,25,,,
1897,742,42912,134700,742,35.608885799999996,-80.3550875,32,,,
985,459,37117,153000,581,35.5353311,-80.2540429,29,,,
750,359,64263,285300,1092,35.4178809,-82.1554374,27,,,
756,320,43452,114700,388,35.3435255,-81.9458723,27,,,
408,158,,83400,293,35.3727264,-81.949631,74,,,
847,505,47940,121900,505,35.3537167,-81.9647967,33,,,
1432,483,38036,133700,685,35.39678060000001,-81.944391,45,,,
710,332,39219,141300,529,35.3433083,-81.8558314,64,,,
778,475,45625,165800,608,35.361996500000004,-81.8948878,32,,,
1455,493,23466,82900,548,35.35187929999999,-81.8717198,45,,,
568,209,66094,155400,263,35.3677498,-81.8698975,44,,,
1864,668,54853,172400,750,35.2970972,-81.9866377,32,,,
2014,873,57519,159300,1105,35.4211151,-81.9881499,27,,,
1575,507,45625,134100,652,35.3780886,-82.0630125,28,,,
1456,505,47969,125300,551,35.436898600000006,-82.0590377,27,,,
664,313,60938,269000,765,35.4771959,-82.1617046,31,,,
795,324,,124000,324,35.380370899999996,-81.7306023,41,,,
2129,782,46579,88100,852,35.3393371,-81.7391417,35,,,
952,389,,74200,653,35.3196739,-81.770938,33,,,
2824,1046,43828,72800,1170,35.29146779999999,-81.8081527,56,,,
895,290,45192,79500,352,35.2858528,-81.7604218,41,,,
578,208,43510,96000,376,35.2519894,-81.7608681,65,,,
2257,880,38316,80000,986,35.2329711,-81.8245898,37,,,
1315,426,43767,128800,600,35.2969385,-81.8360337,48,,,
1247,531,,,629,35.279898200000005,-81.8474441,36,,,
1585,499,38494,107200,512,35.2972439,-81.8665703,36,,,
1050,468,28634,,547,35.339082700000006,-81.8909411,47,,,
1020,455,,133100,472,35.324386700000005,-81.8450855,60,,,
615,201,22361,91500,336,35.3272329,-81.8678553,59,,,
1350,497,53750,89100,720,35.3497669,-81.9238476,61,,,
940,323,,79400,414,35.369355,-81.9091342,58,,,
2461,991,30790,114100,1351,35.505571200000006,-81.8730208,33,,,
1794,747,55578,136000,828,35.5062155,-81.7542138,25,,,
1057,438,53286,113000,514,35.4137833,-81.8227511,50,,,
1598,626,41154,121000,790,35.231401399999996,-81.9068768,29,,,
1131,446,58542,119300,503,35.2885863,-81.891537,38,,,
1156,461,54402,196300,544,35.355931899999995,-81.9755508,27,,,
1562,730,49054,151400,857,35.371623,-81.9871518,45,,,
633,304,24348,79200,391,35.3663386,-81.8335103,32,,,
2023,752,48452,172800,876,35.321800599999996,-81.9555947,35,,,
2117,887,35509,147400,1173,35.4955066,-82.0541862,36,,,
632,291,57708,344100,957,35.4873921,-82.2112383,33,,,
1690,730,36250,111300,958,35.3672295,-81.7958888,44,,,
944,347,21319,128500,548,35.3314931,-81.8075614,29,,,
564,250,52813,219600,702,35.4243156,-82.2346056,33,,,
1610,559,39946,65500,700,35.2569259,-81.7966471,51,,,
839,325,37125,96100,453,35.196984,-81.7977028,38,,,
1703,685,32614,119800,745,35.3269656,-81.9069778,44,,,
1081,591,15912,129800,637,35.3183237,-81.8687187,58,,,
642,348,20172,138700,461,35.3279625,-81.8795868,58,,,
1461,505,27370,71300,598,35.3735211,-81.9269175,48,,,
1928,489,42455,101100,554,35.4180937,-81.8987621,33,,,
2070,732,43947,111100,837,35.2654151,-81.9205836,34,,,
1007,592,33500,,621,35.37273629999999,-81.9605692,43,,,
525,227,42083,46700,261,34.860733,-78.223388,25,,,
1747,542,42800,82600,685,35.064809999999994,-78.4830454,34,,,
1975,682,31280,99400,711,35.02627879999999,-78.4099337,41,,,
1285,498,54352,125000,552,34.9819003,-78.424468,30,,,
1041,468,28942,94700,526,34.9193255,-78.2968794,22,,,
1061,407,37109,88800,433,34.99231939999999,-78.3254845,47,,,
1454,416,32037,92400,462,34.9804911,-78.3287993,42,,,
1685,540,34531,78100,649,34.8114591,-78.4274156,28,,,
1087,441,34740,114400,502,34.9079531,-78.4421566,27,,,
2167,954,42921,78300,1048,34.9938025,-78.5933044,31,,,
594,218,66250,75000,356,34.948255100000004,-78.5368515,44,,,
1018,548,30667,83600,634,35.0016379,-78.538851,39,,,
1227,493,15066,104400,534,34.9953226,-78.3132065,59,,,
2258,728,39605,,793,34.9997008,-78.2599016,29,,,
1885,602,40887,83600,795,35.046478799999996,-78.2927558,28,,,
900,369,31964,114300,393,35.0080047,-78.32031,62,,,
1157,360,31667,115500,451,35.1054906,-78.2124586,30,,,
1252,431,43203,72300,467,35.0970289,-78.3001668,27,,,
1042,329,,132900,516,35.1325119,-78.3293276,36,,,
814,298,45833,,298,35.0411172,-78.1815847,24,,,
1296,563,34345,126500,650,35.2558218,-78.3631439,44,,,
2274,670,67143,98400,772,35.1254528,-78.4302804,36,,,
1449,495,42083,116400,609,35.0425315,-78.3404209,35,,,
495,262,24667,90000,335,35.00556829999999,-78.3282432,62,,,
835,315,14886,76700,342,35.001816299999994,-78.3349382,50,,,
2021,830,46859,94700,951,35.2626792,-78.5301416,26,,,
1893,752,60000,151800,766,35.2329771,-78.559249,26,,,
1064,378,56768,89200,466,35.1565044,-78.5095467,30,,,
2617,814,47885,118100,958,35.1292459,-78.588151,32,,,
1185,497,55956,,724,34.7507503,-78.2483728,25,,,
1296,484,41250,70800,523,34.661916600000005,-78.2522725,36,,,
1052,466,38611,68600,640,35.0125119,-78.5049105,42,,,
1817,631,44063,80000,729,34.9482456,-78.2687041,32,,,
1409,550,43446,103400,616,34.9455518,-78.3517218,27,,,
1014,308,21265,78900,349,34.73438779999999,-78.3632802,27,,,
774,361,26172,74900,454,34.9396992,-78.4815397,41,,,
1514,677,38598,173200,734,35.0136297,-78.359232,41,,,
1207,477,53819,133600,498,35.0137025,-78.3125433,46,,,
1564,475,28508,49000,591,35.1709097,-78.2370218,45,,,
1297,577,39321,70500,612,34.9536388,-78.172482,26,,,
1270,575,31295,70300,779,35.220949499999996,-78.2873702,48,,,
1743,611,57396,86500,819,35.2138713,-78.4462853,43,,,
2496,792,35169,76300,836,35.191795,-78.5924833,28,,,
1848,657,53504,84800,791,35.072228499999994,-78.5854288,34,,,
1957,769,33034,90600,1000,34.842338,-78.3013091,38,,,
713,279,35536,97500,342,34.7916623,-79.4779693,56,,,
1244,472,25313,68200,550,34.7977005,-79.4476141,45,,,
871,361,14256,34200,470,34.7706722,-79.4561221,75,,,
1339,475,42601,83600,656,34.9143273,-79.3768081,46,,,
1642,421,48897,85900,434,34.7455561,-79.4409112,36,,,
1513,678,45526,59700,841,34.9441615,-79.4649771,28,,,
1693,711,42264,59900,808,34.8376765,-79.3848105,26,,,
1511,582,43611,79800,664,34.89536210000001,-79.5103333,36,,,
2417,922,42031,75100,988,34.6962891,-79.4499611,30,,,
784,320,37031,78500,381,34.828117,-79.5421213,43,,,
1598,596,44394,125000,749,34.7235886,-79.5470142,37,,,
1127,462,32250,65000,564,34.7880151,-79.6278408,38,,,
1239,485,65052,117400,518,34.722674700000006,-79.4908875,39,,,
2155,839,48750,112800,906,34.7341446,-79.5132856,42,,,
1825,748,52222,128000,891,34.761528000000006,-79.5049013,30,,,
548,285,54712,111600,363,34.771209899999995,-79.4874312,50,,,
1882,633,26902,175000,716,34.7726061,-79.4716394,54,,,
1176,477,14628,54000,577,34.7898146,-79.440669,48,,,
708,279,25096,45500,327,34.771068,-79.4416399,63,,,
1021,329,23589,75700,403,34.7803488,-79.4425875,46,,,
802,290,14573,61200,378,34.761708399999996,-79.4631571,47,,,
484,249,29904,81500,321,34.8140813,-79.4729036,43,,,
2381,266,52222,102000,291,34.781341999999995,-79.3777859,32,,,
1153,423,44899,83400,449,34.79247120000001,-79.5438443,44,,,
2222,848,32598,61100,903,34.8246216,-79.5877144,29,,,
743,460,14755,,526,34.760622,-79.4742063,46,,,
471,223,13785,62000,279,34.7632664,-79.4535307,53,,,
2411,864,48167,125600,898,35.3384521,-80.3098694,35,,,
2667,1035,66696,159500,1130,35.286455600000004,-80.3943582,27,,,
1997,910,53409,158300,910,35.2599263,-80.4414701,29,,,
2332,856,67035,171300,963,35.2080999,-80.4060166,32,,,
807,339,39081,147300,344,35.2758287,-80.3215065,39,,,
1593,640,50299,119500,871,35.2035441,-80.3278201,43,,,
670,316,60469,156900,353,35.234399100000005,-80.2960424,48,,,
1012,349,41292,114300,396,35.2504784,-80.2390206,25,,,
1406,645,42730,115900,686,35.2059194,-80.2014209,31,,,
1718,653,52063,133500,761,35.3108397,-80.1348525,50,,,
859,411,59338,253600,570,35.272127399999995,-80.1382005,42,,,
1102,402,44688,88800,706,35.232866200000004,-80.1106552,55,,,
720,288,73472,83700,337,35.196225,-80.1342757,56,,,
549,194,35755,,263,35.356049,-80.1991822,63,,,
985,434,59500,180800,453,35.3667333,-80.1878178,43,,,
1159,406,,,406,35.3481576,-80.1747043,50,,,
862,358,46622,106800,469,35.344297600000004,-80.190611,56,,,
621,286,50500,110300,336,35.3572282,-80.1909577,66,,,
1477,648,45388,143000,850,35.3334145,-80.2426555,38,,,
1100,324,43065,63900,392,35.3484381,-80.2223601,67,,,
586,233,36620,105800,254,35.3427057,-80.2094376,58,,,
1048,360,62500,113900,404,35.4649593,-80.2467988,40,,,
2227,835,63003,158800,987,35.418424,-80.3009991,44,,,
1067,441,44013,126400,571,35.4552279,-80.1586686,25,,,
1294,488,74259,110200,645,35.4240744,-80.1728833,48,,,
1985,832,57945,145800,895,35.3668413,-80.0832621,28,,,
1025,405,47109,89100,489,35.4078461,-80.1071954,2018,,,
1079,456,48289,96700,527,35.3944327,-80.1922017,59,,,
1111,450,63125,121600,496,35.3933559,-80.206749,54,,,
1633,621,41354,143800,731,35.379256700000006,-80.2411592,61,,,
1296,432,29853,77800,491,35.3574275,-80.2100576,71,,,
1173,530,59063,206200,565,35.3515599,-80.3621108,30,,,
1266,306,39808,144600,360,35.490479799999996,-80.2650661,49,,,
1510,533,43533,126500,598,35.439649200000005,-80.2182927,41,,,
1519,364,40357,112300,475,35.403456799999994,-80.1443975,47,,,
1672,596,65192,140900,669,35.377151700000006,-80.1705023,32,,,
487,286,42333,69300,368,35.3765312,-80.2105263,68,,,
2411,885,58713,150900,956,35.1975217,-80.4570073,29,,,
1675,562,50972,153400,624,35.290856299999994,-80.2770425,34,,,
2781,1078,56000,142200,1179,35.247883,-80.3504528,39,,,
802,370,44593,114400,436,35.30254779999999,-80.2147063,41,,,
934,303,93354,136400,319,35.30177929999999,-80.1834609,44,,,
1710,692,45848,80300,741,35.2278882,-80.1583165,44,,,
1037,472,42361,182600,785,35.188614799999996,-80.0804089,46,,,
1218,561,38438,136100,610,35.3593474,-80.1803463,46,,,
521,268,,105400,369,35.350469700000005,-80.1869034,57,,,
1075,423,54188,105000,484,36.3452914,-80.0740983,35,,,
1621,769,41771,86000,953,36.5022187,-80.0782643,34,,,
913,330,41250,,427,36.4014376,-80.1191734,30,,,
2137,946,35375,118500,1058,36.427251,-80.3922429,26,,,
1014,495,40819,126500,696,36.51096879999999,-80.3949215,53,,,
2308,838,59932,175800,1006,36.323294,-80.2468851,31,,,
1900,875,40764,116900,1006,36.3647275,-80.1684354,35,,,
1118,459,48878,79000,459,36.303806200000004,-80.2233562,34,,,
1187,469,23750,116800,567,36.2831826,-80.0759755,34,,,
1185,555,,141500,627,36.3097308,-80.1652742,31,,,
1351,631,45368,95100,681,36.263152500000004,-80.1668929,47,,,
1481,603,39640,106400,736,36.329353499999996,-80.1198474,43,,,
1558,625,47396,141700,866,36.3935052,-80.2662145,37,,,
998,455,39306,124800,540,36.477481899999994,-80.2119358,36,,,
1582,435,55104,113600,509,36.3032153,-80.4287241,27,,,
2381,1058,50298,144700,1176,36.3682536,-80.3558482,42,,,
1274,578,46250,141500,626,36.274989399999995,-80.4199038,30,,,
1132,606,41625,143700,683,36.2674815,-80.3464051,32,,,
2886,971,79183,159200,1065,36.2943206,-80.3660899,32,,,
1151,474,36950,108700,474,36.3193889,-80.338592,29,,,
504,244,46250,136500,244,36.312424,-80.3660963,33,,,
1660,771,69313,159300,771,36.28139470000001,-80.3241155,35,,,
1744,723,42875,100300,785,36.329801700000004,-80.3232016,28,,,
1576,706,43824,81300,811,36.402982200000004,-80.0742574,28,,,
992,419,47989,146600,542,36.4947945,-80.1446388,22,,,
1107,494,46441,124700,682,36.4886781,-80.3242614,32,,,
726,337,50066,122900,435,36.4865955,-80.2503116,41,,,
1566,640,46731,152400,728,36.3655719,-80.4375514,38,,,
1586,787,35154,105900,825,36.2666847,-80.3815394,37,,,
2464,908,47034,140800,983,36.28983970000001,-80.3948097,37,,,
1728,678,44409,119800,741,36.2823015,-80.3021211,36,,,
694,316,48750,137500,342,36.452449,-80.8085722,21,,,
681,372,38145,118800,487,36.416351399999996,-80.894334,40,,,
1401,545,31406,111600,633,36.342856,-80.8686274,42,,,
864,322,46829,92700,361,36.303185799999994,-80.8634681,50,,,
864,317,73594,131100,369,36.250952399999996,-80.86618,69,,,
1816,651,55234,175000,763,36.2511986,-80.8437469,59,,,
1095,464,47045,108600,585,36.4375141,-80.6887053,38,,,
1143,390,47500,117600,437,36.3838614,-80.6681662,31,,,
1611,624,45909,151500,672,36.411139399999996,-80.7459086,41,,,
1244,396,58571,126000,419,36.3730073,-80.7384314,34,,,
821,355,45893,130200,377,36.3666516,-80.702473,27,,,
1792,617,36763,107800,793,36.3131774,-80.7277326,36,,,
1726,712,33929,112200,782,36.397830299999995,-80.6294715,36,,,
1989,809,47361,96000,900,36.306769700000004,-80.653429,30,,,
1867,719,53490,118200,857,36.3279586,-80.5867419,39,,,
1550,623,56042,146700,669,36.3981907,-80.4664408,40,,,
852,384,36646,164300,457,36.3624428,-80.4651688,44,,,
1230,516,45086,126200,658,36.521172,-80.4749297,32,,,
784,294,41346,113300,322,36.491708,-80.4631491,33,,,
1377,523,43984,118900,608,36.4642866,-80.5115315,28,,,
1492,635,35677,128800,698,36.4110972,-80.5413539,40,,,
876,330,32115,86200,414,36.5432163,-80.561506,36,,,
1216,590,26638,75400,684,36.5080046,-80.5821803,48,,,
1179,494,33611,98900,512,36.4589396,-80.5733709,27,,,
1109,429,38750,116900,457,36.488328,-80.5889078,47,,,
993,451,50139,106300,514,36.549105700000005,-80.5945303,38,,,
1562,689,19338,102000,805,36.5053068,-80.6103818,56,,,
1172,553,47298,164500,655,36.516904600000004,-80.5999056,38,,,
1355,616,33214,160100,864,36.4959523,-80.6084443,72,,,
1366,459,17198,84100,566,36.4873785,-80.603513,47,,,
947,373,57361,130200,448,36.5418714,-80.6353354,49,,,
1016,351,48472,110700,351,36.507339,-80.6527313,35,,,
876,364,28594,84800,409,36.5056136,-80.631929,40,,,
740,324,29766,92900,399,36.4898143,-80.6292139,53,,,
1068,459,36927,96000,599,36.4561366,-80.6148451,40,,,
839,350,52143,157700,388,36.47296420000001,-80.6634176,26,,,
1143,530,29363,87800,568,36.5199028,-80.7330404,38,,,
1326,502,66429,152200,554,36.496778000000006,-80.6854223,36,,,
868,336,57321,131700,362,36.472562100000005,-80.7248086,29,,,
812,346,46667,84400,377,36.5403747,-80.7693142,25,,,
1705,647,29679,129200,728,36.5013877,-80.7919361,27,,,
1017,433,50625,117600,464,36.3767785,-80.8131359,27,,,
831,340,29375,84300,591,36.2672477,-80.8553979,41,,,
1657,715,53024,161500,772,36.3014527,-80.8227531,39,,,
1369,495,36838,115100,560,36.3999853,-80.7035818,41,,,
1389,479,63417,134000,585,36.3231086,-80.7755958,31,,,
1152,412,51857,111100,473,36.4041015,-80.5847604,31,,,
1824,727,52009,135300,816,36.2961037,-80.4972325,32,,,
1583,546,71302,176800,715,36.3600713,-80.4977578,32,,,
1765,610,47879,156900,765,36.4385055,-80.4800738,25,,,
990,414,45000,70300,483,36.538207899999996,-80.5338818,28,,,
882,457,38352,110700,559,36.490299799999995,-80.5674725,33,,,
749,377,25208,108900,471,36.5194156,-80.6268996,35,,,
1160,485,64306,262700,522,36.5475477,-80.6149166,35,,,
789,381,41551,168600,434,36.5193457,-80.6090857,65,,,
1928,775,46792,135100,821,36.5442157,-80.6581049,29,,,
1343,570,34750,101800,679,36.4760898,-80.6240846,54,,,
887,341,40850,104900,454,36.522446200000005,-80.6939699,38,,,
1723,651,29125,136300,1023,36.487531,-80.8740743,45,,,
1245,498,28333,111000,738,35.437097200000004,-83.4667799,36,,,
1010,434,47344,159300,680,35.46245089999999,-83.4629491,28,,,
1064,402,31583,64500,566,35.5454448,-83.2551315,28,,,
1102,456,40000,114300,608,35.496041399999996,-83.3042437,33,,,
1229,453,43657,166800,1016,35.4129521,-83.5675134,32,,,
900,374,32209,163200,956,35.307869000000004,-83.6164298,39,,,
1927,682,34273,167800,1483,35.3751255,-83.3713825,24,,,
1061,448,45053,124500,583,35.3387121,-83.4567736,38,,,
763,341,27463,117200,460,35.4474756,-83.4219548,30,,,
2968,963,43802,107600,1242,35.471425,-83.363433,33,,,
985,392,29000,128200,577,35.422149299999994,-83.4466284,44,,,
0,0,,,42,35.5108912,-83.5202655,,,,
727,260,40625,191500,281,35.324164700000004,-82.706753,34,,,
2687,1013,41286,161500,1138,35.280671500000004,-82.6803738,39,,,
2033,902,70208,309000,1194,35.220504299999995,-82.6830515,33,,,
1752,970,68103,282800,1647,35.1452875,-82.7427117,30,,,
2039,874,48173,190000,1177,35.171051899999995,-82.651339,29,,,
1702,668,40262,175900,766,35.2100794,-82.816653,42,,,
957,364,63889,225000,463,35.175434,-82.778726,40,,,
1517,682,42755,151100,1091,35.0918814,-82.830846,31,,,
929,269,33828,,372,35.25977,-82.7056314,51,,,
985,500,47664,218900,809,35.225126700000004,-82.7293859,61,,,
1448,641,36370,210500,694,35.2265056,-82.7172491,61,,,
478,286,30313,247300,286,35.2208227,-82.7354892,61,,,
1619,757,72804,261500,1011,35.2613316,-82.7511075,26,,,
805,317,36656,178700,465,35.2315486,-82.7390428,59,,,
1158,488,39022,166600,1185,35.0814213,-82.9429903,28,,,
696,328,51136,346600,1081,35.1567026,-82.9616496,29,,,
2095,890,46442,221300,1045,35.242192200000005,-82.634261,28,,,
1273,522,56125,206700,610,35.2862544,-82.6379794,40,,,
499,262,37708,220300,495,35.11476629999999,-82.7162379,28,,,
722,259,27104,,503,35.2503574,-82.8704007,39,,,
1356,582,36719,183300,771,35.245014700000006,-82.7147903,44,,,
1116,404,49083,236900,404,35.2093467,-82.7288464,47,,,
1692,640,67864,220300,686,35.1946248,-82.7532627,40,,,
2735,1021,35750,190500,1090,35.2401417,-82.8000581,43,,,
493,224,46389,171700,296,35.144625399999995,-82.8975358,43,,,
894,388,21875,77300,526,35.9341667,-76.2305008,56,,,
687,380,24934,125800,426,35.9154189,-76.3353019,35,,,
1474,389,51528,140400,632,35.961808700000006,-76.1361422,38,,,
1064,474,48333,102400,645,35.7552958,-76.1936375,38,,,
0,0,,,0,36.024073,-76.0942078,,,,
1206,438,51713,117000,491,35.0006282,-80.3608058,53,,,
1709,629,47534,138000,727,34.9650472,-80.3584872,48,,,
637,261,56726,176400,283,35.0163731,-80.3194764,43,,,
2315,783,78967,290000,838,35.064927000000004,-80.5652984,23,,,
2136,741,75126,188000,741,35.0660436,-80.5090891,27,,,
1838,673,73563,178800,769,35.0992074,-80.4983169,37,,,
2948,885,80404,193900,934,34.8773078,-80.6035217,23,,,
1835,704,50403,134800,756,34.855819,-80.5721489,35,,,
2577,749,80923,195900,749,34.8328311,-80.6701311,31,,,
2799,868,73333,247000,989,35.1157612,-80.373894,36,,,
1636,560,63698,182500,794,35.1141186,-80.316365,36,,,
2311,894,63750,237700,969,35.074828499999995,-80.4467967,22,,,
1433,519,90551,292100,519,35.1743251,-80.5614853,24,,,
1675,575,58984,190000,692,35.1598297,-80.478871,31,,,
1097,487,39606,218600,535,35.1327222,-80.5640354,37,,,
2308,809,69375,189100,829,35.1038062,-80.6071108,18,,,
4113,1319,98586,257400,1349,35.079313299999995,-80.5915833,10,,,
2724,947,79570,171800,988,35.076860100000005,-80.6248487,20,,,
1616,469,37610,206000,469,35.067972499999996,-80.6119632,20,,,
2924,925,60559,154800,925,35.0522257,-80.6075315,14,,,
2733,792,62692,151200,792,35.0336403,-80.6271864,21,,,
3187,1021,76435,174900,1112,34.9996359,-80.6267142,14,,,
2757,1081,75216,184800,1143,35.027043299999995,-80.6545173,16,,,
1305,532,74300,163300,532,35.0248941,-80.6348112,14,,,
935,325,57670,184200,352,35.0120955,-80.6563286,25,,,
1710,637,75906,236100,666,34.976899700000004,-80.6414317,18,,,
2259,834,100357,240000,873,35.131809999999994,-80.6199839,26,,,
2164,750,125676,388100,779,35.12685220000001,-80.6417756,18,,,
1353,511,59191,127800,521,35.1134837,-80.634621,40,,,
1043,419,61220,213900,431,35.1103041,-80.66012,21,,,
4097,1203,77962,188000,1217,35.09781629999999,-80.6466285,17,,,
2059,847,49750,135900,893,35.085365700000004,-80.6622194,39,,,
2403,880,59125,153100,880,35.0710731,-80.6373176,22,,,
3151,1158,81591,259500,1190,35.0735944,-80.7143082,14,,,
1708,713,73920,213500,777,35.076215600000005,-80.6955638,16,,,
3036,873,146719,527900,873,35.0548736,-80.7091008,15,,,
3275,1222,81806,228100,1246,35.0360766,-80.5769611,23,,,
2426,899,56563,153600,1044,35.0167081,-80.5395468,28,,,
2506,818,50878,153900,853,34.8538244,-80.3619857,28,,,
1609,678,48333,152500,763,34.8940922,-80.4940588,35,,,
1363,506,39352,155900,558,34.8369454,-80.4788545,32,,,
2709,689,179226,517300,689,34.9684067,-80.7793413,8,,,
3939,1108,140595,423300,1172,34.9558151,-80.7806441,11,,,
2793,957,126648,469900,980,35.04161,-80.716141,25,,,
3928,1150,138542,450300,1206,35.0217267,-80.7354087,20,,,
1931,663,137014,341600,759,35.00980620000001,-80.7044534,22,,,
1889,578,158684,457900,578,34.9989256,-80.7008715,11,,,
1845,624,125588,356400,638,34.9457917,-80.73232,16,,,
3544,1010,135438,398300,1056,34.9742994,-80.7201361,10,,,
2481,878,80769,227200,938,34.9374724,-80.7399678,19,,,
2161,707,57875,194900,729,34.9098315,-80.767543,26,,,
2171,810,62895,173600,966,34.8469696,-80.7616771,27,,,
2471,820,73036,214200,851,34.8639981,-80.724612,23,,,
2000,711,75804,258200,757,35.0397883,-80.6798747,16,,,
2484,876,64375,208800,900,35.0525585,-80.6631984,20,,,
2418,736,92000,225400,759,35.0400576,-80.6608539,13,,,
2502,724,99063,264200,724,35.0263378,-80.6742205,12,,,
2036,619,74250,159600,640,34.9910919,-80.596212,19,,,
1127,501,51146,124300,515,34.976619299999996,-80.610923,30,,,
2277,829,40514,134000,863,34.99552429999999,-80.5624458,32,,,
687,227,16439,137500,262,34.9940866,-80.5512593,64,,,
3111,1065,65774,148900,1121,34.9676929,-80.5908641,21,,,
894,284,29634,108300,293,34.9800501,-80.5624703,54,,,
1347,471,51021,125200,535,34.9657946,-80.553272,55,,,
2271,851,56681,167200,923,34.9507275,-80.5630572,40,,,
1172,333,36895,95000,333,34.984094799999994,-80.5188917,42,,,
833,281,45884,123500,281,34.9729047,-80.4838372,38,,,
2049,635,28692,99400,799,34.97841629999999,-80.5345661,46,,,
1932,589,48073,128000,665,35.007929299999994,-80.4606421,27,,,
3787,948,46210,135200,992,35.015319,-80.4281625,26,,,
2282,719,43417,144100,790,34.9712902,-80.4443048,35,,,
2027,703,57165,172700,822,34.922354399999996,-80.4438434,33,,,
4380,1277,103646,319500,1381,34.9705147,-80.6767542,,,,
1513,542,111944,368600,577,34.944235600000006,-80.6863631,18,,,
1544,578,55221,162500,697,34.9503434,-80.6382996,23,,,
1583,571,56836,180500,623,34.926858700000004,-80.6140025,34,,,
1486,523,55417,174700,576,34.9057204,-80.6656851,29,,,
2959,866,192661,444600,894,35.0242891,-80.779977,15,,,
2848,789,164417,413300,789,35.0176651,-80.7837167,18,,,
4433,1251,183750,668700,1281,35.0072114,-80.8192268,13,,,
2297,707,204219,760400,707,34.9984107,-80.7870713,14,,,
2675,933,89531,273600,942,35.15725870000001,-80.5956141,19,,,
1611,568,67031,232200,585,35.1232653,-80.4871827,33,,,
2553,698,91538,237200,722,35.121201899999996,-80.6245752,12,,,
2475,1011,74766,187700,1068,35.085435,-80.641085,19,,,
2334,856,59722,168800,893,35.0786034,-80.6773785,25,,,
1992,839,79688,215500,881,35.050703399999996,-80.6881305,27,,,
1261,433,50050,172500,450,35.0058973,-80.3949869,46,,,
921,359,57708,172600,367,34.9281924,-80.3530468,27,,,
970,371,51339,199200,371,35.0992041,-80.5659774,46,,,
2830,892,154250,494300,892,34.9847876,-80.8058981,14,,,
3024,808,148750,514300,850,34.9748532,-80.753727,12,,,
1176,358,125000,656700,358,34.9978648,-80.761208,26,,,
2997,871,131750,380800,923,34.9996397,-80.6769171,14,,,
3004,952,86071,257300,1095,34.9289349,-80.7757211,9,,,
707,326,50278,185900,326,34.9150071,-80.7110643,24,,,
1724,546,103953,307700,566,35.05015039999999,-80.6537275,14,,,
1480,530,57292,142800,555,35.0137735,-80.5990421,22,,,
2914,963,41411,262900,1055,35.0149842,-80.4941551,26,,,
2270,830,36549,136100,867,35.0194615,-80.5834165,35,,,
2315,524,38333,96600,558,34.9917706,-80.5415496,49,,,
1686,537,40344,117600,564,34.981073200000004,-80.5508997,60,,,
2718,826,68229,184900,854,34.9477837,-80.5289465,37,,,
2132,794,55068,104900,810,36.1953964,-78.4554059,32,,,
1587,694,41875,87500,822,36.2416981,-78.3995407,33,,,
1090,389,29489,65900,468,36.3758409,-78.3221154,33,,,
1491,575,62375,172400,749,36.3909887,-78.3791971,38,,,
1885,791,36806,128600,856,36.326567600000004,-78.4343995,44,,,
1116,452,80469,222700,509,36.311797799999994,-78.4430507,41,,,
2744,959,48411,102000,1067,36.374272999999995,-78.4636716,31,,,
1198,471,,166800,525,36.3635896,-78.4220222,34,,,
1203,625,44375,155700,721,36.2945839,-78.4843243,32,,,
1765,644,40000,93800,683,36.301593200000006,-78.3179098,38,,,
2635,848,47283,73500,914,36.2745633,-78.3398178,23,,,
2422,879,46821,71200,910,36.3376829,-78.3103897,25,,,
2349,770,33882,85000,784,36.3124605,-78.3749075,40,,,
595,236,,87400,338,36.3194701,-78.4044206,48,,,
920,277,31979,89500,432,36.3198906,-78.398178,57,,,
1124,492,15385,53700,599,36.3270531,-78.3888786,47,,,
1741,693,46012,191800,1197,36.5080382,-78.3654043,33,,,
1081,425,36164,82000,553,36.5005519,-78.4464819,39,,,
816,198,,98000,248,36.3308266,-78.4031617,28,,,
540,145,18047,,251,36.327516700000004,-78.4182977,63,,,
944,334,45750,74900,334,36.3238919,-78.4113989,68,,,
1375,501,23155,56000,597,36.3439027,-78.3729411,63,,,
872,284,28071,82800,327,36.3097028,-78.394805,50,,,
523,176,21184,55000,254,36.306147499999994,-78.4117131,61,,,
1885,717,36326,99300,865,36.2612419,-78.4439926,35,,,
1442,588,40625,76500,939,36.4645499,-78.3486765,27,,,
1308,553,41607,140500,553,36.3105443,-78.4324527,47,,,
1422,481,51949,108300,522,36.4365542,-78.478378,25,,,
900,471,14789,57300,752,36.3396474,-78.4004839,42,,,
774,233,25464,103300,292,36.3249257,-78.3959919,58,,,
480,194,30405,54900,225,36.318095299999996,-78.3890404,48,,,
1376,634,26071,94200,634,36.334718200000005,-78.4212949,38,,,
747,331,18365,60800,387,36.2921975,-78.3993139,44,,,
866,347,44050,242700,354,35.8037651,-78.6155887,61,,,
1102,609,54028,317100,647,35.790042,-78.6267099,62,,,
2058,775,157371,582200,798,35.817183299999996,-78.677893,49,,,
1334,669,91771,574200,701,35.828944799999995,-78.6730318,48,,,
453,219,72303,484800,219,35.809684399999995,-78.6888068,44,,,
1484,805,66250,180200,887,35.75713629999999,-78.7100005,25,,,
1426,764,36458,280400,875,35.7658117,-78.673369,23,,,
1259,537,82969,517300,587,35.7970781,-78.6799461,60,,,
776,313,97235,466400,329,35.79987620000001,-78.6712774,64,,,
5062,1586,46442,145300,1649,35.7507683,-78.5987045,19,,,
1779,763,93951,297300,792,35.849256200000006,-78.6339197,53,,,
1851,689,51967,142400,737,35.716396200000005,-78.645891,38,,,
2011,624,54091,145800,624,35.7060065,-78.6446074,41,,,
1220,526,104167,249300,562,35.751997499999995,-78.7566873,28,,,
1711,815,63924,237300,884,35.8592374,-78.6328153,40,,,
1555,806,54000,218000,861,35.8551654,-78.6217783,45,,,
1543,592,49286,224800,618,35.7415373,-78.4997074,30,,,
2177,721,111771,272200,763,35.7275701,-78.4532352,17,,,
1367,578,48646,189100,639,35.7720383,-78.6160527,24,,,
2404,1152,84549,461100,1364,35.834978899999996,-78.7828365,18,,,
1280,602,79306,458100,762,35.815981799999996,-78.780268,24,,,
2981,915,158047,373100,1000,36.0166321,-78.6450858,19,,,
942,542,90870,243300,542,35.822754100000004,-78.6901964,40,,,
999,417,37734,181100,498,35.7953653,-78.5992529,52,,,
2500,813,37950,135900,987,35.7941614,-78.6080313,53,,,
1023,426,44722,124900,472,35.7680221,-78.5897758,54,,,
2520,700,32000,109100,773,35.7672338,-78.6046633,50,,,
591,230,43580,159000,230,35.699895,-78.6234019,56,,,
1636,634,93137,202100,634,35.685708399999996,-78.633341,31,,,
1107,426,106833,199200,426,35.6786549,-78.6435239,24,,,
2354,827,55743,279500,872,35.796403000000005,-78.789061,29,,,
2092,897,110528,313000,939,35.8776954,-78.6707163,32,,,
1999,861,79704,196500,897,35.8764803,-78.6556552,34,,,
1465,748,64052,179400,875,35.850897100000005,-78.7174523,23,,,
1352,457,25543,128400,559,35.80461270000001,-78.3200909,51,,,
2877,877,69435,136100,877,35.827927100000004,-78.3345455,28,,,
1125,423,74918,224600,503,35.8383362,-78.2902349,36,,,
1254,411,40964,112700,426,35.8127306,-78.3390235,27,,,
1051,390,60875,195700,431,35.7775255,-78.3513258,22,,,
2736,1051,54321,123400,1095,35.7688219,-78.3825741,26,,,
2367,749,94281,175400,791,35.7662786,-78.415151,21,,,
1122,602,95735,402600,744,35.8064597,-78.6275741,70,,,
1781,713,136161,537600,921,35.808074299999994,-78.6399154,69,,,
1647,815,62312,314200,886,35.812245700000005,-78.6287242,50,,,
2323,817,76082,236500,848,35.7707604,-78.7096537,43,,,
2352,787,142386,394100,873,35.8462247,-78.6554752,51,,,
912,446,76500,351200,648,35.8392355,-78.6477699,25,,,
783,265,96359,285000,295,35.772003600000005,-78.7006635,42,,,
1061,0,,,0,35.798914700000005,-78.695952,,,,
1613,729,39623,220100,793,35.7766536,-78.7260279,38,,,
2991,1461,52694,121600,1606,35.7774218,-78.7396779,29,,,
2161,963,44816,197200,1102,35.7871641,-78.7053479,36,,,
1520,476,36250,276800,634,35.7818008,-78.6938358,34,,,
1965,681,31607,132400,699,35.7772764,-78.6911583,38,,,
1688,253,,,297,35.779689700000006,-78.6806152,31,,,
1765,627,29087,,726,35.7771706,-78.6867485,31,,,
2840,1544,72950,377000,1815,35.8317498,-78.6901723,21,,,
3041,1301,82673,337700,1599,35.8474073,-78.6680729,29,,,
1595,761,87446,402100,800,35.8537708,-78.6860954,25,,,
1026,534,56818,362800,661,35.855759,-78.6964384,18,,,
2298,906,58627,266400,965,35.850938,-78.7072113,41,,,
1571,813,22388,281100,895,35.84302720000001,-78.6385812,49,,,
1841,701,42125,344400,812,35.825535200000004,-78.6224524,46,,,
1528,624,37153,82600,811,35.8441867,-78.5932285,38,,,
3173,1294,62722,159700,1529,35.823430200000004,-78.6046066,33,,,
2549,762,47717,141400,858,35.815363,-78.595978,27,,,
1080,369,61518,171300,401,35.800676700000004,-78.5870214,39,,,
2120,651,67894,142400,776,35.835907899999995,-78.5735274,43,,,
3687,1310,60000,150200,1423,35.80880689999999,-78.5716555,24,,,
716,293,20737,,364,35.7056576,-78.6231995,46,,,
1434,456,39000,119800,456,35.7419729,-78.5569266,29,,,
1349,550,91111,258800,550,35.764050299999994,-78.7640269,40,,,
1038,387,104306,253600,425,35.75882120000001,-78.7575668,42,,,
1781,822,41429,171900,892,35.78087670000001,-78.7952165,29,,,
708,320,86042,173900,351,35.783192,-78.7852727,54,,,
1702,757,69464,272700,877,35.865651799999995,-78.6634149,36,,,
1834,715,130875,333200,744,35.868214200000004,-78.6757504,33,,,
2330,929,51875,281800,1006,35.8757687,-78.6338759,36,,,
2308,996,60921,173800,1109,35.88554370000001,-78.6348841,34,,,
1490,609,115564,241200,609,35.8812416,-78.686075,34,,,
1131,389,37337,115400,513,35.782009499999994,-78.6193802,64,,,
780,328,,144700,581,35.8704052,-78.3935021,44,,,
2476,829,81953,215000,873,35.8659331,-78.3394274,19,,,
1419,475,48839,139000,528,35.8941564,-78.3734429,36,,,
1064,503,103173,413700,508,35.7968576,-78.6353908,66,,,
729,297,24688,225000,373,35.7682765,-78.632233,57,,,
907,337,35150,380000,390,35.7636845,-78.6388897,2000,,,
965,324,176111,951800,344,35.801579700000005,-78.6502115,2018,,,
1256,482,115833,702600,534,35.803748,-78.6583447,64,,,
997,425,150515,628700,425,35.8120883,-78.6656507,60,,,
679,241,208375,725700,266,35.806248700000005,-78.6683726,59,,,
873,483,92656,543800,562,35.8107975,-78.6533196,77,,,
2765,979,33435,,1069,35.784335399999996,-78.5815231,43,,,
758,490,42969,114600,594,35.7467476,-78.6170751,48,,,
4331,1362,54025,140300,1362,35.734564899999995,-78.6218239,25,,,
2287,725,54940,135500,725,35.7527949,-78.5493109,31,,,
3856,1476,52124,140600,1476,35.7583865,-78.5693525,12,,,
2527,821,73921,185100,859,35.7040855,-78.5091572,19,,,
3912,1262,56495,139900,1318,35.708146299999996,-78.55976,15,,,
3748,1355,50053,184200,1457,35.6825314,-78.5917127,33,,,
1967,801,88583,323200,902,35.6782369,-78.6151546,21,,,
1402,402,73580,134000,402,35.6500029,-78.5553993,17,,,
1729,599,52566,159900,606,35.67338970000001,-78.5440849,42,,,
3417,1294,69191,202900,1304,35.6150893,-78.621476,22,,,
2642,911,105362,249500,911,35.629867,-78.5983161,21,,,
3192,1170,74545,178400,1215,35.634222799999996,-78.6553245,16,,,
2337,839,86027,248900,875,35.602268,-78.6713405,17,,,
4979,2346,55481,329600,2488,35.7536352,-78.7437962,16,,,
1082,420,148542,400300,420,35.731411,-78.7526037,26,,,
1406,550,126406,433000,621,35.7369585,-78.7635198,25,,,
548,268,98875,448800,301,35.723699700000004,-78.7631126,25,,,
2032,752,158095,388500,857,35.7067416,-78.7783424,22,,,
3090,1116,132375,383100,1153,35.693214399999995,-78.7438873,23,,,
1626,648,112917,368800,713,35.713361299999995,-78.7294404,31,,,
4053,2052,66364,261300,2329,35.760079100000006,-78.7223935,24,,,
1252,594,105875,396000,594,35.701889200000004,-78.7026792,25,,,
842,268,104300,334700,283,35.682451799999996,-78.7130581,17,,,
3613,1278,100313,269300,1427,35.6717365,-78.669758,15,,,
923,356,68667,175200,356,35.6928748,-78.6624038,41,,,
1311,579,55417,122600,625,35.7733893,-78.5668637,30,,,
1479,556,31909,145700,707,35.7898554,-78.5669421,17,,,
3957,1943,85694,345700,2328,35.780686700000004,-78.6392921,14,,,
1256,690,50694,630600,790,35.7879749,-78.6553993,70,,,
1049,508,44500,359500,516,35.7742911,-78.650124,2018,,,
1426,953,53661,314300,1050,35.7809506,-78.6542714,52,,,
1859,690,68750,616600,847,35.7886395,-78.6636826,76,,,
1828,923,49978,208900,1111,35.837612,-78.7172426,30,,,
1597,635,57891,152300,711,35.8312373,-78.5910003,36,,,
2997,1177,41648,142500,1270,35.7216569,-78.6121001,52,,,
6597,1931,59604,152900,2008,35.7344249,-78.5946422,16,,,
1808,682,39722,176300,748,35.7121799,-78.5958444,28,,,
1605,623,112871,352400,702,35.8993608,-78.6958938,27,,,
1267,131,19375,169600,243,35.7881732,-78.6174489,61,,,
1015,459,44973,662500,491,35.793236900000004,-78.6729393,62,,,
1229,405,155938,372800,405,35.710552299999996,-78.7985797,23,,,
1120,481,115027,274600,481,35.7709804,-78.7724313,49,,,
726,368,62628,228900,368,35.7774509,-78.7757566,54,,,
2296,1016,100219,306100,1034,35.74885,-78.7745968,25,,,
2092,745,207574,601900,745,35.7463217,-78.8044181,27,,,
2038,688,108929,249400,696,35.7544667,-78.818476,32,,,
2041,749,50452,133100,760,35.7581164,-78.4611865,24,,,
3830,1158,54344,154100,1158,35.760735700000005,-78.4426388,24,,,
801,313,,272000,400,35.7759755,-78.6234324,60,,,
3843,0,,,0,35.7863814,-78.6815334,,,,
378,0,,,0,35.7880688,-78.690408,,,,
506,0,,,0,35.7862773,-78.6689298,,,,
3440,0,,,0,35.7825148,-78.6718938,,,,
938,78,22361,,90,35.7795695,-78.6600422,46,,,
1867,573,24007,275000,638,35.7778937,-78.5943914,35,,,
1254,352,40903,122900,370,35.7630153,-78.5926488,54,,,
866,301,25284,93000,323,35.773292700000006,-78.6088713,51,,,
1858,548,32738,,583,35.745630799999994,-78.6303368,34,,,
1621,542,31864,125000,587,35.7545937,-78.6244242,55,,,
1930,538,46296,152000,562,35.7438855,-78.6100922,40,,,
2859,1151,38692,,1202,35.7631045,-78.6997754,34,,,
2302,965,36495,170800,1057,35.7559605,-78.6979301,27,,,
5142,1528,53952,178800,1619,35.7459374,-78.6859961,18,,,
7813,2690,92222,228900,2732,35.8990819,-78.5225638,11,,,
1891,770,71339,249300,895,35.9216051,-78.4163927,24,,,
3146,1922,84878,280600,2078,35.8955613,-78.798057,11,,,
2286,1502,60926,219100,1697,35.8619251,-78.7194013,17,,,
3275,1526,76961,248700,1697,35.8719588,-78.7381653,18,,,
1943,856,69255,339300,1041,35.8797151,-78.7031104,30,,,
1887,596,65278,152000,676,35.8372869,-78.5669376,22,,,
2949,957,86314,191700,1058,35.8087744,-78.5600613,22,,,
3823,1647,64223,161400,1705,35.8138195,-78.5361338,17,,,
3679,1219,74387,172400,1320,35.823576700000004,-78.5622566,22,,,
5105,1584,68875,178800,1634,35.7819237,-78.5438023,16,,,
1224,427,46723,116000,505,35.7933914,-78.4637582,40,,,
4656,1592,110848,231600,1609,35.8631607,-78.5223234,15,,,
3211,1088,80341,199300,1226,35.865567999999996,-78.491903,23,,,
4462,1426,63857,174100,1450,35.817271500000004,-78.4709733,17,,,
1444,522,41786,175300,522,35.8261708,-78.528742,30,,,
2163,940,66987,211400,1016,35.8082956,-78.5015419,14,,,
3263,1075,62614,150600,1151,35.7654309,-78.5184002,16,,,
1415,484,95500,194700,484,35.7897624,-78.5100956,25,,,
2990,1109,79093,203100,1109,35.7829185,-78.4976326,14,,,
1475,546,49423,136400,590,35.7661025,-78.4857421,30,,,
3108,1028,82386,225400,1028,35.998333,-78.5035363,20,,,
2208,847,54893,162800,943,35.99477520000001,-78.5171473,33,,,
3076,1106,58289,186300,1264,35.9835528,-78.4894537,20,,,
5735,2261,69744,233000,2425,35.966294399999995,-78.5286135,18,,,
9492,3567,99076,368300,4080,35.9571459,-78.5563759,14,,,
7691,3208,57724,271600,3538,35.9390248,-78.5323529,13,,,
1070,452,111806,306000,452,35.89428970000001,-78.6869368,37,,,
1486,798,48005,427800,996,35.8811492,-78.6926662,30,,,
871,511,77054,233300,670,35.880314299999995,-78.6814448,28,,,
1297,588,51064,256300,755,35.857400899999995,-78.648471,43,,,
1826,814,96833,842200,1080,35.83017529999999,-78.6467584,18,,,
2174,970,63776,206700,970,35.801021500000004,-78.547674,18,,,
1630,914,63977,271900,1017,35.7933887,-78.6480011,36,,,
1566,1287,41625,399500,1355,35.784949600000004,-78.6485203,15,,,
1615,646,72132,203400,728,35.8598744,-78.5408889,18,,,
1131,432,56818,136400,446,35.686419799999996,-78.6888315,42,,,
4003,1478,65568,238900,1531,35.608140899999995,-78.7883312,16,,,
3532,1296,72075,202100,1363,35.5861245,-78.8209831,23,,,
3114,1045,80094,226900,1093,35.56310560000001,-78.7877011,14,,,
2551,1026,42589,185500,1026,35.583453000000006,-78.7905173,43,,,
4944,1699,67997,189500,1796,35.571588500000004,-78.8228065,21,,,
2090,748,66875,147300,842,35.5418196,-78.7159988,28,,,
6312,2079,78750,240500,2156,35.5719389,-78.7614167,13,,,
6576,2104,96681,288300,2207,35.6115558,-78.7480074,16,,,
1950,776,58420,191900,776,35.578423799999996,-78.7137778,23,,,
2128,683,125080,198200,751,35.647572,-78.6787649,27,,,
2299,758,83947,177200,833,35.6192532,-78.7080411,26,,,
2283,785,105508,297000,785,35.649442799999996,-78.7312193,21,,,
2342,878,91875,190800,878,35.6656416,-78.7208694,26,,,
7224,2240,118780,379300,2263,35.6470711,-78.7649574,13,,,
4847,1604,135431,347600,1738,35.6788177,-78.7685981,17,,,
2137,687,135536,393500,756,35.6445687,-78.7908948,21,,,
5105,1557,85809,243600,1611,35.6717256,-78.8174506,13,,,
2718,1111,64560,209800,1165,35.6482269,-78.8368211,18,,,
2705,1009,132917,499200,1055,35.72447929999999,-78.8031578,19,,,
2565,825,78472,195800,825,35.6469686,-78.8256071,22,,,
4747,1565,90436,237000,1619,35.61488189999999,-78.8328307,15,,,
2511,873,112458,314300,989,35.6130555,-78.9116757,18,,,
981,539,78304,377400,600,35.726456400000004,-78.7870078,22,,,
4217,1329,82781,233300,1498,35.897175,-78.4666079,14,,,
4798,1587,99006,351000,1601,35.9215971,-78.4840684,11,,,
2839,1000,93859,351700,1048,35.9630049,-78.4488275,21,,,
10624,3387,106661,308000,3518,35.949556,-78.4741562,12,,,
1041,291,52888,99800,291,35.8138619,-78.279789,43,,,
1537,458,50625,118600,458,35.8354615,-78.3856896,36,,,
1206,457,85288,137500,488,35.825424299999995,-78.4443202,41,,,
4281,1677,81641,242700,1743,35.739232200000004,-78.65687,12,,,
3567,1139,54234,181800,1264,35.8002717,-78.3622796,20,,,
1976,795,47521,117900,821,35.8000128,-78.4040985,33,,,
1932,548,41875,175700,548,35.7599224,-78.6495263,61,,,
1980,939,32199,180200,981,35.7462229,-78.6690934,35,,,
16,4,,,4,35.8654838,-78.7490058,,,,
2526,1029,84436,269100,1077,35.9020564,-78.5933382,24,,,
3055,1176,65789,215000,1412,35.881720200000004,-78.5900749,23,,,
2265,1209,45262,140600,1284,35.8718535,-78.5872235,16,,,
3149,1097,59750,153000,1097,35.841172799999995,-78.5392413,22,,,
1330,605,84922,280200,638,35.769796,-78.8103968,31,,,
2649,887,122938,328800,913,35.7640434,-78.8355521,20,,,
1913,621,141910,336100,646,35.776129100000006,-78.8414678,23,,,
1306,429,100363,433300,429,35.7869791,-78.8509515,21,,,
2885,1052,51643,256000,1219,35.7707387,-78.7468185,35,,,
2751,803,37728,32700,876,35.784397600000005,-78.7570667,34,,,
732,295,44489,30700,295,35.78903270000001,-78.7672174,30,,,
1744,870,54188,244600,956,35.865379600000004,-78.6442557,37,,,
3828,1839,73422,224100,2278,35.9116636,-78.7630095,14,,,
2222,795,111726,272400,795,35.9235803,-78.7475217,22,,,
1966,624,128077,290800,624,35.9284203,-78.7476798,24,,,
947,342,157969,403100,367,35.954254,-78.7139069,28,,,
2005,652,156111,388200,776,35.9325307,-78.7304655,22,,,
1899,719,146458,467000,719,35.9266352,-78.7074981,31,,,
1388,778,56125,358800,827,35.8949113,-78.6747184,32,,,
2882,934,140714,332900,952,35.78042979999999,-78.8548019,19,,,
1474,450,149000,379400,450,35.783762,-78.866575,23,,,
2366,874,145781,355500,900,35.7711468,-78.8678289,22,,,
2487,786,126011,303400,786,35.7656395,-78.8499473,22,,,
1007,442,25398,208000,509,35.7704965,-78.6260196,48,,,
1022,340,30072,254500,420,35.7619999,-78.6292916,48,,,
2037,130,27885,,151,35.764726,-78.6217983,61,,,
1256,484,191944,720200,548,35.81501110000001,-78.6479874,63,,,
1030,343,160795,651900,475,35.8182151,-78.6410672,63,,,
2521,993,69271,334200,1005,35.8432686,-78.6214166,46,,,
1727,739,51569,156000,859,35.8358509,-78.6114216,33,,,
838,409,95417,334600,456,35.899474299999994,-78.6704646,33,,,
1792,825,74125,391400,900,35.8944491,-78.6591183,28,,,
1711,851,61490,171700,967,35.8872071,-78.6525575,28,,,
2413,1105,78580,207500,1317,35.878879,-78.712935,27,,,
2566,1082,77121,357600,1280,35.8852225,-78.7220187,17,,,
1004,452,75469,149500,500,35.8685956,-78.7129554,31,,,
2399,814,146842,460600,890,35.954198299999995,-78.6961945,21,,,
3378,1146,137500,507700,1314,35.9791654,-78.6640793,18,,,
1200,409,179688,630400,450,35.956439700000004,-78.6334615,22,,,
1410,475,31143,,507,35.7680205,-78.7866582,39,,,
1901,820,70435,264500,820,35.7954292,-78.7775156,32,,,
2504,1279,48951,221300,1299,35.8074683,-78.7757089,30,,,
1686,513,55190,199000,555,35.7980678,-78.7693193,31,,,
2282,739,122596,339000,739,35.808955299999994,-78.748459,28,,,
1471,565,90208,289400,565,35.815762,-78.7633443,32,,,
2123,855,133203,305200,855,35.8059839,-78.8049535,20,,,
3915,1551,89279,370400,1733,35.81637429999999,-78.8139592,13,,,
3095,1158,120372,532000,1173,35.8001758,-78.8226652,22,,,
2743,1107,85625,493200,1153,35.7932812,-78.813788,20,,,
1514,757,65040,196700,783,35.7846128,-78.8082436,26,,,
2401,954,89750,210700,986,35.7895898,-78.7977376,30,,,
877,281,90912,255700,281,35.781302000000004,-78.8234436,32,,,
2130,862,95726,251800,923,35.7773773,-78.8110967,25,,,
4272,1354,135500,379400,1370,35.8317068,-78.9073267,9,,,
4076,1296,137214,319000,1296,35.831924799999996,-78.8902506,9,,,
4243,1594,110347,397700,1707,35.803783700000004,-78.8618008,16,,,
2240,699,187917,473800,699,35.797183200000006,-78.8530779,14,,,
2694,1002,122083,436200,1034,35.8023518,-78.8438336,20,,,
1658,867,71514,245000,983,35.813668299999996,-78.838178,25,,,
9808,3444,110729,304600,3627,35.8293547,-78.8383306,14,,,
5316,1861,118281,343600,1929,35.8545012,-78.8543914,9,,,
839,397,63750,291700,464,35.853215399999996,-78.8222844,14,,,
673,263,140938,436600,276,35.947888,-78.5968173,32,,,
1908,712,115208,375500,874,35.9369198,-78.6528267,33,,,
1838,799,99861,437300,799,35.907755200000004,-78.6674645,25,,,
2196,773,163688,424900,842,35.922529299999994,-78.6658271,34,,,
1059,384,160000,590600,384,35.912494,-78.6350538,25,,,
1295,456,172813,590400,485,35.899115,-78.6385677,25,,,
1982,731,130104,485600,786,35.93043170000001,-78.6131624,25,,,
690,261,147614,558600,332,35.9079833,-78.6099639,29,,,
1815,621,112375,349300,701,36.027143,-78.587712,19,,,
3548,1138,167206,562500,1176,35.9866777,-78.582352,17,,,
1538,882,31294,158000,1333,35.8660736,-78.6254114,39,,,
1170,578,44968,247300,637,35.8589135,-78.6124148,42,,,
1461,666,56412,139700,686,35.8575646,-78.6043195,34,,,
1013,401,37686,137000,555,35.8524594,-78.6105662,46,,,
1021,392,114483,244000,392,35.8696194,-78.6340327,40,,,
2050,866,70625,295800,943,35.891928899999996,-78.6443817,31,,,
2366,889,34771,74700,918,35.8526074,-78.5757025,34,,,
1330,532,40983,,675,35.8475537,-78.5698811,33,,,
1690,601,102344,285400,601,35.8935286,-78.6067368,36,,,
5981,1901,164323,521000,2080,35.79905720000001,-78.9022951,8,,,
4111,1300,155789,465000,1321,35.7928409,-78.8855933,16,,,
875,225,76750,474600,225,35.7494683,-78.9288365,29,,,
2366,713,127344,426200,765,35.7712759,-78.8872776,16,,,
1154,462,73500,262500,518,35.6836935,-78.9406633,35,,,
1001,274,87446,293400,319,35.7323033,-78.8550084,36,,,
5188,1729,115061,290900,1729,35.724610999999996,-78.883299,18,,,
3398,1119,127240,329700,1160,35.7464381,-78.8829813,19,,,
2649,1114,82715,369700,1245,35.7525821,-78.85737,14,,,
3885,1625,79453,231900,1698,35.707552299999996,-78.868485,12,,,
1854,759,70268,196700,790,35.724169,-78.8334863,26,,,
2439,855,120824,279400,855,35.740637299999996,-78.832774,33,,,
2425,840,120833,301700,840,35.7295717,-78.8252004,,,,
2831,968,94474,248400,998,35.6847757,-78.853371,20,,,
5733,1907,109813,347300,2022,35.6893534,-78.7940717,16,,,
1843,695,127054,296200,695,35.779554299999994,-78.8314138,24,,,
1887,740,99625,519700,791,35.8831775,-78.6144,34,,,
1048,413,113194,345300,421,35.874893799999995,-78.6143402,40,,,
5786,2174,110556,362600,2394,35.91906779999999,-78.5843664,17,,,
3127,1119,140647,378800,1176,35.930457000000004,-78.5700539,14,,,
3269,1262,109375,329400,1336,35.9094408,-78.5686229,15,,,
10032,3254,90075,195600,3455,35.8896386,-78.5463191,15,,,
2386,988,,161700,988,35.8783311,-78.5627823,23,,,
3812,1642,56875,186300,1810,35.864095500000005,-78.5677413,8,,,
1238,567,84844,225500,567,35.896908,-78.5760398,22,,,
2128,992,81094,268700,1083,35.891119700000004,-78.5846903,23,,,
526,218,65833,173300,218,35.787207,-78.7754992,47,,,
1444,642,81974,187200,642,35.7569187,-78.805686,33,,,
976,439,94438,203500,477,35.7692542,-78.8006009,39,,,
1351,597,74156,188100,597,35.7575765,-78.7961768,34,,,
1759,818,67250,297600,845,35.796642,-78.6198695,59,,,
1734,697,106172,633200,836,35.8080673,-78.6794302,54,,,
2725,938,47794,161300,1070,35.7523655,-78.6776078,26,,,
2172,1129,45583,375000,1321,35.879039899999995,-78.6961168,31,,,
1400,569,76607,223000,569,35.774898,-78.7893572,46,,,
1000,556,57839,183200,556,35.8612178,-78.657299,42,,,
1892,872,77391,446600,1036,35.86703789999999,-78.6879058,26,,,
1211,541,47969,464300,584,35.7833944,-78.6290339,67,,,
1447,528,87059,301000,548,35.8618041,-78.3062811,15,,,
898,326,36875,369000,352,35.791443,-78.6359567,17,,,
1564,257,50078,366700,279,35.771134499999995,-78.6404223,37,,,
9677,2972,61146,171800,3045,35.7318957,-78.5350492,14,,,
1785,794,60913,139600,898,35.6926888,-78.6107141,25,,,
3191,1369,63379,243800,1386,35.6569093,-78.5814975,14,,,
2906,974,78214,195400,1062,35.5648205,-78.6648754,18,,,
2848,1087,89309,243800,1136,35.6573701,-78.6383054,20,,,
1831,792,67868,184400,792,35.6067523,-78.6483424,26,,,
1573,706,91389,395300,738,35.7352704,-78.771838,30,,,
2163,706,166875,432000,706,35.7175972,-78.7709014,,,,
1317,419,147798,505000,445,35.7298425,-78.7376253,19,,,
2334,818,78782,245100,854,35.7423228,-78.7154778,28,,,
2183,754,35591,,855,35.729253799999995,-78.6712037,23,,,
1394,844,82727,433300,905,35.79497070000001,-78.6580829,23,,,
3086,1330,93816,385600,1602,35.8356098,-78.7001753,22,,,
886,346,52750,,362,35.7910167,-78.6804078,26,,,
1164,450,77097,482200,532,35.7973018,-78.6642753,38,,,
1368,718,92969,345000,988,35.837633700000005,-78.6316903,11,,,
1790,622,56939,157200,689,35.6922225,-78.6441075,27,,,
2217,678,64932,161500,678,35.853333899999996,-78.5644621,22,,,
1191,593,28658,276800,608,35.7766066,-78.6288392,53,,,
2960,1109,95809,328600,1166,35.8212835,-78.7935419,23,,,
673,357,64911,219200,357,36.0486545,-78.6885327,31,,,
2681,882,56731,375800,968,35.8143441,-78.7005283,41,,,
1713,698,61125,188900,754,35.7837209,-78.6027815,58,,,
2584,984,26814,,1108,35.8409708,-78.6002176,39,,,
2542,999,64420,161800,1020,35.691455100000006,-78.6231964,41,,,
2159,941,78638,277100,1068,35.8065007,-78.7888943,27,,,
1516,509,38295,218500,544,35.772218,-78.6949575,35,,,
2573,916,40546,130800,1012,35.78391920000001,-78.7321681,29,,,
2222,994,48312,193100,1013,35.7822891,-78.7177835,42,,,
615,291,25571,,366,35.7751118,-78.6836754,39,,,
1807,854,81250,470800,1047,35.8244951,-78.7154711,24,,,
2178,902,55893,355000,1084,35.8474024,-78.6771356,24,,,
836,374,59022,290300,397,35.847477500000004,-78.6960546,44,,,
981,455,80265,505600,498,35.8272214,-78.6336457,48,,,
2287,842,58628,143100,950,35.8384527,-78.5859328,39,,,
1447,545,55536,211100,595,35.805616,-78.5955096,32,,,
1657,663,40363,157600,663,35.825137700000006,-78.579089,42,,,
1315,512,34563,119200,522,35.7894125,-78.692471,45,,,
4861,1370,128824,333500,1370,35.925127,-78.5165189,17,,,
2779,1552,56473,119400,1792,35.8734966,-78.6459196,32,,,
1255,481,139338,375700,481,35.8923786,-78.7089271,28,,,
730,228,100096,301300,272,35.8297187,-78.5469286,32,,,
2107,651,83750,224000,735,35.8800513,-78.5163108,19,,,
2592,904,66042,154300,948,35.8532749,-78.4691633,26,,,
2698,1008,88355,187800,1061,35.7859019,-78.5270167,26,,,
2844,1187,53724,149900,1256,35.7933575,-78.4968881,18,,,
3606,1262,128365,361800,1289,35.9998278,-78.5412569,20,,,
2421,976,44400,185200,1110,35.973630799999995,-78.5047612,24,,,
818,240,41875,222600,303,35.9834094,-78.5261164,44,,,
1207,821,38371,190100,821,35.8654789,-78.6132519,32,,,
1595,501,95819,172900,541,35.603860600000004,-78.7132482,22,,,
1417,582,82731,281700,693,35.6442255,-78.7191923,26,,,
2121,666,131071,385300,708,35.6511794,-78.8077312,22,,,
3806,1107,126629,291600,1148,35.661097600000005,-78.8227516,15,,,
3673,1315,101164,272900,1383,35.6262757,-78.8046138,7,,,
7859,2331,118772,333100,2385,35.6486269,-78.8916077,11,,,
1060,332,66111,116700,387,35.8370013,-78.411718,31,,,
1071,350,58281,124700,350,35.8188148,-78.3780743,25,,,
2509,642,36151,124700,642,35.7394619,-78.6454557,47,,,
0,0,,,0,35.870178100000004,-78.7830871,,,,
1024,477,51406,228100,559,35.856229299999995,-78.5905679,31,,,
4959,1452,71071,197200,1536,35.841175799999995,-78.5569801,16,,,
768,344,72000,237500,351,35.7678482,-78.8255128,25,,,
1871,667,139943,364000,721,35.7868847,-78.8405069,22,,,
825,345,86563,230300,389,35.7725336,-78.7566558,43,,,
1455,656,100588,289600,656,35.7632523,-78.7771118,38,,,
1199,524,127500,429000,547,35.744879299999994,-78.7913233,37,,,
2111,800,123625,373900,883,35.902046500000004,-78.7142386,27,,,
1255,434,84722,195700,434,35.780263700000006,-78.7693085,41,,,
1296,502,82794,230200,518,35.763240100000004,-78.8093887,41,,,
2327,947,54844,168100,980,35.769123799999996,-78.792899,33,,,
3461,1216,115588,270600,1216,35.9145905,-78.7449657,22,,,
965,320,126923,395500,356,35.9406386,-78.7095766,26,,,
1945,665,147917,391700,696,35.914317700000005,-78.702281,24,,,
1827,799,69509,326500,951,35.887956,-78.6733165,,,,
1946,585,132386,342700,610,35.7609039,-78.863771,17,,,
942,356,183750,810500,380,35.8265596,-78.6624227,51,,,
4653,2290,65902,298300,2489,35.8044905,-78.7263503,15,,,
662,340,86071,372800,388,35.8894951,-78.6646964,31,,,
6584,2551,105107,272400,2796,35.8979248,-78.7499208,14,,,
1917,922,46364,213000,1229,35.865534600000004,-78.7029196,32,,,
1255,413,171979,475200,445,35.9477005,-78.6824222,26,,,
756,300,123750,625000,300,35.8019096,-78.8352331,25,,,
4194,1809,81955,315700,1987,35.854855900000004,-78.900724,8,,,
6350,1925,117697,290800,2034,35.8445941,-78.8679485,,,,
2577,913,156806,531500,913,35.8116566,-78.8549843,18,,,
7813,3781,82924,375600,4085,35.9121124,-78.7989628,14,,,
967,359,130375,404800,395,35.94593,-78.6194942,27,,,
1333,606,31129,,696,35.846367799999996,-78.5771102,34,,,
6331,2071,151339,461300,2094,35.8090213,-78.9146592,12,,,
3831,1395,145795,399600,1440,35.736765500000004,-78.923884,15,,,
6153,1872,128636,375700,1996,35.7156576,-78.9043886,13,,,
4810,1616,100345,306300,1721,35.7287391,-78.867465,16,,,
3914,1341,115898,336200,1394,35.743261499999996,-78.8589919,18,,,
2753,982,95613,287900,1097,35.732812599999995,-78.8371648,22,,,
729,266,147857,372200,271,35.7363013,-78.8127523,25,,,
5033,1696,87679,257100,1743,35.700600099999996,-78.8209524,16,,,
634,215,136964,288400,238,35.7729567,-78.8252801,27,,,
1213,503,84375,288100,536,35.889828200000004,-78.620786,41,,,
982,379,97991,351000,387,35.870605600000005,-78.6024467,36,,,
1407,496,67414,159700,496,35.922588399999995,-78.5686897,13,,,
1766,474,44798,118900,474,35.8854506,-78.5563234,32,,,
1244,586,43934,136200,586,35.709965600000004,-78.6299282,42,,,
1797,693,31298,74200,950,36.264124200000005,-78.1115616,30,,,
1422,628,33071,71700,729,36.4843874,-78.2298414,33,,,
1321,364,29583,,416,36.4238214,-78.2640078,24,,,
854,354,38194,84700,659,36.478189,-78.2927342,41,,,
2025,513,22102,,718,36.4247206,-78.1460685,40,,,
955,402,35851,117200,527,36.3677545,-78.1200594,39,,,
906,404,53750,339700,1312,36.4927489,-78.05794,24,,,
1251,617,47083,259200,1213,36.463998100000005,-77.957795,27,,,
659,248,40161,88200,480,36.398298499999996,-78.0093232,27,,,
1920,718,29773,88000,834,36.3266498,-78.2566848,34,,,
1118,434,36667,75500,481,36.43192979999999,-78.2096175,61,,,
1140,484,40900,82900,598,36.4938089,-78.1552342,40,,,
1538,614,35294,82100,812,36.382912700000006,-78.1994452,43,,,
1134,531,49205,300500,1356,36.52591760000001,-77.947859,22,,,
1993,776,32250,66800,863,36.299123,-78.0125841,30,,,
906,364,38235,84600,455,35.7901264,-76.6771136,40,,,
764,307,25895,73700,440,35.8882977,-76.4017345,46,,,
564,361,34453,86700,493,35.8800239,-76.4992588,42,,,
645,274,24227,82900,428,35.952844,-76.4366904,40,,,
1150,362,56000,,474,35.9241316,-76.664405,48,,,
584,210,58571,96800,283,35.8586359,-76.7272574,53,,,
840,356,21250,45900,441,35.8383533,-76.7520862,44,,,
308,205,15078,73800,360,35.86603,-76.7459351,59,,,
1149,497,71276,125400,546,35.76261029999999,-76.7776362,36,,,
0,0,,,0,35.9753484,-76.5052734,,,,
798,296,47857,77400,358,35.7419751,-76.4774027,40,,,
1166,510,29333,82000,544,35.890263700000006,-76.7117531,41,,,
691,281,52928,,322,35.9107865,-76.5740462,32,,,
875,346,21618,83600,527,35.8829666,-76.6174739,50,,,
1716,704,21646,81300,787,35.844155,-76.7656959,51,,,
1855,714,41844,159500,1176,36.3168313,-81.6713817,34,,,
1484,550,56019,185300,672,36.2610858,-81.658407,33,,,
1825,650,49359,147000,838,36.325472600000005,-81.784077,32,,,
839,392,41224,176700,648,36.2710661,-81.7885973,44,,,
1380,540,63148,219500,719,36.23436029999999,-81.7784882,26,,,
1057,440,50000,189200,686,36.2272597,-81.7424685,28,,,
1141,523,,242000,751,36.22121,-81.6818463,58,,,
3262,1252,14013,252100,1502,36.2226227,-81.7031011,31,,,
865,290,,229400,534,36.264629799999994,-81.7459846,44,,,
2612,238,9367,,275,36.2148475,-81.6792854,42,,,
4549,697,27284,267000,920,36.2073156,-81.6868252,42,,,
2166,823,51815,216400,1174,36.2514132,-81.5654797,35,,,
1418,652,38088,270700,739,36.2126574,-81.6555318,34,,,
2437,852,18000,341800,1028,36.205253799999994,-81.6642186,40,,,
2185,894,22500,194400,1218,36.1878607,-81.6646795,29,,,
1607,718,58889,192500,997,36.1891318,-81.5158686,27,,,
1795,761,62060,240300,896,36.2235877,-81.6192613,35,,,
1232,533,66741,285600,626,36.202405299999995,-81.623126,29,,,
1293,656,68194,403900,1637,36.149603799999994,-81.6556212,32,,,
1129,571,47163,373900,1989,36.137443100000006,-81.7145124,33,,,
1458,681,39911,235800,1348,36.21578220000001,-81.7966318,27,,,
1200,558,59853,261000,1360,36.1708593,-81.8052366,25,,,
630,317,63393,232700,2083,36.213542700000005,-81.8791644,36,,,
1239,574,59318,178800,780,36.287839700000006,-81.6313193,29,,,
1385,608,44896,212600,746,36.2950104,-81.8562267,28,,,
3177,1186,35484,293300,1588,36.2401831,-81.6698639,25,,,
2425,943,51597,344100,2017,36.183402799999996,-81.7108123,30,,,
1551,633,76950,366800,1446,36.1636068,-81.5904392,23,,,
2907,1194,53056,234700,1569,36.176964399999996,-81.6321668,33,,,
914,426,45743,237500,623,36.2223026,-81.8508737,30,,,
1100,489,51326,257800,935,36.1440693,-81.7646463,37,,,
1330,510,59625,175900,568,35.2780679,-78.1429944,42,,,
1394,620,34342,85700,695,35.3083216,-78.2299174,35,,,
1850,667,60361,108300,753,35.257202500000005,-78.1973519,41,,,
1292,436,26875,71400,558,35.1835322,-78.0717283,52,,,
722,373,31016,87500,464,35.194605100000004,-78.062077,57,,,
789,268,43235,112500,382,35.2026501,-78.0393751,49,,,
849,410,15455,,630,35.3763018,-77.9936953,60,,,
1359,651,43417,101100,762,35.3537976,-77.9976206,51,,,
1324,619,10774,,771,35.394801,-78.0083706,50,,,
896,399,24712,,525,35.3921325,-77.9866815,60,,,
861,389,65087,93400,429,35.5601688,-77.9299605,63,,,
732,291,32031,85000,322,35.5251628,-77.9506624,57,,,
1674,684,37069,89900,716,35.5315439,-77.8488609,41,,,
1573,366,48864,128600,473,35.19791370000001,-78.1105447,46,,,
1318,527,40078,73000,614,35.1879735,-78.0821318,50,,,
490,246,39583,110800,298,35.4066694,-78.0007081,51,,,
1444,537,12277,51800,555,35.382341700000005,-77.9630753,49,,,
1177,605,25648,98300,721,35.3844594,-77.9754865,67,,,
1194,493,,204300,602,35.254604799999996,-77.9342992,28,,,
1003,315,,,365,35.2169345,-77.8677972,28,,,
2742,920,36750,73700,1035,35.227027500000005,-77.9981187,24,,,
1438,232,40700,,246,35.3462816,-77.964363,14,,,
927,337,86161,129100,387,35.3743831,-77.9704997,66,,,
1234,589,15734,94600,617,35.358267299999994,-77.9834167,46,,,
1246,498,45880,121600,529,35.365086700000006,-77.9744703,52,,,
2353,825,27348,60400,925,35.3041404,-78.0040677,29,,,
1651,567,40993,78500,702,35.2963437,-78.0165767,40,,,
2273,893,28125,153400,1004,35.3872255,-77.8323434,32,,,
1576,698,37917,104600,743,35.4086669,-77.8930799,38,,,
1089,449,33607,127800,594,35.3557597,-77.9215954,38,,,
1893,755,41910,82900,856,35.3277855,-77.9373456,29,,,
1600,581,44750,,596,35.3607086,-77.9485826,12,,,
2572,738,44500,,940,35.1906761,-77.9206592,36,,,
1102,373,49886,115500,373,35.31688870000001,-78.0980302,17,,,
1760,801,50551,148100,851,35.3308382,-78.0569918,35,,,
1575,467,25121,64100,515,35.2916499,-78.0430092,41,,,
1641,598,38514,95400,997,35.28539,-78.0762169,31,,,
2738,1024,45330,94800,1127,35.4181003,-78.122684,24,,,
1704,578,41627,154400,672,35.448857700000005,-78.0834473,30,,,
763,309,38287,129400,319,35.399001,-78.0348362,50,,,
1173,351,74632,190900,421,35.4252934,-78.0315516,25,,,
2747,1020,52279,150200,1020,35.3998505,-77.9210893,39,,,
1567,581,56458,137500,595,35.3888745,-77.9341925,24,,,
1702,885,30493,151900,924,35.366612200000006,-77.9413906,44,,,
1887,843,46806,212100,933,35.389910799999996,-77.9463499,40,,,
365,188,25357,,239,35.3820407,-77.9980712,2018,,,
2950,1307,45446,120200,1523,35.4963341,-78.0943141,26,,,
901,353,46042,81700,420,35.560713799999995,-77.9824477,45,,,
1339,490,72600,155000,547,35.5088871,-78.0112736,20,,,
3367,1208,70893,173000,1222,35.470448,-78.0119097,24,,,
3954,1572,63900,147500,1636,35.4400296,-77.8612869,24,,,
2759,1056,40038,152400,1087,35.439832,-77.919061,19,,,
1095,564,45099,111300,604,35.441330799999996,-77.9766505,55,,,
1275,470,70106,168200,507,35.462886700000006,-77.942424,22,,,
5068,1853,73144,174300,1951,35.292063399999996,-77.8568325,23,,,
3301,1412,37817,166600,1532,35.410999,-77.9679404,25,,,
1988,798,23939,115400,861,35.392678499999995,-77.9657021,42,,,
1383,463,29309,,525,35.2891987,-77.968947,41,,,
2174,814,60234,132600,893,35.3754756,-77.8994225,33,,,
1276,505,,118400,621,35.3773773,-77.9839757,69,,,
1922,865,9906,70700,984,35.3695429,-77.9835123,55,,,
582,282,36190,85600,371,35.299012299999994,-78.0297143,45,,,
1656,646,54722,94300,737,35.5566614,-78.0394325,32,,,
3176,1301,68144,204100,1446,35.4441863,-77.9997724,21,,,
3441,1212,47792,88800,1277,35.489459499999995,-77.9225857,25,,,
882,394,32459,,394,35.3368985,-77.863339,29,,,
342,170,,,187,35.345403600000004,-77.9052791,38,,,
1648,584,40323,90400,625,35.2847305,-77.9232581,33,,,
2181,899,34909,78900,910,35.3602177,-78.1076332,36,,,
1994,911,46021,111500,974,35.2408185,-78.087515,40,,,
1277,236,,9999,255,35.3618524,-78.0581879,24,,,
1617,689,46343,110200,740,35.401703399999995,-78.0870489,31,,,
1376,509,85801,157600,597,35.407964299999996,-78.0538389,29,,,
1885,840,61875,135000,932,35.3829808,-77.9204766,26,,,
604,244,26000,66100,353,35.373732399999994,-78.0180737,52,,,
1175,536,43631,137100,850,36.140671000000005,-81.3275489,48,,,
1021,504,24700,69200,556,36.131403999999996,-81.4327904,28,,,
1432,562,52143,114200,978,36.289108299999995,-81.308421,32,,,
1402,585,58133,153000,674,36.218956899999995,-81.1890025,35,,,
1201,398,52167,109600,597,36.338453799999996,-81.1295093,25,,,
669,418,27500,113200,512,36.1606716,-81.1428495,64,,,
520,241,,229300,241,36.1681021,-81.156405,63,,,
1591,591,31123,137700,635,36.2086862,-81.0916728,40,,,
967,576,36071,103900,757,36.2612374,-81.0853394,38,,,
2080,754,30000,150500,805,36.230589,-81.1183144,35,,,
1751,682,42500,93900,727,36.21674960000001,-81.0505441,30,,,
900,374,28587,106400,419,36.204080100000006,-81.1345219,41,,,
1615,622,39063,89200,691,36.1924724,-81.1621832,45,,,
899,402,42262,109600,428,36.188767,-81.1388929,50,,,
1095,466,26691,136000,514,36.3458289,-80.9371531,32,,,
1101,406,33333,59100,605,36.3544907,-81.0153816,42,,,
1540,624,45931,121200,638,36.298394200000004,-81.0210027,40,,,
1579,732,32905,120500,815,36.1449896,-81.1554343,46,,,
1212,525,30528,103000,566,36.1655793,-81.0938604,33,,,
976,412,43611,79100,467,36.1459958,-81.1238374,54,,,
1957,653,49894,141100,722,36.16725220000001,-80.896463,42,,,
1125,578,58032,132300,725,36.116304,-81.0224556,37,,,
1145,396,50893,220000,410,36.077876399999994,-81.0605421,25,,,
1190,469,31319,144000,578,36.308774799999995,-81.1720267,39,,,
1293,489,19771,117400,535,36.2228908,-81.1552506,52,,,
830,359,48977,129900,359,36.251495899999995,-80.89588,51,,,
1280,576,46250,140500,618,36.269300799999996,-80.9698651,43,,,
986,493,29519,107800,556,36.228326,-81.0014461,40,,,
965,436,29853,93600,466,36.170746799999996,-81.2061193,47,,,
1049,422,21413,96500,437,36.1561121,-81.179154,43,,,
978,482,31250,133600,848,36.2429518,-81.3917716,41,,,
2523,1241,50087,205300,1335,36.1216545,-81.1449274,37,,,
1909,707,45440,168000,773,36.1204604,-81.1826894,40,,,
1613,663,34777,124600,671,36.2016299,-81.2103691,32,,,
1831,744,27005,96700,847,36.2062096,-81.2668954,35,,,
1431,603,39539,153800,686,36.162256799999994,-81.2223872,42,,,
1507,574,35938,120200,648,36.1636774,-81.2684019,43,,,
647,268,52500,145400,292,36.1392175,-81.2419497,40,,,
2400,1100,44104,141400,1346,36.1058167,-81.2453801,32,,,
1112,361,77713,105800,489,36.115373999999996,-80.9423784,29,,,
2082,881,,101500,999,36.1719878,-81.0188235,35,,,
1381,549,45804,121500,565,36.2510685,-81.1631157,33,,,
1250,437,58588,164100,592,36.2831719,-81.2375539,30,,,
1015,405,17746,,481,36.177423700000006,-81.1263095,43,,,
2041,762,51339,111100,827,36.3052111,-80.8998093,41,,,
1352,559,39861,111700,758,36.1770906,-81.1822532,46,,,
1171,525,43709,146600,600,36.05239279999999,-81.2226917,38,,,
1043,432,66250,294900,482,36.064469,-81.1459391,26,,,
1325,439,43203,138800,458,36.236053999999996,-80.9351503,46,,,
770,238,34936,93900,320,36.2694761,-80.8845435,60,,,
708,361,37098,79700,485,36.2113371,-81.2354974,41,,,
962,392,31250,131500,532,36.17227329999999,-81.2396954,33,,,
863,351,32260,94900,565,36.053486799999995,-81.3221743,39,,,
1045,420,30000,69800,539,35.7266468,-77.9187292,46,,,
1245,390,20957,,563,35.718967,-77.9161573,53,,,
550,371,27039,70300,441,35.7235235,-77.8998746,52,,,
2058,691,25888,96200,762,35.7166805,-77.852244,34,,,
1135,340,20912,44100,364,35.7304771,-77.8952129,60,,,
829,369,67292,101800,437,35.6849811,-77.956353,37,,,
1042,341,44821,68900,361,35.6171104,-77.9128451,34,,,
796,283,23682,68500,312,35.741791,-77.9055362,61,,,
943,348,18788,,392,35.7470648,-77.9122053,42,,,
903,409,40583,101700,456,35.741439899999996,-77.9156135,60,,,
1191,434,38229,74800,469,35.7009763,-77.8345462,41,,,
559,241,45139,86900,354,35.73532720000001,-77.7665087,37,,,
904,213,,83100,291,35.7348345,-77.9129098,73,,,
703,393,10174,56300,497,35.7124695,-77.9098819,51,,,
499,196,17838,68300,316,35.713375899999996,-77.9006897,61,,,
763,335,38304,115700,397,35.6814282,-77.7330747,42,,,
897,318,47000,80400,370,35.6349827,-77.7919899,47,,,
1459,651,40819,90500,678,35.7895098,-77.832315,51,,,
1670,702,35286,106600,747,35.825005600000004,-77.7926663,35,,,
1646,718,19032,31500,784,35.7095777,-77.8945631,39,,,
1183,357,37441,93400,370,35.6817263,-77.8661058,39,,,
1011,421,40208,106700,522,35.657906700000005,-78.1326148,31,,,
825,295,65568,145500,308,35.653862700000005,-78.0803987,38,,,
1266,428,35469,79800,524,35.6432389,-77.9993892,30,,,
1125,447,55625,104600,527,35.6122216,-78.0045414,33,,,
1089,495,15740,75900,541,35.7247861,-77.9299422,58,,,
3561,1610,39318,124900,1649,35.7141718,-77.9557577,28,,,
2558,1008,53782,119800,1098,35.7273981,-77.9409224,36,,,
3390,1346,103077,222300,1439,35.8055348,-77.9322078,25,,,
1212,430,27689,53300,568,35.718027299999996,-77.9299067,62,,,
2087,762,83011,165100,852,35.71598839999999,-78.0998487,26,,,
2321,933,52056,130100,968,35.7493722,-78.0669008,30,,,
1054,390,24397,64400,503,35.7109425,-77.9228069,64,,,
2069,885,73295,173000,945,35.7413627,-77.9294882,62,,,
1715,720,75787,186300,753,35.7398174,-77.9485453,43,,,
483,216,76700,145600,216,35.756278,-77.9361702,42,,,
1396,502,86000,172300,502,35.7463323,-77.9565924,36,,,
282,125,22417,87300,137,35.7172005,-77.9037816,57,,,
1605,688,37222,87900,792,35.6218585,-77.8490015,42,,,
887,376,53934,86800,441,35.731245799999996,-77.9223007,65,,,
1004,542,38092,97400,917,35.7176215,-77.8938881,41,,,
2433,787,42426,91800,807,35.6417102,-77.9308815,31,,,
4064,1706,59737,163800,1823,35.7679834,-77.906714,25,,,
1341,490,56019,188100,490,35.748102200000005,-77.9218366,51,,,
1846,643,47375,92300,740,35.7527919,-77.8024956,31,,,
857,415,37708,120700,433,35.792916999999996,-77.8904418,43,,,
861,278,24074,60000,374,35.7313467,-77.9071317,63,,,
1419,509,41162,94100,532,35.8284951,-77.8821765,36,,,
1167,383,34006,92200,458,35.6786121,-77.9009356,41,,,
1756,462,42337,97500,529,35.6130326,-78.0826317,33,,,
1466,623,44261,92100,766,35.673463299999995,-78.0089242,35,,,
910,462,31667,94900,462,35.716074,-77.9397458,37,,,
5936,2364,54414,145600,2485,35.763359,-77.9813383,18,,,
1153,451,33965,114900,522,35.731277500000004,-78.0061283,30,,,
3167,1416,46667,158700,1482,35.7591267,-77.9472192,29,,,
493,261,48250,95300,342,36.1395955,-80.7872022,40,,,
1325,492,33500,118500,593,36.102186100000004,-80.8510369,38,,,
1560,691,31914,105800,730,36.252382700000005,-80.7196561,43,,,
1096,452,44423,104300,522,36.2056634,-80.6645902,44,,,
1583,720,38667,99700,882,36.080236799999994,-80.5710087,34,,,
1068,373,51339,93300,396,36.0749128,-80.6409346,36,,,
2535,1004,49423,164200,1168,36.1686666,-80.4851725,31,,,
1092,427,28813,167000,436,36.1972035,-80.5181443,40,,,
2500,941,47760,123500,1030,36.232976799999996,-80.504168,32,,,
822,330,42738,114500,380,36.2428864,-80.5585852,36,,,
975,433,35208,161800,514,36.254374600000006,-80.6139002,43,,,
2048,908,56304,155100,1015,36.1898638,-80.6081831,36,,,
1243,547,47014,161500,579,36.1585045,-80.6409198,41,,,
1308,580,45208,139800,614,36.1284376,-80.6236458,45,,,
1561,569,51275,113200,621,36.1506842,-80.6980797,40,,,
1064,466,38333,143800,511,36.0905361,-80.6655083,36,,,
1614,672,33900,143000,732,36.1269407,-80.6760082,39,,,
876,344,51282,114400,360,36.207474600000005,-80.8541683,40,,,
967,375,32841,91400,450,36.229778700000004,-80.8669571,53,,,
801,360,21458,116100,442,36.24136729999999,-80.8328526,61,,,
833,311,52031,88700,438,36.228857700000006,-80.8262838,45,,,
1720,787,30089,137200,836,36.1796202,-80.8284881,38,,,
1194,471,38933,99600,536,36.1346523,-80.7370258,44,,,
2048,824,50294,132800,927,36.0782851,-80.7439601,28,,,
880,328,42625,121300,366,36.082885600000004,-80.8094353,25,,,
1794,734,34412,118800,845,36.2034419,-80.7455304,46,,,
1807,690,55833,146200,778,36.140156,-80.5737642,33,,,
858,358,41512,112800,358,36.2252285,-80.7899055,35,,,
748,263,36172,134400,335,36.0047927,-82.3313443,30,,,
862,361,59844,126300,497,35.9713346,-82.2615177,36,,,
1695,705,55846,171000,1069,36.0168093,-82.4021748,39,,,
1404,579,42480,115000,777,35.8765321,-82.405907,32,,,
1126,506,38750,241200,909,35.948764000000004,-82.4426204,28,,,
1721,751,33317,106100,1409,35.873149,-82.3272335,27,,,
1459,662,38800,121800,978,35.8160681,-82.2904902,36,,,
1655,650,33250,120500,1221,35.8000473,-82.2309945,32,,,
858,418,25500,109300,611,35.9655859,-82.2240908,41,,,
1030,392,31250,133000,471,35.912582799999996,-82.1702621,41,,,
1281,608,26894,133000,767,35.945334499999994,-82.2937698,39,,,
1643,613,43359,174300,787,35.9319835,-82.3232117,44,,,
2185,894,44474,161700,1380,35.845358000000004,-82.1759183,33,,,
